file,projectId,sourceModule,sourceModuleUuid,sourceInterface,sourceInterfaceUuid,sourceType,targetModule,targetModuleUuid,targetInterface,targetInterfaceUuid,targetType
proj_990c9e2f_packed.cmodel,proj_d38b2ed4,driver-left,82bd967322c54e888ef9aaf9752aded0,CAN_1,98fc774977934e07901ec799b7bffdaa,CAN,MainController,30ce17ed495f40a6b90d85158c1d6f08,CAN_2,2ea0552b5a294d0e9945bec1137530ea,CAN
proj_990c9e2f_packed.cmodel,proj_d38b2ed4,driver-left,82bd967322c54e888ef9aaf9752aded0,LINE_1,8dd9d94bb87c4b578c653b4edc461c97,LINE,motor-left,13e6b0ff93bc49e2a89a214744cae88b,LINE_1,a04a03ca08d945cb8d01e2af8214e097,LINE
proj_990c9e2f_packed.cmodel,proj_d38b2ed4,driver-left,82bd967322c54e888ef9aaf9752aded0,ENCR_1,322245d559a54878a3dc6e305d4dfca7,ENCR,motor-left,13e6b0ff93bc49e2a89a214744cae88b,ENCR_1,1a181dc1be834800b49c0873ffe4c7a7,ENCR
proj_990c9e2f_packed.cmodel,proj_d38b2ed4,driver-right,c42343264c884ff2a0ca3fee8fc81997,CAN_1,1b34489764f14cb29d94b43d7157132a,CAN,MainController,30ce17ed495f40a6b90d85158c1d6f08,CAN_2,2ea0552b5a294d0e9945bec1137530ea,CAN
proj_990c9e2f_packed.cmodel,proj_d38b2ed4,driver-right,c42343264c884ff2a0ca3fee8fc81997,LINE_1,47c1cac505c9455ca8fb712c095798d0,LINE,motor-right,639dde0162a3442489651066aaf9cdc7,LINE_1,c8e329d1f55c4146952c13724d31dcb0,LINE
proj_990c9e2f_packed.cmodel,proj_d38b2ed4,driver-right,c42343264c884ff2a0ca3fee8fc81997,ENCR_1,1667de5c5b1e426db53afb3e419fb006,ENCR,motor-right,639dde0162a3442489651066aaf9cdc7,ENCR_1,464a96a51d25407a91f2c961b30d9412,ENCR
proj_990c9e2f_packed.cmodel,proj_d38b2ed4,driver-lift,baa1c9403ec24ad4924283322ff4af95,CAN_1,ca2f4db3796447d0ab8f0f620095bd77,CAN,MainController,30ce17ed495f40a6b90d85158c1d6f08,CAN_2,2ea0552b5a294d0e9945bec1137530ea,CAN
proj_990c9e2f_packed.cmodel,proj_d38b2ed4,driver-lift,baa1c9403ec24ad4924283322ff4af95,LINE_1,3b957ea46b27441c80e0112123e2bc36,LINE,motor-lift,2dce6a0eb00c48ad9e16b1ab111a5de1,LINE_1,404c201670604c8c91da332f683e4598,LINE
proj_990c9e2f_packed.cmodel,proj_d38b2ed4,driver-lift,baa1c9403ec24ad4924283322ff4af95,ENCR_1,71159e54ffe743fda65a868fca9ee1ca,ENCR,motor-lift,2dce6a0eb00c48ad9e16b1ab111a5de1,ENCR_1,6c4b0e925ddb4a2492a766f8dbc44ca0,ENCR
proj_990c9e2f_packed.cmodel,proj_d38b2ed4,button-emc,82c4bc5d93dd40bfafc57e81773a6173,DO_1,f916b38c40384d2f87e3d112f8b89364,DO,IO module,07719f03c3634193aed300c01012bff3,DI_1,96ae90e3139e49fcbd2e19f46077159f,DI
proj_990c9e2f_packed.cmodel,proj_d38b2ed4,lamp,d2001a74c8b14cc8a6d67c8c4dca15c3,DI_1,f1cb8e9d1b55441fbad461ea95c7addb,DI,IO module,07719f03c3634193aed300c01012bff3,DO_1,749fe2b61a9c412db8b9110c0b1565c8,DO
proj_990c9e2f_packed.cmodel,proj_d38b2ed4,lamp,d2001a74c8b14cc8a6d67c8c4dca15c3,DI_2,b249fb92ed564a96bd8bc3047cbb29e5,DI,IO module,07719f03c3634193aed300c01012bff3,DO_2,028817e7eb5848069b3b179c16c966c8,DO
proj_990c9e2f_packed.cmodel,proj_d38b2ed4,lamp,d2001a74c8b14cc8a6d67c8c4dca15c3,DI_3,3ecc311d62ef4d9d86492b837a28d392,DI,IO module,07719f03c3634193aed300c01012bff3,DO_3,e0b750687eed407f8f3a8410186b38de,DO
proj_990c9e2f_packed.cmodel,proj_d38b2ed4,charger,b55630cb09d44f65ad482e9202714f1b,DI_1,f1196b3c6b4a4f799178668e4c6bc536,DI,IO module,07719f03c3634193aed300c01012bff3,DO_4,567fb65b09a544e4a6064f8861ae6962,DO
proj_990c9e2f_packed.cmodel,proj_d38b2ed4,MainController,30ce17ed495f40a6b90d85158c1d6f08,CAN_3,1b899f8c4907479490c373180475bda3,CAN,IO module,07719f03c3634193aed300c01012bff3,CAN_1,643edc5a6bcd4ec693ca70c48303c0e6,CAN
proj_990c9e2f_packed.cmodel,proj_d38b2ed4,MainController,30ce17ed495f40a6b90d85158c1d6f08,ETH_1,1df5209ef25d410a913824a04fbf1c3d,ETH,MainController,30ce17ed495f40a6b90d85158c1d6f08,ETH_1,1df5209ef25d410a913824a04fbf1c3d,ETH
proj_990c9e2f_packed.cmodel,proj_d38b2ed4,MainController,30ce17ed495f40a6b90d85158c1d6f08,ETH_1,1df5209ef25d410a913824a04fbf1c3d,ETH,MainController,30ce17ed495f40a6b90d85158c1d6f08,ETH_2,5f05424e8d8c4a9a979a821d85e58248,ETH
proj_990c9e2f_packed.cmodel,proj_d38b2ed4,MainController,30ce17ed495f40a6b90d85158c1d6f08,ETH_1,1df5209ef25d410a913824a04fbf1c3d,ETH,MainController,30ce17ed495f40a6b90d85158c1d6f08,ETH_3,f8174a537b9843dabfd0619be5bd2f11,ETH
proj_990c9e2f_packed.cmodel,proj_d38b2ed4,MainController,30ce17ed495f40a6b90d85158c1d6f08,ETH_1,1df5209ef25d410a913824a04fbf1c3d,ETH,smart camera,349a2134e3494755a776854914f78c83,ETH_1,86b04af5fa9944819a700cfdcaa8aed9,ETH
proj_990c9e2f_packed.cmodel,proj_d38b2ed4,MainController,30ce17ed495f40a6b90d85158c1d6f08,ETH_1,1df5209ef25d410a913824a04fbf1c3d,ETH,smart camera0,5cd062a3b2df4938b1c1a06a61645f1f,ETH_1,e79146c5a1054196b4a9e877109a8367,ETH
proj_990c9e2f_packed.cmodel,proj_d38b2ed4,MainController,30ce17ed495f40a6b90d85158c1d6f08,ETH_1,1df5209ef25d410a913824a04fbf1c3d,ETH,laser-front,820decb04dd74f6480b7b9e6c8a2f7d8,ETH_1,28d197cffaff4f61b438bea3c487856d,ETH
proj_990c9e2f_packed.cmodel,proj_d38b2ed4,IO module,07719f03c3634193aed300c01012bff3,DI_2,3848b724a8b84ca9800a3256b3cc6a88,DI,up_sensor,a72279a85df345aba809eed5c2369108,DO_1,35640c7f74ea4490810f9a39eb1bc14c,DO
proj_990c9e2f_packed.cmodel,proj_d38b2ed4,IO module,07719f03c3634193aed300c01012bff3,DI_3,619f6a413586418a8f4f92948449710b,DI,down_sensor,3cc65206187a4fb08c223ed77ddcf4c3,DO_1,cbf54ad302a94863bae83bcae4a49a5b,DO
proj_500d130d_packed.cmodel,proj_b1829d90,driver-left,82bd967322c54e888ef9aaf9752aded0,CAN_1,98fc774977934e07901ec799b7bffdaa,CAN,MainController,30ce17ed495f40a6b90d85158c1d6f08,CAN_2,2ea0552b5a294d0e9945bec1137530ea,CAN
proj_500d130d_packed.cmodel,proj_b1829d90,driver-left,82bd967322c54e888ef9aaf9752aded0,LINE_1,8dd9d94bb87c4b578c653b4edc461c97,LINE,motor-left,13e6b0ff93bc49e2a89a214744cae88b,LINE_1,a04a03ca08d945cb8d01e2af8214e097,LINE
proj_500d130d_packed.cmodel,proj_b1829d90,driver-left,82bd967322c54e888ef9aaf9752aded0,ENCR_1,322245d559a54878a3dc6e305d4dfca7,ENCR,motor-left,13e6b0ff93bc49e2a89a214744cae88b,ENCR_1,1a181dc1be834800b49c0873ffe4c7a7,ENCR
proj_500d130d_packed.cmodel,proj_b1829d90,driver-right,c42343264c884ff2a0ca3fee8fc81997,CAN_1,1b34489764f14cb29d94b43d7157132a,CAN,MainController,30ce17ed495f40a6b90d85158c1d6f08,CAN_2,2ea0552b5a294d0e9945bec1137530ea,CAN
proj_500d130d_packed.cmodel,proj_b1829d90,driver-right,c42343264c884ff2a0ca3fee8fc81997,LINE_1,47c1cac505c9455ca8fb712c095798d0,LINE,motor-right,639dde0162a3442489651066aaf9cdc7,LINE_1,c8e329d1f55c4146952c13724d31dcb0,LINE
proj_500d130d_packed.cmodel,proj_b1829d90,driver-right,c42343264c884ff2a0ca3fee8fc81997,ENCR_1,1667de5c5b1e426db53afb3e419fb006,ENCR,motor-right,639dde0162a3442489651066aaf9cdc7,ENCR_1,464a96a51d25407a91f2c961b30d9412,ENCR
proj_500d130d_packed.cmodel,proj_b1829d90,driver-lift,baa1c9403ec24ad4924283322ff4af95,CAN_1,ca2f4db3796447d0ab8f0f620095bd77,CAN,MainController,30ce17ed495f40a6b90d85158c1d6f08,CAN_2,2ea0552b5a294d0e9945bec1137530ea,CAN
proj_500d130d_packed.cmodel,proj_b1829d90,driver-lift,baa1c9403ec24ad4924283322ff4af95,LINE_1,3b957ea46b27441c80e0112123e2bc36,LINE,motor-lift,2dce6a0eb00c48ad9e16b1ab111a5de1,LINE_1,404c201670604c8c91da332f683e4598,LINE
proj_500d130d_packed.cmodel,proj_b1829d90,driver-lift,baa1c9403ec24ad4924283322ff4af95,ENCR_1,71159e54ffe743fda65a868fca9ee1ca,ENCR,motor-lift,2dce6a0eb00c48ad9e16b1ab111a5de1,ENCR_1,6c4b0e925ddb4a2492a766f8dbc44ca0,ENCR
proj_500d130d_packed.cmodel,proj_b1829d90,button-emc,82c4bc5d93dd40bfafc57e81773a6173,DO_1,f916b38c40384d2f87e3d112f8b89364,DO,IO module,07719f03c3634193aed300c01012bff3,DI_1,96ae90e3139e49fcbd2e19f46077159f,DI
proj_500d130d_packed.cmodel,proj_b1829d90,lamp,d2001a74c8b14cc8a6d67c8c4dca15c3,DI_1,f1cb8e9d1b55441fbad461ea95c7addb,DI,IO module,07719f03c3634193aed300c01012bff3,DO_1,749fe2b61a9c412db8b9110c0b1565c8,DO
proj_500d130d_packed.cmodel,proj_b1829d90,lamp,d2001a74c8b14cc8a6d67c8c4dca15c3,DI_2,b249fb92ed564a96bd8bc3047cbb29e5,DI,IO module,07719f03c3634193aed300c01012bff3,DO_2,028817e7eb5848069b3b179c16c966c8,DO
proj_500d130d_packed.cmodel,proj_b1829d90,lamp,d2001a74c8b14cc8a6d67c8c4dca15c3,DI_3,3ecc311d62ef4d9d86492b837a28d392,DI,IO module,07719f03c3634193aed300c01012bff3,DO_3,e0b750687eed407f8f3a8410186b38de,DO
proj_500d130d_packed.cmodel,proj_b1829d90,charger,b55630cb09d44f65ad482e9202714f1b,DI_1,f1196b3c6b4a4f799178668e4c6bc536,DI,IO module,07719f03c3634193aed300c01012bff3,DO_4,567fb65b09a544e4a6064f8861ae6962,DO
proj_500d130d_packed.cmodel,proj_b1829d90,MainController,30ce17ed495f40a6b90d85158c1d6f08,CAN_3,1b899f8c4907479490c373180475bda3,CAN,IO module,07719f03c3634193aed300c01012bff3,CAN_1,643edc5a6bcd4ec693ca70c48303c0e6,CAN
proj_500d130d_packed.cmodel,proj_b1829d90,MainController,30ce17ed495f40a6b90d85158c1d6f08,ETH_1,1df5209ef25d410a913824a04fbf1c3d,ETH,MainController,30ce17ed495f40a6b90d85158c1d6f08,ETH_1,1df5209ef25d410a913824a04fbf1c3d,ETH
proj_500d130d_packed.cmodel,proj_b1829d90,MainController,30ce17ed495f40a6b90d85158c1d6f08,ETH_1,1df5209ef25d410a913824a04fbf1c3d,ETH,MainController,30ce17ed495f40a6b90d85158c1d6f08,ETH_2,5f05424e8d8c4a9a979a821d85e58248,ETH
proj_500d130d_packed.cmodel,proj_b1829d90,MainController,30ce17ed495f40a6b90d85158c1d6f08,ETH_1,1df5209ef25d410a913824a04fbf1c3d,ETH,MainController,30ce17ed495f40a6b90d85158c1d6f08,ETH_3,f8174a537b9843dabfd0619be5bd2f11,ETH
proj_500d130d_packed.cmodel,proj_b1829d90,MainController,30ce17ed495f40a6b90d85158c1d6f08,ETH_1,1df5209ef25d410a913824a04fbf1c3d,ETH,smart camera,349a2134e3494755a776854914f78c83,ETH_1,86b04af5fa9944819a700cfdcaa8aed9,ETH
proj_500d130d_packed.cmodel,proj_b1829d90,MainController,30ce17ed495f40a6b90d85158c1d6f08,ETH_1,1df5209ef25d410a913824a04fbf1c3d,ETH,smart camera0,5cd062a3b2df4938b1c1a06a61645f1f,ETH_1,e79146c5a1054196b4a9e877109a8367,ETH
proj_500d130d_packed.cmodel,proj_b1829d90,MainController,30ce17ed495f40a6b90d85158c1d6f08,ETH_1,1df5209ef25d410a913824a04fbf1c3d,ETH,laser-front,820decb04dd74f6480b7b9e6c8a2f7d8,ETH_1,28d197cffaff4f61b438bea3c487856d,ETH
proj_500d130d_packed.cmodel,proj_b1829d90,IO module,07719f03c3634193aed300c01012bff3,DI_2,3848b724a8b84ca9800a3256b3cc6a88,DI,up_sensor,a72279a85df345aba809eed5c2369108,DO_1,35640c7f74ea4490810f9a39eb1bc14c,DO
proj_500d130d_packed.cmodel,proj_b1829d90,IO module,07719f03c3634193aed300c01012bff3,DI_3,619f6a413586418a8f4f92948449710b,DI,down_sensor,3cc65206187a4fb08c223ed77ddcf4c3,DO_1,cbf54ad302a94863bae83bcae4a49a5b,DO
proj_2c6f8136_packed.cmodel,proj_3e8c4011,driver-left,82bd967322c54e888ef9aaf9752aded0,CAN_1,98fc774977934e07901ec799b7bffdaa,CAN,MainController,30ce17ed495f40a6b90d85158c1d6f08,CAN_2,2ea0552b5a294d0e9945bec1137530ea,CAN
proj_2c6f8136_packed.cmodel,proj_3e8c4011,driver-left,82bd967322c54e888ef9aaf9752aded0,LINE_1,8dd9d94bb87c4b578c653b4edc461c97,LINE,motor-left,13e6b0ff93bc49e2a89a214744cae88b,LINE_1,a04a03ca08d945cb8d01e2af8214e097,LINE
proj_2c6f8136_packed.cmodel,proj_3e8c4011,driver-left,82bd967322c54e888ef9aaf9752aded0,ENCR_1,322245d559a54878a3dc6e305d4dfca7,ENCR,motor-left,13e6b0ff93bc49e2a89a214744cae88b,ENCR_1,1a181dc1be834800b49c0873ffe4c7a7,ENCR
proj_2c6f8136_packed.cmodel,proj_3e8c4011,driver-right,c42343264c884ff2a0ca3fee8fc81997,CAN_1,1b34489764f14cb29d94b43d7157132a,CAN,MainController,30ce17ed495f40a6b90d85158c1d6f08,CAN_2,2ea0552b5a294d0e9945bec1137530ea,CAN
proj_2c6f8136_packed.cmodel,proj_3e8c4011,driver-right,c42343264c884ff2a0ca3fee8fc81997,LINE_1,47c1cac505c9455ca8fb712c095798d0,LINE,motor-right,639dde0162a3442489651066aaf9cdc7,LINE_1,c8e329d1f55c4146952c13724d31dcb0,LINE
proj_2c6f8136_packed.cmodel,proj_3e8c4011,driver-right,c42343264c884ff2a0ca3fee8fc81997,ENCR_1,1667de5c5b1e426db53afb3e419fb006,ENCR,motor-right,639dde0162a3442489651066aaf9cdc7,ENCR_1,464a96a51d25407a91f2c961b30d9412,ENCR
proj_2c6f8136_packed.cmodel,proj_3e8c4011,driver-lift,baa1c9403ec24ad4924283322ff4af95,CAN_1,ca2f4db3796447d0ab8f0f620095bd77,CAN,MainController,30ce17ed495f40a6b90d85158c1d6f08,CAN_2,2ea0552b5a294d0e9945bec1137530ea,CAN
proj_2c6f8136_packed.cmodel,proj_3e8c4011,driver-lift,baa1c9403ec24ad4924283322ff4af95,LINE_1,3b957ea46b27441c80e0112123e2bc36,LINE,motor-lift,2dce6a0eb00c48ad9e16b1ab111a5de1,LINE_1,404c201670604c8c91da332f683e4598,LINE
proj_2c6f8136_packed.cmodel,proj_3e8c4011,driver-lift,baa1c9403ec24ad4924283322ff4af95,ENCR_1,71159e54ffe743fda65a868fca9ee1ca,ENCR,motor-lift,2dce6a0eb00c48ad9e16b1ab111a5de1,ENCR_1,6c4b0e925ddb4a2492a766f8dbc44ca0,ENCR
proj_2c6f8136_packed.cmodel,proj_3e8c4011,button-emc,82c4bc5d93dd40bfafc57e81773a6173,DO_1,f916b38c40384d2f87e3d112f8b89364,DO,IO module,07719f03c3634193aed300c01012bff3,DI_1,96ae90e3139e49fcbd2e19f46077159f,DI
proj_2c6f8136_packed.cmodel,proj_3e8c4011,lamp,d2001a74c8b14cc8a6d67c8c4dca15c3,DI_1,f1cb8e9d1b55441fbad461ea95c7addb,DI,IO module,07719f03c3634193aed300c01012bff3,DO_1,749fe2b61a9c412db8b9110c0b1565c8,DO
proj_2c6f8136_packed.cmodel,proj_3e8c4011,lamp,d2001a74c8b14cc8a6d67c8c4dca15c3,DI_2,b249fb92ed564a96bd8bc3047cbb29e5,DI,IO module,07719f03c3634193aed300c01012bff3,DO_2,028817e7eb5848069b3b179c16c966c8,DO
proj_2c6f8136_packed.cmodel,proj_3e8c4011,lamp,d2001a74c8b14cc8a6d67c8c4dca15c3,DI_3,3ecc311d62ef4d9d86492b837a28d392,DI,IO module,07719f03c3634193aed300c01012bff3,DO_3,e0b750687eed407f8f3a8410186b38de,DO
proj_2c6f8136_packed.cmodel,proj_3e8c4011,charger,b55630cb09d44f65ad482e9202714f1b,DI_1,f1196b3c6b4a4f799178668e4c6bc536,DI,IO module,07719f03c3634193aed300c01012bff3,DO_4,567fb65b09a544e4a6064f8861ae6962,DO
proj_2c6f8136_packed.cmodel,proj_3e8c4011,MainController,30ce17ed495f40a6b90d85158c1d6f08,CAN_3,1b899f8c4907479490c373180475bda3,CAN,IO module,07719f03c3634193aed300c01012bff3,CAN_1,643edc5a6bcd4ec693ca70c48303c0e6,CAN
proj_2c6f8136_packed.cmodel,proj_3e8c4011,MainController,30ce17ed495f40a6b90d85158c1d6f08,ETH_1,1df5209ef25d410a913824a04fbf1c3d,ETH,MainController,30ce17ed495f40a6b90d85158c1d6f08,ETH_1,1df5209ef25d410a913824a04fbf1c3d,ETH
proj_2c6f8136_packed.cmodel,proj_3e8c4011,MainController,30ce17ed495f40a6b90d85158c1d6f08,ETH_1,1df5209ef25d410a913824a04fbf1c3d,ETH,MainController,30ce17ed495f40a6b90d85158c1d6f08,ETH_2,5f05424e8d8c4a9a979a821d85e58248,ETH
proj_2c6f8136_packed.cmodel,proj_3e8c4011,MainController,30ce17ed495f40a6b90d85158c1d6f08,ETH_1,1df5209ef25d410a913824a04fbf1c3d,ETH,MainController,30ce17ed495f40a6b90d85158c1d6f08,ETH_3,f8174a537b9843dabfd0619be5bd2f11,ETH
proj_2c6f8136_packed.cmodel,proj_3e8c4011,MainController,30ce17ed495f40a6b90d85158c1d6f08,ETH_1,1df5209ef25d410a913824a04fbf1c3d,ETH,smart camera,349a2134e3494755a776854914f78c83,ETH_1,86b04af5fa9944819a700cfdcaa8aed9,ETH
proj_2c6f8136_packed.cmodel,proj_3e8c4011,MainController,30ce17ed495f40a6b90d85158c1d6f08,ETH_1,1df5209ef25d410a913824a04fbf1c3d,ETH,smart camera0,5cd062a3b2df4938b1c1a06a61645f1f,ETH_1,e79146c5a1054196b4a9e877109a8367,ETH
proj_2c6f8136_packed.cmodel,proj_3e8c4011,MainController,30ce17ed495f40a6b90d85158c1d6f08,ETH_1,1df5209ef25d410a913824a04fbf1c3d,ETH,laser-front,820decb04dd74f6480b7b9e6c8a2f7d8,ETH_1,28d197cffaff4f61b438bea3c487856d,ETH
proj_2c6f8136_packed.cmodel,proj_3e8c4011,IO module,07719f03c3634193aed300c01012bff3,DI_2,3848b724a8b84ca9800a3256b3cc6a88,DI,up_sensor,a72279a85df345aba809eed5c2369108,DO_1,35640c7f74ea4490810f9a39eb1bc14c,DO
proj_2c6f8136_packed.cmodel,proj_3e8c4011,IO module,07719f03c3634193aed300c01012bff3,DI_3,619f6a413586418a8f4f92948449710b,DI,down_sensor,3cc65206187a4fb08c223ed77ddcf4c3,DO_1,cbf54ad302a94863bae83bcae4a49a5b,DO
proj_38a0e8f7_packed.cmodel,proj_e0ab2a79,driver-left,82bd967322c54e888ef9aaf9752aded0,CAN_1,98fc774977934e07901ec799b7bffdaa,CAN,MainController,30ce17ed495f40a6b90d85158c1d6f08,CAN_2,2ea0552b5a294d0e9945bec1137530ea,CAN
proj_38a0e8f7_packed.cmodel,proj_e0ab2a79,driver-left,82bd967322c54e888ef9aaf9752aded0,LINE_1,8dd9d94bb87c4b578c653b4edc461c97,LINE,motor-left,13e6b0ff93bc49e2a89a214744cae88b,LINE_1,a04a03ca08d945cb8d01e2af8214e097,LINE
proj_38a0e8f7_packed.cmodel,proj_e0ab2a79,driver-left,82bd967322c54e888ef9aaf9752aded0,ENCR_1,322245d559a54878a3dc6e305d4dfca7,ENCR,motor-left,13e6b0ff93bc49e2a89a214744cae88b,ENCR_1,1a181dc1be834800b49c0873ffe4c7a7,ENCR
proj_38a0e8f7_packed.cmodel,proj_e0ab2a79,driver-right,c42343264c884ff2a0ca3fee8fc81997,CAN_1,1b34489764f14cb29d94b43d7157132a,CAN,MainController,30ce17ed495f40a6b90d85158c1d6f08,CAN_2,2ea0552b5a294d0e9945bec1137530ea,CAN
proj_38a0e8f7_packed.cmodel,proj_e0ab2a79,driver-right,c42343264c884ff2a0ca3fee8fc81997,LINE_1,47c1cac505c9455ca8fb712c095798d0,LINE,motor-right,639dde0162a3442489651066aaf9cdc7,LINE_1,c8e329d1f55c4146952c13724d31dcb0,LINE
proj_38a0e8f7_packed.cmodel,proj_e0ab2a79,driver-right,c42343264c884ff2a0ca3fee8fc81997,ENCR_1,1667de5c5b1e426db53afb3e419fb006,ENCR,motor-right,639dde0162a3442489651066aaf9cdc7,ENCR_1,464a96a51d25407a91f2c961b30d9412,ENCR
proj_38a0e8f7_packed.cmodel,proj_e0ab2a79,driver-lift,baa1c9403ec24ad4924283322ff4af95,CAN_1,ca2f4db3796447d0ab8f0f620095bd77,CAN,MainController,30ce17ed495f40a6b90d85158c1d6f08,CAN_2,2ea0552b5a294d0e9945bec1137530ea,CAN
proj_38a0e8f7_packed.cmodel,proj_e0ab2a79,driver-lift,baa1c9403ec24ad4924283322ff4af95,LINE_1,3b957ea46b27441c80e0112123e2bc36,LINE,motor-lift,2dce6a0eb00c48ad9e16b1ab111a5de1,LINE_1,404c201670604c8c91da332f683e4598,LINE
proj_38a0e8f7_packed.cmodel,proj_e0ab2a79,driver-lift,baa1c9403ec24ad4924283322ff4af95,ENCR_1,71159e54ffe743fda65a868fca9ee1ca,ENCR,motor-lift,2dce6a0eb00c48ad9e16b1ab111a5de1,ENCR_1,6c4b0e925ddb4a2492a766f8dbc44ca0,ENCR
proj_38a0e8f7_packed.cmodel,proj_e0ab2a79,button-emc,82c4bc5d93dd40bfafc57e81773a6173,DO_1,f916b38c40384d2f87e3d112f8b89364,DO,IO module,07719f03c3634193aed300c01012bff3,DI_1,96ae90e3139e49fcbd2e19f46077159f,DI
proj_38a0e8f7_packed.cmodel,proj_e0ab2a79,lamp,d2001a74c8b14cc8a6d67c8c4dca15c3,DI_1,f1cb8e9d1b55441fbad461ea95c7addb,DI,IO module,07719f03c3634193aed300c01012bff3,DO_1,749fe2b61a9c412db8b9110c0b1565c8,DO
proj_38a0e8f7_packed.cmodel,proj_e0ab2a79,lamp,d2001a74c8b14cc8a6d67c8c4dca15c3,DI_2,b249fb92ed564a96bd8bc3047cbb29e5,DI,IO module,07719f03c3634193aed300c01012bff3,DO_2,028817e7eb5848069b3b179c16c966c8,DO
proj_38a0e8f7_packed.cmodel,proj_e0ab2a79,lamp,d2001a74c8b14cc8a6d67c8c4dca15c3,DI_3,3ecc311d62ef4d9d86492b837a28d392,DI,IO module,07719f03c3634193aed300c01012bff3,DO_3,e0b750687eed407f8f3a8410186b38de,DO
proj_38a0e8f7_packed.cmodel,proj_e0ab2a79,charger,b55630cb09d44f65ad482e9202714f1b,DI_1,f1196b3c6b4a4f799178668e4c6bc536,DI,IO module,07719f03c3634193aed300c01012bff3,DO_4,567fb65b09a544e4a6064f8861ae6962,DO
proj_38a0e8f7_packed.cmodel,proj_e0ab2a79,MainController,30ce17ed495f40a6b90d85158c1d6f08,CAN_3,1b899f8c4907479490c373180475bda3,CAN,IO module,07719f03c3634193aed300c01012bff3,CAN_1,643edc5a6bcd4ec693ca70c48303c0e6,CAN
proj_38a0e8f7_packed.cmodel,proj_e0ab2a79,MainController,30ce17ed495f40a6b90d85158c1d6f08,ETH_1,1df5209ef25d410a913824a04fbf1c3d,ETH,MainController,30ce17ed495f40a6b90d85158c1d6f08,ETH_1,1df5209ef25d410a913824a04fbf1c3d,ETH
proj_38a0e8f7_packed.cmodel,proj_e0ab2a79,MainController,30ce17ed495f40a6b90d85158c1d6f08,ETH_1,1df5209ef25d410a913824a04fbf1c3d,ETH,MainController,30ce17ed495f40a6b90d85158c1d6f08,ETH_2,5f05424e8d8c4a9a979a821d85e58248,ETH
proj_38a0e8f7_packed.cmodel,proj_e0ab2a79,MainController,30ce17ed495f40a6b90d85158c1d6f08,ETH_1,1df5209ef25d410a913824a04fbf1c3d,ETH,MainController,30ce17ed495f40a6b90d85158c1d6f08,ETH_3,f8174a537b9843dabfd0619be5bd2f11,ETH
proj_38a0e8f7_packed.cmodel,proj_e0ab2a79,MainController,30ce17ed495f40a6b90d85158c1d6f08,ETH_1,1df5209ef25d410a913824a04fbf1c3d,ETH,smart camera,349a2134e3494755a776854914f78c83,ETH_1,86b04af5fa9944819a700cfdcaa8aed9,ETH
proj_38a0e8f7_packed.cmodel,proj_e0ab2a79,MainController,30ce17ed495f40a6b90d85158c1d6f08,ETH_1,1df5209ef25d410a913824a04fbf1c3d,ETH,smart camera0,5cd062a3b2df4938b1c1a06a61645f1f,ETH_1,e79146c5a1054196b4a9e877109a8367,ETH
proj_38a0e8f7_packed.cmodel,proj_e0ab2a79,MainController,30ce17ed495f40a6b90d85158c1d6f08,ETH_1,1df5209ef25d410a913824a04fbf1c3d,ETH,laser-front,820decb04dd74f6480b7b9e6c8a2f7d8,ETH_1,28d197cffaff4f61b438bea3c487856d,ETH
proj_38a0e8f7_packed.cmodel,proj_e0ab2a79,IO module,07719f03c3634193aed300c01012bff3,DI_2,3848b724a8b84ca9800a3256b3cc6a88,DI,up_sensor,a72279a85df345aba809eed5c2369108,DO_1,35640c7f74ea4490810f9a39eb1bc14c,DO
proj_38a0e8f7_packed.cmodel,proj_e0ab2a79,IO module,07719f03c3634193aed300c01012bff3,DI_3,619f6a413586418a8f4f92948449710b,DI,down_sensor,3cc65206187a4fb08c223ed77ddcf4c3,DO_1,cbf54ad302a94863bae83bcae4a49a5b,DO
proj_7f617f18_packed.cmodel,proj_16a6f619,driver-left,82bd967322c54e888ef9aaf9752aded0,CAN_1,98fc774977934e07901ec799b7bffdaa,CAN,MainController,30ce17ed495f40a6b90d85158c1d6f08,CAN_2,2ea0552b5a294d0e9945bec1137530ea,CAN
proj_7f617f18_packed.cmodel,proj_16a6f619,driver-left,82bd967322c54e888ef9aaf9752aded0,LINE_1,8dd9d94bb87c4b578c653b4edc461c97,LINE,motor-left,13e6b0ff93bc49e2a89a214744cae88b,LINE_1,a04a03ca08d945cb8d01e2af8214e097,LINE
proj_7f617f18_packed.cmodel,proj_16a6f619,driver-left,82bd967322c54e888ef9aaf9752aded0,ENCR_1,322245d559a54878a3dc6e305d4dfca7,ENCR,motor-left,13e6b0ff93bc49e2a89a214744cae88b,ENCR_1,1a181dc1be834800b49c0873ffe4c7a7,ENCR
proj_7f617f18_packed.cmodel,proj_16a6f619,driver-right,c42343264c884ff2a0ca3fee8fc81997,CAN_1,1b34489764f14cb29d94b43d7157132a,CAN,MainController,30ce17ed495f40a6b90d85158c1d6f08,CAN_2,2ea0552b5a294d0e9945bec1137530ea,CAN
proj_7f617f18_packed.cmodel,proj_16a6f619,driver-right,c42343264c884ff2a0ca3fee8fc81997,LINE_1,47c1cac505c9455ca8fb712c095798d0,LINE,motor-right,639dde0162a3442489651066aaf9cdc7,LINE_1,c8e329d1f55c4146952c13724d31dcb0,LINE
proj_7f617f18_packed.cmodel,proj_16a6f619,driver-right,c42343264c884ff2a0ca3fee8fc81997,ENCR_1,1667de5c5b1e426db53afb3e419fb006,ENCR,motor-right,639dde0162a3442489651066aaf9cdc7,ENCR_1,464a96a51d25407a91f2c961b30d9412,ENCR
proj_7f617f18_packed.cmodel,proj_16a6f619,driver-lift,baa1c9403ec24ad4924283322ff4af95,CAN_1,ca2f4db3796447d0ab8f0f620095bd77,CAN,MainController,30ce17ed495f40a6b90d85158c1d6f08,CAN_2,2ea0552b5a294d0e9945bec1137530ea,CAN
proj_7f617f18_packed.cmodel,proj_16a6f619,driver-lift,baa1c9403ec24ad4924283322ff4af95,LINE_1,3b957ea46b27441c80e0112123e2bc36,LINE,motor-lift,2dce6a0eb00c48ad9e16b1ab111a5de1,LINE_1,404c201670604c8c91da332f683e4598,LINE
proj_7f617f18_packed.cmodel,proj_16a6f619,driver-lift,baa1c9403ec24ad4924283322ff4af95,ENCR_1,71159e54ffe743fda65a868fca9ee1ca,ENCR,motor-lift,2dce6a0eb00c48ad9e16b1ab111a5de1,ENCR_1,6c4b0e925ddb4a2492a766f8dbc44ca0,ENCR
proj_7f617f18_packed.cmodel,proj_16a6f619,button-emc,82c4bc5d93dd40bfafc57e81773a6173,DO_1,f916b38c40384d2f87e3d112f8b89364,DO,IO module,07719f03c3634193aed300c01012bff3,DI_1,96ae90e3139e49fcbd2e19f46077159f,DI
proj_7f617f18_packed.cmodel,proj_16a6f619,lamp,d2001a74c8b14cc8a6d67c8c4dca15c3,DI_1,f1cb8e9d1b55441fbad461ea95c7addb,DI,IO module,07719f03c3634193aed300c01012bff3,DO_1,749fe2b61a9c412db8b9110c0b1565c8,DO
proj_7f617f18_packed.cmodel,proj_16a6f619,lamp,d2001a74c8b14cc8a6d67c8c4dca15c3,DI_2,b249fb92ed564a96bd8bc3047cbb29e5,DI,IO module,07719f03c3634193aed300c01012bff3,DO_2,028817e7eb5848069b3b179c16c966c8,DO
proj_7f617f18_packed.cmodel,proj_16a6f619,lamp,d2001a74c8b14cc8a6d67c8c4dca15c3,DI_3,3ecc311d62ef4d9d86492b837a28d392,DI,IO module,07719f03c3634193aed300c01012bff3,DO_3,e0b750687eed407f8f3a8410186b38de,DO
proj_7f617f18_packed.cmodel,proj_16a6f619,charger,b55630cb09d44f65ad482e9202714f1b,DI_1,f1196b3c6b4a4f799178668e4c6bc536,DI,IO module,07719f03c3634193aed300c01012bff3,DO_4,567fb65b09a544e4a6064f8861ae6962,DO
proj_7f617f18_packed.cmodel,proj_16a6f619,MainController,30ce17ed495f40a6b90d85158c1d6f08,CAN_3,1b899f8c4907479490c373180475bda3,CAN,IO module,07719f03c3634193aed300c01012bff3,CAN_1,643edc5a6bcd4ec693ca70c48303c0e6,CAN
proj_7f617f18_packed.cmodel,proj_16a6f619,MainController,30ce17ed495f40a6b90d85158c1d6f08,ETH_1,1df5209ef25d410a913824a04fbf1c3d,ETH,MainController,30ce17ed495f40a6b90d85158c1d6f08,ETH_1,1df5209ef25d410a913824a04fbf1c3d,ETH
proj_7f617f18_packed.cmodel,proj_16a6f619,MainController,30ce17ed495f40a6b90d85158c1d6f08,ETH_1,1df5209ef25d410a913824a04fbf1c3d,ETH,MainController,30ce17ed495f40a6b90d85158c1d6f08,ETH_2,5f05424e8d8c4a9a979a821d85e58248,ETH
proj_7f617f18_packed.cmodel,proj_16a6f619,MainController,30ce17ed495f40a6b90d85158c1d6f08,ETH_1,1df5209ef25d410a913824a04fbf1c3d,ETH,MainController,30ce17ed495f40a6b90d85158c1d6f08,ETH_3,f8174a537b9843dabfd0619be5bd2f11,ETH
proj_7f617f18_packed.cmodel,proj_16a6f619,MainController,30ce17ed495f40a6b90d85158c1d6f08,ETH_1,1df5209ef25d410a913824a04fbf1c3d,ETH,smart camera,349a2134e3494755a776854914f78c83,ETH_1,86b04af5fa9944819a700cfdcaa8aed9,ETH
proj_7f617f18_packed.cmodel,proj_16a6f619,MainController,30ce17ed495f40a6b90d85158c1d6f08,ETH_1,1df5209ef25d410a913824a04fbf1c3d,ETH,smart camera0,5cd062a3b2df4938b1c1a06a61645f1f,ETH_1,e79146c5a1054196b4a9e877109a8367,ETH
proj_7f617f18_packed.cmodel,proj_16a6f619,MainController,30ce17ed495f40a6b90d85158c1d6f08,ETH_1,1df5209ef25d410a913824a04fbf1c3d,ETH,laser-front,820decb04dd74f6480b7b9e6c8a2f7d8,ETH_1,28d197cffaff4f61b438bea3c487856d,ETH
proj_7f617f18_packed.cmodel,proj_16a6f619,IO module,07719f03c3634193aed300c01012bff3,DI_2,3848b724a8b84ca9800a3256b3cc6a88,DI,up_sensor,a72279a85df345aba809eed5c2369108,DO_1,35640c7f74ea4490810f9a39eb1bc14c,DO
proj_7f617f18_packed.cmodel,proj_16a6f619,IO module,07719f03c3634193aed300c01012bff3,DI_3,619f6a413586418a8f4f92948449710b,DI,down_sensor,3cc65206187a4fb08c223ed77ddcf4c3,DO_1,cbf54ad302a94863bae83bcae4a49a5b,DO
proj_1d29c4df_packed.cmodel,proj_9c4f4a56,driver-left,82bd967322c54e888ef9aaf9752aded0,CAN_1,98fc774977934e07901ec799b7bffdaa,CAN,MainController,30ce17ed495f40a6b90d85158c1d6f08,CAN_2,2ea0552b5a294d0e9945bec1137530ea,CAN
proj_1d29c4df_packed.cmodel,proj_9c4f4a56,driver-left,82bd967322c54e888ef9aaf9752aded0,LINE_1,8dd9d94bb87c4b578c653b4edc461c97,LINE,motor-left,13e6b0ff93bc49e2a89a214744cae88b,LINE_1,a04a03ca08d945cb8d01e2af8214e097,LINE
proj_1d29c4df_packed.cmodel,proj_9c4f4a56,driver-left,82bd967322c54e888ef9aaf9752aded0,ENCR_1,322245d559a54878a3dc6e305d4dfca7,ENCR,motor-left,13e6b0ff93bc49e2a89a214744cae88b,ENCR_1,1a181dc1be834800b49c0873ffe4c7a7,ENCR
proj_1d29c4df_packed.cmodel,proj_9c4f4a56,driver-right,c42343264c884ff2a0ca3fee8fc81997,CAN_1,1b34489764f14cb29d94b43d7157132a,CAN,MainController,30ce17ed495f40a6b90d85158c1d6f08,CAN_2,2ea0552b5a294d0e9945bec1137530ea,CAN
proj_1d29c4df_packed.cmodel,proj_9c4f4a56,driver-right,c42343264c884ff2a0ca3fee8fc81997,LINE_1,47c1cac505c9455ca8fb712c095798d0,LINE,motor-right,639dde0162a3442489651066aaf9cdc7,LINE_1,c8e329d1f55c4146952c13724d31dcb0,LINE
proj_1d29c4df_packed.cmodel,proj_9c4f4a56,driver-right,c42343264c884ff2a0ca3fee8fc81997,ENCR_1,1667de5c5b1e426db53afb3e419fb006,ENCR,motor-right,639dde0162a3442489651066aaf9cdc7,ENCR_1,464a96a51d25407a91f2c961b30d9412,ENCR
proj_1d29c4df_packed.cmodel,proj_9c4f4a56,driver-lift,baa1c9403ec24ad4924283322ff4af95,CAN_1,ca2f4db3796447d0ab8f0f620095bd77,CAN,MainController,30ce17ed495f40a6b90d85158c1d6f08,CAN_2,2ea0552b5a294d0e9945bec1137530ea,CAN
proj_1d29c4df_packed.cmodel,proj_9c4f4a56,driver-lift,baa1c9403ec24ad4924283322ff4af95,LINE_1,3b957ea46b27441c80e0112123e2bc36,LINE,motor-lift,2dce6a0eb00c48ad9e16b1ab111a5de1,LINE_1,404c201670604c8c91da332f683e4598,LINE
proj_1d29c4df_packed.cmodel,proj_9c4f4a56,driver-lift,baa1c9403ec24ad4924283322ff4af95,ENCR_1,71159e54ffe743fda65a868fca9ee1ca,ENCR,motor-lift,2dce6a0eb00c48ad9e16b1ab111a5de1,ENCR_1,6c4b0e925ddb4a2492a766f8dbc44ca0,ENCR
proj_1d29c4df_packed.cmodel,proj_9c4f4a56,button-emc,82c4bc5d93dd40bfafc57e81773a6173,DO_1,f916b38c40384d2f87e3d112f8b89364,DO,IO module,07719f03c3634193aed300c01012bff3,DI_1,96ae90e3139e49fcbd2e19f46077159f,DI
proj_1d29c4df_packed.cmodel,proj_9c4f4a56,lamp,d2001a74c8b14cc8a6d67c8c4dca15c3,DI_1,f1cb8e9d1b55441fbad461ea95c7addb,DI,IO module,07719f03c3634193aed300c01012bff3,DO_1,749fe2b61a9c412db8b9110c0b1565c8,DO
proj_1d29c4df_packed.cmodel,proj_9c4f4a56,lamp,d2001a74c8b14cc8a6d67c8c4dca15c3,DI_2,b249fb92ed564a96bd8bc3047cbb29e5,DI,IO module,07719f03c3634193aed300c01012bff3,DO_2,028817e7eb5848069b3b179c16c966c8,DO
proj_1d29c4df_packed.cmodel,proj_9c4f4a56,lamp,d2001a74c8b14cc8a6d67c8c4dca15c3,DI_3,3ecc311d62ef4d9d86492b837a28d392,DI,IO module,07719f03c3634193aed300c01012bff3,DO_3,e0b750687eed407f8f3a8410186b38de,DO
proj_1d29c4df_packed.cmodel,proj_9c4f4a56,charger,b55630cb09d44f65ad482e9202714f1b,DI_1,f1196b3c6b4a4f799178668e4c6bc536,DI,IO module,07719f03c3634193aed300c01012bff3,DO_4,567fb65b09a544e4a6064f8861ae6962,DO
proj_1d29c4df_packed.cmodel,proj_9c4f4a56,MainController,30ce17ed495f40a6b90d85158c1d6f08,CAN_3,1b899f8c4907479490c373180475bda3,CAN,IO module,07719f03c3634193aed300c01012bff3,CAN_1,643edc5a6bcd4ec693ca70c48303c0e6,CAN
proj_1d29c4df_packed.cmodel,proj_9c4f4a56,MainController,30ce17ed495f40a6b90d85158c1d6f08,ETH_1,1df5209ef25d410a913824a04fbf1c3d,ETH,MainController,30ce17ed495f40a6b90d85158c1d6f08,ETH_1,1df5209ef25d410a913824a04fbf1c3d,ETH
proj_1d29c4df_packed.cmodel,proj_9c4f4a56,MainController,30ce17ed495f40a6b90d85158c1d6f08,ETH_1,1df5209ef25d410a913824a04fbf1c3d,ETH,MainController,30ce17ed495f40a6b90d85158c1d6f08,ETH_2,5f05424e8d8c4a9a979a821d85e58248,ETH
proj_1d29c4df_packed.cmodel,proj_9c4f4a56,MainController,30ce17ed495f40a6b90d85158c1d6f08,ETH_1,1df5209ef25d410a913824a04fbf1c3d,ETH,MainController,30ce17ed495f40a6b90d85158c1d6f08,ETH_3,f8174a537b9843dabfd0619be5bd2f11,ETH
proj_1d29c4df_packed.cmodel,proj_9c4f4a56,MainController,30ce17ed495f40a6b90d85158c1d6f08,ETH_1,1df5209ef25d410a913824a04fbf1c3d,ETH,smart camera,349a2134e3494755a776854914f78c83,ETH_1,86b04af5fa9944819a700cfdcaa8aed9,ETH
proj_1d29c4df_packed.cmodel,proj_9c4f4a56,MainController,30ce17ed495f40a6b90d85158c1d6f08,ETH_1,1df5209ef25d410a913824a04fbf1c3d,ETH,smart camera0,5cd062a3b2df4938b1c1a06a61645f1f,ETH_1,e79146c5a1054196b4a9e877109a8367,ETH
proj_1d29c4df_packed.cmodel,proj_9c4f4a56,MainController,30ce17ed495f40a6b90d85158c1d6f08,ETH_1,1df5209ef25d410a913824a04fbf1c3d,ETH,laser-front,820decb04dd74f6480b7b9e6c8a2f7d8,ETH_1,28d197cffaff4f61b438bea3c487856d,ETH
proj_1d29c4df_packed.cmodel,proj_9c4f4a56,IO module,07719f03c3634193aed300c01012bff3,DI_2,3848b724a8b84ca9800a3256b3cc6a88,DI,up_sensor,a72279a85df345aba809eed5c2369108,DO_1,35640c7f74ea4490810f9a39eb1bc14c,DO
proj_1d29c4df_packed.cmodel,proj_9c4f4a56,IO module,07719f03c3634193aed300c01012bff3,DI_3,619f6a413586418a8f4f92948449710b,DI,down_sensor,3cc65206187a4fb08c223ed77ddcf4c3,DO_1,cbf54ad302a94863bae83bcae4a49a5b,DO
proj_8b800f1b_packed.cmodel,proj_673863ac,driver_BR_left,2578fcd3a0dc46f6bb9291e728046619,CAN_1,f6c23797169348b090bc701625f19ac6,CAN,MainController,1393d6e420b447efb2b74dec43fc8857,CAN_2,01bdbf7242a74f04a89cf96cfb49835d,CAN
proj_8b800f1b_packed.cmodel,proj_673863ac,driver_BR_left,2578fcd3a0dc46f6bb9291e728046619,LINE_1,115c01decf594001ba32434e272ea883,LINE,motor_BR_left,a6f20fb7a6044377b5560fae2c46fcae,LINE_1,946dc4dbd6e44457a0f61694846acf21,LINE
proj_8b800f1b_packed.cmodel,proj_673863ac,driver_BR_left,2578fcd3a0dc46f6bb9291e728046619,ENCR_1,1b37a0ebdb9d4872870501ef715c4c35,ENCR,motor_BR_left,a6f20fb7a6044377b5560fae2c46fcae,ENCR_1,f70d25185a6340a6b5e1f636fd0d776e,ENCR
proj_8b800f1b_packed.cmodel,proj_673863ac,driver_BR_right,50785cd68f6b46cbb0e1a4e138311b36,CAN_1,61261bfd8fee4912b2a44003e30e0d75,CAN,MainController,1393d6e420b447efb2b74dec43fc8857,CAN_2,01bdbf7242a74f04a89cf96cfb49835d,CAN
proj_8b800f1b_packed.cmodel,proj_673863ac,driver_BR_right,50785cd68f6b46cbb0e1a4e138311b36,LINE_1,8f75713e80484893b4fc471306b66c97,LINE,motor_BR_right,3ce4e55a955543b6a5309fc08cc8abea,LINE_1,562cd0f0a6bd47d196ebcf95e525e777,LINE
proj_8b800f1b_packed.cmodel,proj_673863ac,driver_BR_right,50785cd68f6b46cbb0e1a4e138311b36,ENCR_1,625fc926461a49f9b3a800efa5cb9932,ENCR,motor_BR_right,3ce4e55a955543b6a5309fc08cc8abea,ENCR_1,fc9e188da3444e7c87953a2ea1258e08,ENCR
proj_8b800f1b_packed.cmodel,proj_673863ac,BR_Encoder,4b5392e7b3f6478cbc9c9e661e709617,CAN_1,7c1539acf1264e2d8828085833d1f800,CAN,MainController,1393d6e420b447efb2b74dec43fc8857,CAN_3,b188441d876a42608b0144ca77abf6ca,CAN
proj_8b800f1b_packed.cmodel,proj_673863ac,driver_FL_right,25530f4dbb3343f287f0116b976e8bf8,CAN_1,9ee587a7abc84ccda58e6fd9f45025f5,CAN,MainController,1393d6e420b447efb2b74dec43fc8857,CAN_2,01bdbf7242a74f04a89cf96cfb49835d,CAN
proj_8b800f1b_packed.cmodel,proj_673863ac,driver_FL_right,25530f4dbb3343f287f0116b976e8bf8,LINE_1,45896b813dbb4d61be36f92b2e9141f9,LINE,motor_FL_right,7a7d3ff53be149e293f0eb03de13d5d0,LINE_1,625f8e28e91c4369b2a0e90da105fe05,LINE
proj_8b800f1b_packed.cmodel,proj_673863ac,driver_FL_right,25530f4dbb3343f287f0116b976e8bf8,ENCR_1,045021089b494fc5801c78ee5e257e01,ENCR,motor_FL_right,7a7d3ff53be149e293f0eb03de13d5d0,ENCR_1,acbbc9719d9c45e1bd29478217c5b23e,ENCR
proj_8b800f1b_packed.cmodel,proj_673863ac,driver_FL_left,806c17a8259846eab16878155559ec25,CAN_1,cff2f50a99de4b4aa8d710024b848dbe,CAN,MainController,1393d6e420b447efb2b74dec43fc8857,CAN_2,01bdbf7242a74f04a89cf96cfb49835d,CAN
proj_8b800f1b_packed.cmodel,proj_673863ac,driver_FL_left,806c17a8259846eab16878155559ec25,LINE_1,8bf5bf41571b42a3867938885c0a4812,LINE,motor_FL_left,a640fbe578e9421b9fb9574fca9a6efd,LINE_1,a0ab0e1bacd341a4915235eb29d4bcb2,LINE
proj_8b800f1b_packed.cmodel,proj_673863ac,driver_FL_left,806c17a8259846eab16878155559ec25,ENCR_1,4c60556056894cb385e0de14dc3b883c,ENCR,motor_FL_left,a640fbe578e9421b9fb9574fca9a6efd,ENCR_1,67a524a3bf894388a14c20747dc72b24,ENCR
proj_8b800f1b_packed.cmodel,proj_673863ac,FL_Encoder,5a21bb43a5524307ab59a5d4a62095d8,CAN_1,1f62fe6b74924967a78de2f22e474667,CAN,MainController,1393d6e420b447efb2b74dec43fc8857,CAN_3,b188441d876a42608b0144ca77abf6ca,CAN
proj_8b800f1b_packed.cmodel,proj_673863ac,MainController,1393d6e420b447efb2b74dec43fc8857,RS485_1,91bd53cb95b041ffa1faca92b5cd1f3c,RS485,battery,8263cf18dfd5445fb9559edb78e1f0e8,RS485_1,80709990ae524e228c9ac99e280931f7,RS485
proj_8b800f1b_packed.cmodel,proj_673863ac,MainController,1393d6e420b447efb2b74dec43fc8857,RS485_2,b2ff46a2a2a748528d67ee25a0641009,RS485,screen,2304dff692824935b83c27116dcb099a,RS485_1,8b7e24a14eba40e59f7d90f69a998019,RS485
proj_8b800f1b_packed.cmodel,proj_673863ac,MainController,1393d6e420b447efb2b74dec43fc8857,CAN_2,01bdbf7242a74f04a89cf96cfb49835d,CAN,driver_DoorFrame,b29206124e7949eabd2f002b850a25c4,CAN_1,3b7fd0188bb6428ca80ad33bd8248c74,CAN
proj_8b800f1b_packed.cmodel,proj_673863ac,MainController,1393d6e420b447efb2b74dec43fc8857,CAN_3,b188441d876a42608b0144ca77abf6ca,CAN,IO module,db0ce767a9c24eda874b8845e03ecfe1,CAN_1,5d6d855beb6146d590e197a6701c315b,CAN
proj_8b800f1b_packed.cmodel,proj_673863ac,MainController,1393d6e420b447efb2b74dec43fc8857,CAN_3,b188441d876a42608b0144ca77abf6ca,CAN,IO module0,4d96da68ce984898882901cf44903402,CAN_1,fdefdc77ead44a01aa54bc9a2e952b05,CAN
proj_8b800f1b_packed.cmodel,proj_673863ac,MainController,1393d6e420b447efb2b74dec43fc8857,CAN_3,b188441d876a42608b0144ca77abf6ca,CAN,DoorFrame_Encoder,909c99cb46734793bc14bcbf29450f02,CAN_1,aaeb70ee9b954158a0f6186d9449859f,CAN
proj_8b800f1b_packed.cmodel,proj_673863ac,MainController,1393d6e420b447efb2b74dec43fc8857,CAN_3,b188441d876a42608b0144ca77abf6ca,CAN,UpDown_Encoder,1954ffbafe1047d08679ae1a0f724b4d,CAN_1,e41996db4b3341bb8e60a72d7f1f59a8,CAN
proj_8b800f1b_packed.cmodel,proj_673863ac,MainController,1393d6e420b447efb2b74dec43fc8857,CAN_3,b188441d876a42608b0144ca77abf6ca,CAN,incEncoder,c486d1d47fbf4cc1be28b335a34d6a66,CAN_1,2e566f03ea84459c86f3da4fafef097e,CAN
proj_8b800f1b_packed.cmodel,proj_673863ac,MainController,1393d6e420b447efb2b74dec43fc8857,ETH_1,010700cc459f41eaa084ab46b4b5831a,ETH,MainController,1393d6e420b447efb2b74dec43fc8857,ETH_1,010700cc459f41eaa084ab46b4b5831a,ETH
proj_8b800f1b_packed.cmodel,proj_673863ac,MainController,1393d6e420b447efb2b74dec43fc8857,ETH_1,010700cc459f41eaa084ab46b4b5831a,ETH,MainController,1393d6e420b447efb2b74dec43fc8857,ETH_2,fd57f73288034f48a7b7f2f65defacfd,ETH
proj_8b800f1b_packed.cmodel,proj_673863ac,MainController,1393d6e420b447efb2b74dec43fc8857,ETH_1,010700cc459f41eaa084ab46b4b5831a,ETH,MainController,1393d6e420b447efb2b74dec43fc8857,ETH_3,33fd24e3026442d4b45467a68974011e,ETH
proj_8b800f1b_packed.cmodel,proj_673863ac,MainController,1393d6e420b447efb2b74dec43fc8857,ETH_1,010700cc459f41eaa084ab46b4b5831a,ETH,smart camera,3b2829d4c4654b61b784be5eb124139a,ETH_1,9f33e44a134e479596d018b80316c024,ETH
proj_8b800f1b_packed.cmodel,proj_673863ac,MainController,1393d6e420b447efb2b74dec43fc8857,ETH_1,010700cc459f41eaa084ab46b4b5831a,ETH,laser_350,b8642a986400458eadc1905f2d7a7abf,ETH_1,7c50c866873a4d0a8ec6de41d1f28ce6,ETH
proj_8b800f1b_packed.cmodel,proj_673863ac,MainController,1393d6e420b447efb2b74dec43fc8857,ETH_3,33fd24e3026442d4b45467a68974011e,ETH,laser,192fdfadc8d943d8a53b1ca1cb367093,ETH_1,48e3c4e373f84941b9bc398dea54f41b,ETH
proj_8b800f1b_packed.cmodel,proj_673863ac,IO module,db0ce767a9c24eda874b8845e03ecfe1,DI_1,f6885cae09ab427ebf94dc0bb3d3b64f,DI,button,c3437b779106460f8cdc21a841413eee,DO_1,9d54fad2ec85428dba40e6b6f7c33165,DO
proj_8b800f1b_packed.cmodel,proj_673863ac,IO module,db0ce767a9c24eda874b8845e03ecfe1,DI_2,dc44fa366db94c54b79d0df8036981d6,DI,up_limit,a03612270bd345b49987f49764726142,DO_1,4475743a8cc44c1d8f8af7c51dda439d,DO
proj_8b800f1b_packed.cmodel,proj_673863ac,IO module,db0ce767a9c24eda874b8845e03ecfe1,DI_3,6d3e439d3d98464186b722053f17633c,DI,down_limit,9067b899088c4071952670666dccf6a1,DO_1,8b82e326ab714e8fb09ef2f914fc6365,DO
proj_8b800f1b_packed.cmodel,proj_673863ac,IO module,db0ce767a9c24eda874b8845e03ecfe1,DI_4,46aa36ab2b5044e3962133b5fe510a66,DI,CB_Back_in_pace,c560964776b747e3a9d07d0d55348495,DO_1,920a02cb2b654e18ad4b6dee8d9cf0ec,DO
proj_8b800f1b_packed.cmodel,proj_673863ac,IO module,db0ce767a9c24eda874b8845e03ecfe1,DI_5,239cdc72be174c0694c741043de9bd53,DI,CB_Front_in_pace,a71becc5ebca4e678678b394f073495d,DO_1,068659a9b5b54a4e986f2f0c899a87e0,DO
proj_8b800f1b_packed.cmodel,proj_673863ac,IO module,db0ce767a9c24eda874b8845e03ecfe1,DI_7,80848037b1684a0a81c0bb78e738a796,DI,CB_Front,63f0f3997af344c0ab40749f5d4a1c8e,DO_1,f2b68a133afc49b1b51fe789a44bf696,DO
proj_8b800f1b_packed.cmodel,proj_673863ac,IO module,db0ce767a9c24eda874b8845e03ecfe1,DO_1,ae811f7b75d6426188601cda6db4fad0,DO,Charging_relay,d80631bb245b4a74b17a976a64f71b06,DI_1,b79ca7f3266e4bc9a6950a571255185c,DI
proj_8b800f1b_packed.cmodel,proj_673863ac,IO module,db0ce767a9c24eda874b8845e03ecfe1,DO_2,55f9a9bef43949cbb99876edda2f5fa6,DO,Oil_pump_up,e6b2feec1c684a2b9998b2908c74951a,DI_1,211f2b0bbeda457095b6ebb35a639d8e,DI
proj_8b800f1b_packed.cmodel,proj_673863ac,IO module,db0ce767a9c24eda874b8845e03ecfe1,DO_3,9ee8f788095148d8ae6734a5199e1f09,DO,Oil_pump_down,d858276af9264e788002afe464b86a15,DI_1,564f81f04fc24ce5a70db5c38e99d9b8,DI
proj_8b800f1b_packed.cmodel,proj_673863ac,IO module,db0ce767a9c24eda874b8845e03ecfe1,DO_4,6d422185e9cb49bf9c7bec841b5c2159,DO,Oil_main_switch,14c890716d4f498a97e898417275abe3,DI_1,c2b86507d6b34d2c8f9d1a86d2c8d269,DI
proj_8b800f1b_packed.cmodel,proj_673863ac,IO module,db0ce767a9c24eda874b8845e03ecfe1,DO_5,26679d071c2f479090d8186d5075d633,DO,lamp,6953bad0e1024369a6a7c723125d600d,DI_1,0bf5f42798be480d9facc89081dcc542,DI
proj_8b800f1b_packed.cmodel,proj_673863ac,IO module,db0ce767a9c24eda874b8845e03ecfe1,DO_6,1d22e7022bea40568957912706d0b984,DO,lamp,6953bad0e1024369a6a7c723125d600d,DI_3,70f475f9900c4976b1f1b7adeae76092,DI
proj_8b800f1b_packed.cmodel,proj_673863ac,IO module,db0ce767a9c24eda874b8845e03ecfe1,DO_7,e0379d1f04f545c6a572da87260265d5,DO,lamp,6953bad0e1024369a6a7c723125d600d,DI_2,1ed76127acbe4d8aad52fb548f61f78f,DI
proj_8b800f1b_packed.cmodel,proj_673863ac,IO module,db0ce767a9c24eda874b8845e03ecfe1,DO_8,3cfc284305d6498696bee18294533082,DO,comDo,b4af4e756f0a4a7badae92baff7a7811,DI_1,571ea6d9178a4999acfdf9ddd67ffe13,DI
proj_8b800f1b_packed.cmodel,proj_673863ac,IO module0,4d96da68ce984898882901cf44903402,DI_1,b2ab28cb80874bc1a74df2d627eb0463,DI,DoorFrame_origin,44f8c92361904e94bef151cb0220170f,DO_1,dbc2bce123e84cf0adc8e4551353f1b8,DO
proj_8b800f1b_packed.cmodel,proj_673863ac,IO module0,4d96da68ce984898882901cf44903402,DI_2,11b209655f314d2c9591e04df62fc063,DI,DoorFrame_limit,ceea780c43ea4c07a6d3b6b94d04b0a3,DO_1,073a30ec174546669c5f99effeb51b1c,DO
proj_8b800f1b_packed.cmodel,proj_673863ac,IO module0,4d96da68ce984898882901cf44903402,DI_3,039581607e6745b3b6bf03f0d0efe9e6,DI,BR_left_limit,40f05dd4757b46de85d55cafa943c3d9,DO_1,a7de53718acb410fb7f51b636387a5ed,DO
proj_8b800f1b_packed.cmodel,proj_673863ac,IO module0,4d96da68ce984898882901cf44903402,DI_4,0cc7e18fc2024d5db2d6e9c20239eb7f,DI,BR_right_limit,6442697a82d94fc4a94e1e497e6fd3af,DO_1,b5950d38bee94e118a321f9080899dbc,DO
proj_8b800f1b_packed.cmodel,proj_673863ac,IO module0,4d96da68ce984898882901cf44903402,DI_8,87baa7d5b0a041d3b9bfa8d603907682,DI,CB_Back,062943f1b25b47a79a3e27d334301835,DO_1,2e102d3bf3354109ab55eb3eecc7ae22,DO
proj_8b800f1b_packed.cmodel,proj_673863ac,driver_DoorFrame,b29206124e7949eabd2f002b850a25c4,LINE_1,c37f05c243c041b6a5b92444b71671bd,LINE,motor_DoorFrame,bbe50c1b1f71431ea24cb69d19173b2c,LINE_1,e23b994052b346cdbbf857403c941500,LINE
proj_8b800f1b_packed.cmodel,proj_673863ac,driver_DoorFrame,b29206124e7949eabd2f002b850a25c4,ENCR_1,bec9ad4ea9f345de911ac75b87202ee9,ENCR,motor_DoorFrame,bbe50c1b1f71431ea24cb69d19173b2c,ENCR_1,1518206452f04708bb1309a8f80dfb40,ENCR
proj_57fd760b_packed.cmodel,proj_dfa7c138,driver-left,82bd967322c54e888ef9aaf9752aded0,CAN_1,98fc774977934e07901ec799b7bffdaa,CAN,MainController,30ce17ed495f40a6b90d85158c1d6f08,CAN_2,2ea0552b5a294d0e9945bec1137530ea,CAN
proj_57fd760b_packed.cmodel,proj_dfa7c138,driver-left,82bd967322c54e888ef9aaf9752aded0,LINE_1,8dd9d94bb87c4b578c653b4edc461c97,LINE,motor-left,13e6b0ff93bc49e2a89a214744cae88b,LINE_1,a04a03ca08d945cb8d01e2af8214e097,LINE
proj_57fd760b_packed.cmodel,proj_dfa7c138,driver-left,82bd967322c54e888ef9aaf9752aded0,ENCR_1,322245d559a54878a3dc6e305d4dfca7,ENCR,motor-left,13e6b0ff93bc49e2a89a214744cae88b,ENCR_1,1a181dc1be834800b49c0873ffe4c7a7,ENCR
proj_57fd760b_packed.cmodel,proj_dfa7c138,driver-right,c42343264c884ff2a0ca3fee8fc81997,CAN_1,1b34489764f14cb29d94b43d7157132a,CAN,MainController,30ce17ed495f40a6b90d85158c1d6f08,CAN_2,2ea0552b5a294d0e9945bec1137530ea,CAN
proj_57fd760b_packed.cmodel,proj_dfa7c138,driver-right,c42343264c884ff2a0ca3fee8fc81997,LINE_1,47c1cac505c9455ca8fb712c095798d0,LINE,motor-right,639dde0162a3442489651066aaf9cdc7,LINE_1,c8e329d1f55c4146952c13724d31dcb0,LINE
proj_57fd760b_packed.cmodel,proj_dfa7c138,driver-right,c42343264c884ff2a0ca3fee8fc81997,ENCR_1,1667de5c5b1e426db53afb3e419fb006,ENCR,motor-right,639dde0162a3442489651066aaf9cdc7,ENCR_1,464a96a51d25407a91f2c961b30d9412,ENCR
proj_57fd760b_packed.cmodel,proj_dfa7c138,driver-lift,baa1c9403ec24ad4924283322ff4af95,CAN_1,ca2f4db3796447d0ab8f0f620095bd77,CAN,MainController,30ce17ed495f40a6b90d85158c1d6f08,CAN_2,2ea0552b5a294d0e9945bec1137530ea,CAN
proj_57fd760b_packed.cmodel,proj_dfa7c138,driver-lift,baa1c9403ec24ad4924283322ff4af95,LINE_1,3b957ea46b27441c80e0112123e2bc36,LINE,motor-lift,2dce6a0eb00c48ad9e16b1ab111a5de1,LINE_1,404c201670604c8c91da332f683e4598,LINE
proj_57fd760b_packed.cmodel,proj_dfa7c138,driver-lift,baa1c9403ec24ad4924283322ff4af95,ENCR_1,71159e54ffe743fda65a868fca9ee1ca,ENCR,motor-lift,2dce6a0eb00c48ad9e16b1ab111a5de1,ENCR_1,6c4b0e925ddb4a2492a766f8dbc44ca0,ENCR
proj_57fd760b_packed.cmodel,proj_dfa7c138,button-emc,82c4bc5d93dd40bfafc57e81773a6173,DO_1,f916b38c40384d2f87e3d112f8b89364,DO,IO module,07719f03c3634193aed300c01012bff3,DI_1,96ae90e3139e49fcbd2e19f46077159f,DI
proj_57fd760b_packed.cmodel,proj_dfa7c138,lamp,d2001a74c8b14cc8a6d67c8c4dca15c3,DI_1,f1cb8e9d1b55441fbad461ea95c7addb,DI,IO module,07719f03c3634193aed300c01012bff3,DO_1,749fe2b61a9c412db8b9110c0b1565c8,DO
proj_57fd760b_packed.cmodel,proj_dfa7c138,lamp,d2001a74c8b14cc8a6d67c8c4dca15c3,DI_2,b249fb92ed564a96bd8bc3047cbb29e5,DI,IO module,07719f03c3634193aed300c01012bff3,DO_2,028817e7eb5848069b3b179c16c966c8,DO
proj_57fd760b_packed.cmodel,proj_dfa7c138,lamp,d2001a74c8b14cc8a6d67c8c4dca15c3,DI_3,3ecc311d62ef4d9d86492b837a28d392,DI,IO module,07719f03c3634193aed300c01012bff3,DO_3,e0b750687eed407f8f3a8410186b38de,DO
proj_57fd760b_packed.cmodel,proj_dfa7c138,charger,b55630cb09d44f65ad482e9202714f1b,DI_1,f1196b3c6b4a4f799178668e4c6bc536,DI,IO module,07719f03c3634193aed300c01012bff3,DO_4,567fb65b09a544e4a6064f8861ae6962,DO
proj_57fd760b_packed.cmodel,proj_dfa7c138,MainController,30ce17ed495f40a6b90d85158c1d6f08,CAN_3,1b899f8c4907479490c373180475bda3,CAN,IO module,07719f03c3634193aed300c01012bff3,CAN_1,643edc5a6bcd4ec693ca70c48303c0e6,CAN
proj_57fd760b_packed.cmodel,proj_dfa7c138,MainController,30ce17ed495f40a6b90d85158c1d6f08,ETH_1,1df5209ef25d410a913824a04fbf1c3d,ETH,MainController,30ce17ed495f40a6b90d85158c1d6f08,ETH_1,1df5209ef25d410a913824a04fbf1c3d,ETH
proj_57fd760b_packed.cmodel,proj_dfa7c138,MainController,30ce17ed495f40a6b90d85158c1d6f08,ETH_1,1df5209ef25d410a913824a04fbf1c3d,ETH,MainController,30ce17ed495f40a6b90d85158c1d6f08,ETH_2,5f05424e8d8c4a9a979a821d85e58248,ETH
proj_57fd760b_packed.cmodel,proj_dfa7c138,MainController,30ce17ed495f40a6b90d85158c1d6f08,ETH_1,1df5209ef25d410a913824a04fbf1c3d,ETH,MainController,30ce17ed495f40a6b90d85158c1d6f08,ETH_3,f8174a537b9843dabfd0619be5bd2f11,ETH
proj_57fd760b_packed.cmodel,proj_dfa7c138,MainController,30ce17ed495f40a6b90d85158c1d6f08,ETH_1,1df5209ef25d410a913824a04fbf1c3d,ETH,smart camera,349a2134e3494755a776854914f78c83,ETH_1,86b04af5fa9944819a700cfdcaa8aed9,ETH
proj_57fd760b_packed.cmodel,proj_dfa7c138,MainController,30ce17ed495f40a6b90d85158c1d6f08,ETH_1,1df5209ef25d410a913824a04fbf1c3d,ETH,smart camera0,5cd062a3b2df4938b1c1a06a61645f1f,ETH_1,e79146c5a1054196b4a9e877109a8367,ETH
proj_57fd760b_packed.cmodel,proj_dfa7c138,MainController,30ce17ed495f40a6b90d85158c1d6f08,ETH_1,1df5209ef25d410a913824a04fbf1c3d,ETH,laser-front,820decb04dd74f6480b7b9e6c8a2f7d8,ETH_1,28d197cffaff4f61b438bea3c487856d,ETH
proj_57fd760b_packed.cmodel,proj_dfa7c138,IO module,07719f03c3634193aed300c01012bff3,DI_2,3848b724a8b84ca9800a3256b3cc6a88,DI,up_sensor,a72279a85df345aba809eed5c2369108,DO_1,35640c7f74ea4490810f9a39eb1bc14c,DO
proj_57fd760b_packed.cmodel,proj_dfa7c138,IO module,07719f03c3634193aed300c01012bff3,DI_3,619f6a413586418a8f4f92948449710b,DI,down_sensor,3cc65206187a4fb08c223ed77ddcf4c3,DO_1,cbf54ad302a94863bae83bcae4a49a5b,DO
proj_c578be69_packed.cmodel,proj_47c5ae79,driver-left,82bd967322c54e888ef9aaf9752aded0,CAN_1,98fc774977934e07901ec799b7bffdaa,CAN,MainController,30ce17ed495f40a6b90d85158c1d6f08,CAN_2,2ea0552b5a294d0e9945bec1137530ea,CAN
proj_c578be69_packed.cmodel,proj_47c5ae79,driver-left,82bd967322c54e888ef9aaf9752aded0,LINE_1,8dd9d94bb87c4b578c653b4edc461c97,LINE,motor-left,13e6b0ff93bc49e2a89a214744cae88b,LINE_1,a04a03ca08d945cb8d01e2af8214e097,LINE
proj_c578be69_packed.cmodel,proj_47c5ae79,driver-left,82bd967322c54e888ef9aaf9752aded0,ENCR_1,322245d559a54878a3dc6e305d4dfca7,ENCR,motor-left,13e6b0ff93bc49e2a89a214744cae88b,ENCR_1,1a181dc1be834800b49c0873ffe4c7a7,ENCR
proj_c578be69_packed.cmodel,proj_47c5ae79,driver-right,c42343264c884ff2a0ca3fee8fc81997,CAN_1,1b34489764f14cb29d94b43d7157132a,CAN,MainController,30ce17ed495f40a6b90d85158c1d6f08,CAN_2,2ea0552b5a294d0e9945bec1137530ea,CAN
proj_c578be69_packed.cmodel,proj_47c5ae79,driver-right,c42343264c884ff2a0ca3fee8fc81997,LINE_1,47c1cac505c9455ca8fb712c095798d0,LINE,motor-right,639dde0162a3442489651066aaf9cdc7,LINE_1,c8e329d1f55c4146952c13724d31dcb0,LINE
proj_c578be69_packed.cmodel,proj_47c5ae79,driver-right,c42343264c884ff2a0ca3fee8fc81997,ENCR_1,1667de5c5b1e426db53afb3e419fb006,ENCR,motor-right,639dde0162a3442489651066aaf9cdc7,ENCR_1,464a96a51d25407a91f2c961b30d9412,ENCR
proj_c578be69_packed.cmodel,proj_47c5ae79,driver-lift,baa1c9403ec24ad4924283322ff4af95,CAN_1,ca2f4db3796447d0ab8f0f620095bd77,CAN,MainController,30ce17ed495f40a6b90d85158c1d6f08,CAN_2,2ea0552b5a294d0e9945bec1137530ea,CAN
proj_c578be69_packed.cmodel,proj_47c5ae79,driver-lift,baa1c9403ec24ad4924283322ff4af95,LINE_1,3b957ea46b27441c80e0112123e2bc36,LINE,motor-lift,2dce6a0eb00c48ad9e16b1ab111a5de1,LINE_1,404c201670604c8c91da332f683e4598,LINE
proj_c578be69_packed.cmodel,proj_47c5ae79,driver-lift,baa1c9403ec24ad4924283322ff4af95,ENCR_1,71159e54ffe743fda65a868fca9ee1ca,ENCR,motor-lift,2dce6a0eb00c48ad9e16b1ab111a5de1,ENCR_1,6c4b0e925ddb4a2492a766f8dbc44ca0,ENCR
proj_c578be69_packed.cmodel,proj_47c5ae79,button-emc,82c4bc5d93dd40bfafc57e81773a6173,DO_1,f916b38c40384d2f87e3d112f8b89364,DO,IO module,07719f03c3634193aed300c01012bff3,DI_1,96ae90e3139e49fcbd2e19f46077159f,DI
proj_c578be69_packed.cmodel,proj_47c5ae79,lamp,d2001a74c8b14cc8a6d67c8c4dca15c3,DI_1,f1cb8e9d1b55441fbad461ea95c7addb,DI,IO module,07719f03c3634193aed300c01012bff3,DO_1,749fe2b61a9c412db8b9110c0b1565c8,DO
proj_c578be69_packed.cmodel,proj_47c5ae79,lamp,d2001a74c8b14cc8a6d67c8c4dca15c3,DI_2,b249fb92ed564a96bd8bc3047cbb29e5,DI,IO module,07719f03c3634193aed300c01012bff3,DO_2,028817e7eb5848069b3b179c16c966c8,DO
proj_c578be69_packed.cmodel,proj_47c5ae79,lamp,d2001a74c8b14cc8a6d67c8c4dca15c3,DI_3,3ecc311d62ef4d9d86492b837a28d392,DI,IO module,07719f03c3634193aed300c01012bff3,DO_3,e0b750687eed407f8f3a8410186b38de,DO
proj_c578be69_packed.cmodel,proj_47c5ae79,charger,b55630cb09d44f65ad482e9202714f1b,DI_1,f1196b3c6b4a4f799178668e4c6bc536,DI,IO module,07719f03c3634193aed300c01012bff3,DO_4,567fb65b09a544e4a6064f8861ae6962,DO
proj_c578be69_packed.cmodel,proj_47c5ae79,MainController,30ce17ed495f40a6b90d85158c1d6f08,CAN_3,1b899f8c4907479490c373180475bda3,CAN,IO module,07719f03c3634193aed300c01012bff3,CAN_1,643edc5a6bcd4ec693ca70c48303c0e6,CAN
proj_c578be69_packed.cmodel,proj_47c5ae79,MainController,30ce17ed495f40a6b90d85158c1d6f08,ETH_1,1df5209ef25d410a913824a04fbf1c3d,ETH,MainController,30ce17ed495f40a6b90d85158c1d6f08,ETH_1,1df5209ef25d410a913824a04fbf1c3d,ETH
proj_c578be69_packed.cmodel,proj_47c5ae79,MainController,30ce17ed495f40a6b90d85158c1d6f08,ETH_1,1df5209ef25d410a913824a04fbf1c3d,ETH,MainController,30ce17ed495f40a6b90d85158c1d6f08,ETH_2,5f05424e8d8c4a9a979a821d85e58248,ETH
proj_c578be69_packed.cmodel,proj_47c5ae79,MainController,30ce17ed495f40a6b90d85158c1d6f08,ETH_1,1df5209ef25d410a913824a04fbf1c3d,ETH,MainController,30ce17ed495f40a6b90d85158c1d6f08,ETH_3,f8174a537b9843dabfd0619be5bd2f11,ETH
proj_c578be69_packed.cmodel,proj_47c5ae79,MainController,30ce17ed495f40a6b90d85158c1d6f08,ETH_1,1df5209ef25d410a913824a04fbf1c3d,ETH,smart camera,349a2134e3494755a776854914f78c83,ETH_1,86b04af5fa9944819a700cfdcaa8aed9,ETH
proj_c578be69_packed.cmodel,proj_47c5ae79,MainController,30ce17ed495f40a6b90d85158c1d6f08,ETH_1,1df5209ef25d410a913824a04fbf1c3d,ETH,smart camera0,5cd062a3b2df4938b1c1a06a61645f1f,ETH_1,e79146c5a1054196b4a9e877109a8367,ETH
proj_c578be69_packed.cmodel,proj_47c5ae79,MainController,30ce17ed495f40a6b90d85158c1d6f08,ETH_1,1df5209ef25d410a913824a04fbf1c3d,ETH,laser-front,820decb04dd74f6480b7b9e6c8a2f7d8,ETH_1,28d197cffaff4f61b438bea3c487856d,ETH
proj_c578be69_packed.cmodel,proj_47c5ae79,IO module,07719f03c3634193aed300c01012bff3,DI_2,3848b724a8b84ca9800a3256b3cc6a88,DI,up_sensor,a72279a85df345aba809eed5c2369108,DO_1,35640c7f74ea4490810f9a39eb1bc14c,DO
proj_c578be69_packed.cmodel,proj_47c5ae79,IO module,07719f03c3634193aed300c01012bff3,DI_3,619f6a413586418a8f4f92948449710b,DI,down_sensor,3cc65206187a4fb08c223ed77ddcf4c3,DO_1,cbf54ad302a94863bae83bcae4a49a5b,DO
proj_070ce3fc_packed.cmodel,proj_2f1b9c29,driver-left,82bd967322c54e888ef9aaf9752aded0,CAN_1,98fc774977934e07901ec799b7bffdaa,CAN,MainController,30ce17ed495f40a6b90d85158c1d6f08,CAN_2,2ea0552b5a294d0e9945bec1137530ea,CAN
proj_070ce3fc_packed.cmodel,proj_2f1b9c29,driver-left,82bd967322c54e888ef9aaf9752aded0,LINE_1,8dd9d94bb87c4b578c653b4edc461c97,LINE,motor-left,13e6b0ff93bc49e2a89a214744cae88b,LINE_1,a04a03ca08d945cb8d01e2af8214e097,LINE
proj_070ce3fc_packed.cmodel,proj_2f1b9c29,driver-left,82bd967322c54e888ef9aaf9752aded0,ENCR_1,322245d559a54878a3dc6e305d4dfca7,ENCR,motor-left,13e6b0ff93bc49e2a89a214744cae88b,ENCR_1,1a181dc1be834800b49c0873ffe4c7a7,ENCR
proj_070ce3fc_packed.cmodel,proj_2f1b9c29,driver-right,c42343264c884ff2a0ca3fee8fc81997,CAN_1,1b34489764f14cb29d94b43d7157132a,CAN,MainController,30ce17ed495f40a6b90d85158c1d6f08,CAN_2,2ea0552b5a294d0e9945bec1137530ea,CAN
proj_070ce3fc_packed.cmodel,proj_2f1b9c29,driver-right,c42343264c884ff2a0ca3fee8fc81997,LINE_1,47c1cac505c9455ca8fb712c095798d0,LINE,motor-right,639dde0162a3442489651066aaf9cdc7,LINE_1,c8e329d1f55c4146952c13724d31dcb0,LINE
proj_070ce3fc_packed.cmodel,proj_2f1b9c29,driver-right,c42343264c884ff2a0ca3fee8fc81997,ENCR_1,1667de5c5b1e426db53afb3e419fb006,ENCR,motor-right,639dde0162a3442489651066aaf9cdc7,ENCR_1,464a96a51d25407a91f2c961b30d9412,ENCR
proj_070ce3fc_packed.cmodel,proj_2f1b9c29,driver-lift,baa1c9403ec24ad4924283322ff4af95,CAN_1,ca2f4db3796447d0ab8f0f620095bd77,CAN,MainController,30ce17ed495f40a6b90d85158c1d6f08,CAN_2,2ea0552b5a294d0e9945bec1137530ea,CAN
proj_070ce3fc_packed.cmodel,proj_2f1b9c29,driver-lift,baa1c9403ec24ad4924283322ff4af95,LINE_1,3b957ea46b27441c80e0112123e2bc36,LINE,motor-lift,2dce6a0eb00c48ad9e16b1ab111a5de1,LINE_1,404c201670604c8c91da332f683e4598,LINE
proj_070ce3fc_packed.cmodel,proj_2f1b9c29,driver-lift,baa1c9403ec24ad4924283322ff4af95,ENCR_1,71159e54ffe743fda65a868fca9ee1ca,ENCR,motor-lift,2dce6a0eb00c48ad9e16b1ab111a5de1,ENCR_1,6c4b0e925ddb4a2492a766f8dbc44ca0,ENCR
proj_070ce3fc_packed.cmodel,proj_2f1b9c29,button-emc,82c4bc5d93dd40bfafc57e81773a6173,DO_1,f916b38c40384d2f87e3d112f8b89364,DO,IO module,07719f03c3634193aed300c01012bff3,DI_1,96ae90e3139e49fcbd2e19f46077159f,DI
proj_070ce3fc_packed.cmodel,proj_2f1b9c29,lamp,d2001a74c8b14cc8a6d67c8c4dca15c3,DI_1,f1cb8e9d1b55441fbad461ea95c7addb,DI,IO module,07719f03c3634193aed300c01012bff3,DO_1,749fe2b61a9c412db8b9110c0b1565c8,DO
proj_070ce3fc_packed.cmodel,proj_2f1b9c29,lamp,d2001a74c8b14cc8a6d67c8c4dca15c3,DI_2,b249fb92ed564a96bd8bc3047cbb29e5,DI,IO module,07719f03c3634193aed300c01012bff3,DO_2,028817e7eb5848069b3b179c16c966c8,DO
proj_070ce3fc_packed.cmodel,proj_2f1b9c29,lamp,d2001a74c8b14cc8a6d67c8c4dca15c3,DI_3,3ecc311d62ef4d9d86492b837a28d392,DI,IO module,07719f03c3634193aed300c01012bff3,DO_3,e0b750687eed407f8f3a8410186b38de,DO
proj_070ce3fc_packed.cmodel,proj_2f1b9c29,charger,b55630cb09d44f65ad482e9202714f1b,DI_1,f1196b3c6b4a4f799178668e4c6bc536,DI,IO module,07719f03c3634193aed300c01012bff3,DO_4,567fb65b09a544e4a6064f8861ae6962,DO
proj_070ce3fc_packed.cmodel,proj_2f1b9c29,MainController,30ce17ed495f40a6b90d85158c1d6f08,CAN_3,1b899f8c4907479490c373180475bda3,CAN,IO module,07719f03c3634193aed300c01012bff3,CAN_1,643edc5a6bcd4ec693ca70c48303c0e6,CAN
proj_070ce3fc_packed.cmodel,proj_2f1b9c29,MainController,30ce17ed495f40a6b90d85158c1d6f08,ETH_1,1df5209ef25d410a913824a04fbf1c3d,ETH,MainController,30ce17ed495f40a6b90d85158c1d6f08,ETH_1,1df5209ef25d410a913824a04fbf1c3d,ETH
proj_070ce3fc_packed.cmodel,proj_2f1b9c29,MainController,30ce17ed495f40a6b90d85158c1d6f08,ETH_1,1df5209ef25d410a913824a04fbf1c3d,ETH,MainController,30ce17ed495f40a6b90d85158c1d6f08,ETH_2,5f05424e8d8c4a9a979a821d85e58248,ETH
proj_070ce3fc_packed.cmodel,proj_2f1b9c29,MainController,30ce17ed495f40a6b90d85158c1d6f08,ETH_1,1df5209ef25d410a913824a04fbf1c3d,ETH,MainController,30ce17ed495f40a6b90d85158c1d6f08,ETH_3,f8174a537b9843dabfd0619be5bd2f11,ETH
proj_070ce3fc_packed.cmodel,proj_2f1b9c29,MainController,30ce17ed495f40a6b90d85158c1d6f08,ETH_1,1df5209ef25d410a913824a04fbf1c3d,ETH,smart camera,349a2134e3494755a776854914f78c83,ETH_1,86b04af5fa9944819a700cfdcaa8aed9,ETH
proj_070ce3fc_packed.cmodel,proj_2f1b9c29,MainController,30ce17ed495f40a6b90d85158c1d6f08,ETH_1,1df5209ef25d410a913824a04fbf1c3d,ETH,smart camera0,5cd062a3b2df4938b1c1a06a61645f1f,ETH_1,e79146c5a1054196b4a9e877109a8367,ETH
proj_070ce3fc_packed.cmodel,proj_2f1b9c29,MainController,30ce17ed495f40a6b90d85158c1d6f08,ETH_1,1df5209ef25d410a913824a04fbf1c3d,ETH,laser-front,820decb04dd74f6480b7b9e6c8a2f7d8,ETH_1,28d197cffaff4f61b438bea3c487856d,ETH
proj_070ce3fc_packed.cmodel,proj_2f1b9c29,IO module,07719f03c3634193aed300c01012bff3,DI_2,3848b724a8b84ca9800a3256b3cc6a88,DI,up_sensor,a72279a85df345aba809eed5c2369108,DO_1,35640c7f74ea4490810f9a39eb1bc14c,DO
proj_070ce3fc_packed.cmodel,proj_2f1b9c29,IO module,07719f03c3634193aed300c01012bff3,DI_3,619f6a413586418a8f4f92948449710b,DI,down_sensor,3cc65206187a4fb08c223ed77ddcf4c3,DO_1,cbf54ad302a94863bae83bcae4a49a5b,DO
proj_ea4dc53c_packed.cmodel,proj_bb01f4a9,driver_BR_left,2578fcd3a0dc46f6bb9291e728046619,CAN_1,f6c23797169348b090bc701625f19ac6,CAN,MainController,1393d6e420b447efb2b74dec43fc8857,CAN_2,01bdbf7242a74f04a89cf96cfb49835d,CAN
proj_ea4dc53c_packed.cmodel,proj_bb01f4a9,driver_BR_left,2578fcd3a0dc46f6bb9291e728046619,LINE_1,115c01decf594001ba32434e272ea883,LINE,motor_BR_left,a6f20fb7a6044377b5560fae2c46fcae,LINE_1,946dc4dbd6e44457a0f61694846acf21,LINE
proj_ea4dc53c_packed.cmodel,proj_bb01f4a9,driver_BR_left,2578fcd3a0dc46f6bb9291e728046619,ENCR_1,1b37a0ebdb9d4872870501ef715c4c35,ENCR,motor_BR_left,a6f20fb7a6044377b5560fae2c46fcae,ENCR_1,f70d25185a6340a6b5e1f636fd0d776e,ENCR
proj_ea4dc53c_packed.cmodel,proj_bb01f4a9,driver_BR_right,50785cd68f6b46cbb0e1a4e138311b36,CAN_1,61261bfd8fee4912b2a44003e30e0d75,CAN,MainController,1393d6e420b447efb2b74dec43fc8857,CAN_2,01bdbf7242a74f04a89cf96cfb49835d,CAN
proj_ea4dc53c_packed.cmodel,proj_bb01f4a9,driver_BR_right,50785cd68f6b46cbb0e1a4e138311b36,LINE_1,8f75713e80484893b4fc471306b66c97,LINE,motor_BR_right,3ce4e55a955543b6a5309fc08cc8abea,LINE_1,562cd0f0a6bd47d196ebcf95e525e777,LINE
proj_ea4dc53c_packed.cmodel,proj_bb01f4a9,driver_BR_right,50785cd68f6b46cbb0e1a4e138311b36,ENCR_1,625fc926461a49f9b3a800efa5cb9932,ENCR,motor_BR_right,3ce4e55a955543b6a5309fc08cc8abea,ENCR_1,fc9e188da3444e7c87953a2ea1258e08,ENCR
proj_ea4dc53c_packed.cmodel,proj_bb01f4a9,BR_Encoder,4b5392e7b3f6478cbc9c9e661e709617,CAN_1,7c1539acf1264e2d8828085833d1f800,CAN,MainController,1393d6e420b447efb2b74dec43fc8857,CAN_3,b188441d876a42608b0144ca77abf6ca,CAN
proj_ea4dc53c_packed.cmodel,proj_bb01f4a9,driver_FL_right,25530f4dbb3343f287f0116b976e8bf8,CAN_1,9ee587a7abc84ccda58e6fd9f45025f5,CAN,MainController,1393d6e420b447efb2b74dec43fc8857,CAN_2,01bdbf7242a74f04a89cf96cfb49835d,CAN
proj_ea4dc53c_packed.cmodel,proj_bb01f4a9,driver_FL_right,25530f4dbb3343f287f0116b976e8bf8,LINE_1,45896b813dbb4d61be36f92b2e9141f9,LINE,motor_FL_right,7a7d3ff53be149e293f0eb03de13d5d0,LINE_1,625f8e28e91c4369b2a0e90da105fe05,LINE
proj_ea4dc53c_packed.cmodel,proj_bb01f4a9,driver_FL_right,25530f4dbb3343f287f0116b976e8bf8,ENCR_1,045021089b494fc5801c78ee5e257e01,ENCR,motor_FL_right,7a7d3ff53be149e293f0eb03de13d5d0,ENCR_1,acbbc9719d9c45e1bd29478217c5b23e,ENCR
proj_ea4dc53c_packed.cmodel,proj_bb01f4a9,driver_FL_left,806c17a8259846eab16878155559ec25,CAN_1,cff2f50a99de4b4aa8d710024b848dbe,CAN,MainController,1393d6e420b447efb2b74dec43fc8857,CAN_2,01bdbf7242a74f04a89cf96cfb49835d,CAN
proj_ea4dc53c_packed.cmodel,proj_bb01f4a9,driver_FL_left,806c17a8259846eab16878155559ec25,LINE_1,8bf5bf41571b42a3867938885c0a4812,LINE,motor_FL_left,a640fbe578e9421b9fb9574fca9a6efd,LINE_1,a0ab0e1bacd341a4915235eb29d4bcb2,LINE
proj_ea4dc53c_packed.cmodel,proj_bb01f4a9,driver_FL_left,806c17a8259846eab16878155559ec25,ENCR_1,4c60556056894cb385e0de14dc3b883c,ENCR,motor_FL_left,a640fbe578e9421b9fb9574fca9a6efd,ENCR_1,67a524a3bf894388a14c20747dc72b24,ENCR
proj_ea4dc53c_packed.cmodel,proj_bb01f4a9,FL_Encoder,5a21bb43a5524307ab59a5d4a62095d8,CAN_1,1f62fe6b74924967a78de2f22e474667,CAN,MainController,1393d6e420b447efb2b74dec43fc8857,CAN_3,b188441d876a42608b0144ca77abf6ca,CAN
proj_ea4dc53c_packed.cmodel,proj_bb01f4a9,MainController,1393d6e420b447efb2b74dec43fc8857,RS485_1,91bd53cb95b041ffa1faca92b5cd1f3c,RS485,battery,8263cf18dfd5445fb9559edb78e1f0e8,RS485_1,80709990ae524e228c9ac99e280931f7,RS485
proj_ea4dc53c_packed.cmodel,proj_bb01f4a9,MainController,1393d6e420b447efb2b74dec43fc8857,RS485_2,b2ff46a2a2a748528d67ee25a0641009,RS485,screen,2304dff692824935b83c27116dcb099a,RS485_1,8b7e24a14eba40e59f7d90f69a998019,RS485
proj_ea4dc53c_packed.cmodel,proj_bb01f4a9,MainController,1393d6e420b447efb2b74dec43fc8857,CAN_2,01bdbf7242a74f04a89cf96cfb49835d,CAN,driver_DoorFrame,b29206124e7949eabd2f002b850a25c4,CAN_1,3b7fd0188bb6428ca80ad33bd8248c74,CAN
proj_ea4dc53c_packed.cmodel,proj_bb01f4a9,MainController,1393d6e420b447efb2b74dec43fc8857,CAN_3,b188441d876a42608b0144ca77abf6ca,CAN,IO module,db0ce767a9c24eda874b8845e03ecfe1,CAN_1,5d6d855beb6146d590e197a6701c315b,CAN
proj_ea4dc53c_packed.cmodel,proj_bb01f4a9,MainController,1393d6e420b447efb2b74dec43fc8857,CAN_3,b188441d876a42608b0144ca77abf6ca,CAN,IO module0,4d96da68ce984898882901cf44903402,CAN_1,fdefdc77ead44a01aa54bc9a2e952b05,CAN
proj_ea4dc53c_packed.cmodel,proj_bb01f4a9,MainController,1393d6e420b447efb2b74dec43fc8857,CAN_3,b188441d876a42608b0144ca77abf6ca,CAN,DoorFrame_Encoder,909c99cb46734793bc14bcbf29450f02,CAN_1,aaeb70ee9b954158a0f6186d9449859f,CAN
proj_ea4dc53c_packed.cmodel,proj_bb01f4a9,MainController,1393d6e420b447efb2b74dec43fc8857,CAN_3,b188441d876a42608b0144ca77abf6ca,CAN,UpDown_Encoder,1954ffbafe1047d08679ae1a0f724b4d,CAN_1,e41996db4b3341bb8e60a72d7f1f59a8,CAN
proj_ea4dc53c_packed.cmodel,proj_bb01f4a9,MainController,1393d6e420b447efb2b74dec43fc8857,CAN_3,b188441d876a42608b0144ca77abf6ca,CAN,incEncoder,c486d1d47fbf4cc1be28b335a34d6a66,CAN_1,2e566f03ea84459c86f3da4fafef097e,CAN
proj_ea4dc53c_packed.cmodel,proj_bb01f4a9,MainController,1393d6e420b447efb2b74dec43fc8857,ETH_1,010700cc459f41eaa084ab46b4b5831a,ETH,MainController,1393d6e420b447efb2b74dec43fc8857,ETH_1,010700cc459f41eaa084ab46b4b5831a,ETH
proj_ea4dc53c_packed.cmodel,proj_bb01f4a9,MainController,1393d6e420b447efb2b74dec43fc8857,ETH_1,010700cc459f41eaa084ab46b4b5831a,ETH,MainController,1393d6e420b447efb2b74dec43fc8857,ETH_2,fd57f73288034f48a7b7f2f65defacfd,ETH
proj_ea4dc53c_packed.cmodel,proj_bb01f4a9,MainController,1393d6e420b447efb2b74dec43fc8857,ETH_1,010700cc459f41eaa084ab46b4b5831a,ETH,MainController,1393d6e420b447efb2b74dec43fc8857,ETH_3,33fd24e3026442d4b45467a68974011e,ETH
proj_ea4dc53c_packed.cmodel,proj_bb01f4a9,MainController,1393d6e420b447efb2b74dec43fc8857,ETH_1,010700cc459f41eaa084ab46b4b5831a,ETH,smart camera,3b2829d4c4654b61b784be5eb124139a,ETH_1,9f33e44a134e479596d018b80316c024,ETH
proj_ea4dc53c_packed.cmodel,proj_bb01f4a9,MainController,1393d6e420b447efb2b74dec43fc8857,ETH_1,010700cc459f41eaa084ab46b4b5831a,ETH,laser_350,b8642a986400458eadc1905f2d7a7abf,ETH_1,7c50c866873a4d0a8ec6de41d1f28ce6,ETH
proj_ea4dc53c_packed.cmodel,proj_bb01f4a9,MainController,1393d6e420b447efb2b74dec43fc8857,ETH_3,33fd24e3026442d4b45467a68974011e,ETH,laser,192fdfadc8d943d8a53b1ca1cb367093,ETH_1,48e3c4e373f84941b9bc398dea54f41b,ETH
proj_ea4dc53c_packed.cmodel,proj_bb01f4a9,IO module,db0ce767a9c24eda874b8845e03ecfe1,DI_1,f6885cae09ab427ebf94dc0bb3d3b64f,DI,button,c3437b779106460f8cdc21a841413eee,DO_1,9d54fad2ec85428dba40e6b6f7c33165,DO
proj_ea4dc53c_packed.cmodel,proj_bb01f4a9,IO module,db0ce767a9c24eda874b8845e03ecfe1,DI_2,dc44fa366db94c54b79d0df8036981d6,DI,up_limit,a03612270bd345b49987f49764726142,DO_1,4475743a8cc44c1d8f8af7c51dda439d,DO
proj_ea4dc53c_packed.cmodel,proj_bb01f4a9,IO module,db0ce767a9c24eda874b8845e03ecfe1,DI_3,6d3e439d3d98464186b722053f17633c,DI,down_limit,9067b899088c4071952670666dccf6a1,DO_1,8b82e326ab714e8fb09ef2f914fc6365,DO
proj_ea4dc53c_packed.cmodel,proj_bb01f4a9,IO module,db0ce767a9c24eda874b8845e03ecfe1,DI_4,46aa36ab2b5044e3962133b5fe510a66,DI,CB_Back_in_pace,c560964776b747e3a9d07d0d55348495,DO_1,920a02cb2b654e18ad4b6dee8d9cf0ec,DO
proj_ea4dc53c_packed.cmodel,proj_bb01f4a9,IO module,db0ce767a9c24eda874b8845e03ecfe1,DI_5,239cdc72be174c0694c741043de9bd53,DI,CB_Front_in_pace,a71becc5ebca4e678678b394f073495d,DO_1,068659a9b5b54a4e986f2f0c899a87e0,DO
proj_ea4dc53c_packed.cmodel,proj_bb01f4a9,IO module,db0ce767a9c24eda874b8845e03ecfe1,DI_7,80848037b1684a0a81c0bb78e738a796,DI,CB_Front,63f0f3997af344c0ab40749f5d4a1c8e,DO_1,f2b68a133afc49b1b51fe789a44bf696,DO
proj_ea4dc53c_packed.cmodel,proj_bb01f4a9,IO module,db0ce767a9c24eda874b8845e03ecfe1,DO_1,ae811f7b75d6426188601cda6db4fad0,DO,Charging_relay,d80631bb245b4a74b17a976a64f71b06,DI_1,b79ca7f3266e4bc9a6950a571255185c,DI
proj_ea4dc53c_packed.cmodel,proj_bb01f4a9,IO module,db0ce767a9c24eda874b8845e03ecfe1,DO_2,55f9a9bef43949cbb99876edda2f5fa6,DO,Oil_pump_up,e6b2feec1c684a2b9998b2908c74951a,DI_1,211f2b0bbeda457095b6ebb35a639d8e,DI
proj_ea4dc53c_packed.cmodel,proj_bb01f4a9,IO module,db0ce767a9c24eda874b8845e03ecfe1,DO_3,9ee8f788095148d8ae6734a5199e1f09,DO,Oil_pump_down,d858276af9264e788002afe464b86a15,DI_1,564f81f04fc24ce5a70db5c38e99d9b8,DI
proj_ea4dc53c_packed.cmodel,proj_bb01f4a9,IO module,db0ce767a9c24eda874b8845e03ecfe1,DO_4,6d422185e9cb49bf9c7bec841b5c2159,DO,Oil_main_switch,14c890716d4f498a97e898417275abe3,DI_1,c2b86507d6b34d2c8f9d1a86d2c8d269,DI
proj_ea4dc53c_packed.cmodel,proj_bb01f4a9,IO module,db0ce767a9c24eda874b8845e03ecfe1,DO_5,26679d071c2f479090d8186d5075d633,DO,lamp,6953bad0e1024369a6a7c723125d600d,DI_1,0bf5f42798be480d9facc89081dcc542,DI
proj_ea4dc53c_packed.cmodel,proj_bb01f4a9,IO module,db0ce767a9c24eda874b8845e03ecfe1,DO_6,1d22e7022bea40568957912706d0b984,DO,lamp,6953bad0e1024369a6a7c723125d600d,DI_3,70f475f9900c4976b1f1b7adeae76092,DI
proj_ea4dc53c_packed.cmodel,proj_bb01f4a9,IO module,db0ce767a9c24eda874b8845e03ecfe1,DO_7,e0379d1f04f545c6a572da87260265d5,DO,lamp,6953bad0e1024369a6a7c723125d600d,DI_2,1ed76127acbe4d8aad52fb548f61f78f,DI
proj_ea4dc53c_packed.cmodel,proj_bb01f4a9,IO module,db0ce767a9c24eda874b8845e03ecfe1,DO_8,3cfc284305d6498696bee18294533082,DO,comDo,b4af4e756f0a4a7badae92baff7a7811,DI_1,571ea6d9178a4999acfdf9ddd67ffe13,DI
proj_ea4dc53c_packed.cmodel,proj_bb01f4a9,IO module0,4d96da68ce984898882901cf44903402,DI_1,b2ab28cb80874bc1a74df2d627eb0463,DI,DoorFrame_origin,44f8c92361904e94bef151cb0220170f,DO_1,dbc2bce123e84cf0adc8e4551353f1b8,DO
proj_ea4dc53c_packed.cmodel,proj_bb01f4a9,IO module0,4d96da68ce984898882901cf44903402,DI_2,11b209655f314d2c9591e04df62fc063,DI,DoorFrame_limit,ceea780c43ea4c07a6d3b6b94d04b0a3,DO_1,073a30ec174546669c5f99effeb51b1c,DO
proj_ea4dc53c_packed.cmodel,proj_bb01f4a9,IO module0,4d96da68ce984898882901cf44903402,DI_3,039581607e6745b3b6bf03f0d0efe9e6,DI,BR_left_limit,40f05dd4757b46de85d55cafa943c3d9,DO_1,a7de53718acb410fb7f51b636387a5ed,DO
proj_ea4dc53c_packed.cmodel,proj_bb01f4a9,IO module0,4d96da68ce984898882901cf44903402,DI_4,0cc7e18fc2024d5db2d6e9c20239eb7f,DI,BR_right_limit,6442697a82d94fc4a94e1e497e6fd3af,DO_1,b5950d38bee94e118a321f9080899dbc,DO
proj_ea4dc53c_packed.cmodel,proj_bb01f4a9,IO module0,4d96da68ce984898882901cf44903402,DI_8,87baa7d5b0a041d3b9bfa8d603907682,DI,CB_Back,062943f1b25b47a79a3e27d334301835,DO_1,2e102d3bf3354109ab55eb3eecc7ae22,DO
proj_ea4dc53c_packed.cmodel,proj_bb01f4a9,driver_DoorFrame,b29206124e7949eabd2f002b850a25c4,LINE_1,c37f05c243c041b6a5b92444b71671bd,LINE,motor_DoorFrame,bbe50c1b1f71431ea24cb69d19173b2c,LINE_1,e23b994052b346cdbbf857403c941500,LINE
proj_ea4dc53c_packed.cmodel,proj_bb01f4a9,driver_DoorFrame,b29206124e7949eabd2f002b850a25c4,ENCR_1,bec9ad4ea9f345de911ac75b87202ee9,ENCR,motor_DoorFrame,bbe50c1b1f71431ea24cb69d19173b2c,ENCR_1,1518206452f04708bb1309a8f80dfb40,ENCR
new_proj_15kfuy5_packed.cmodel,proj_b312d6fd,MCPU-RA-MC-R318BN,50b7d78f-da88-4383-ac5c-303e13770bac,CAN_3,8442add7-2e7c-4cf5-b8bc-575cc1927000,CAN,IO-lnterface board,66154fce-9766-45a7-991f-0c14d597bc80,CAN_1,1b6533a6-bbd2-491b-8c40-b265716bb7a6,CAN
new_proj_15kfuy5_packed.cmodel,proj_b312d6fd,IO-lnterface board,66154fce-9766-45a7-991f-0c14d597bc80,DI_2,75e8b215-680c-448b-8866-b10379c8ee28,DI,emc,93d257b8-c8d8-45bd-b5db-32cc7674baa9,DO_1,aa66d14d-ebb4-4473-a4c7-1dfd68f34683,DO
new_proj_15kfuy5_packed.cmodel,proj_b312d6fd,IO-lnterface board,66154fce-9766-45a7-991f-0c14d597bc80,DI_3,0d2167ce-22d6-4294-beb9-582d7420fb87,DI,start,ac40db3a-9afc-4387-a68f-f5cba991128a,DO_1,4ddad8cf-1151-4563-87f7-4c107d0f1210,DO
new_proj_15kfuy5_packed.cmodel,proj_b312d6fd,IO-lnterface board,66154fce-9766-45a7-991f-0c14d597bc80,DI_4,d346f024-d631-4bcb-b717-55e5cfd2f51e,DI,reset,107b4e06-b18b-42dd-bb51-0bf413367d73,DO_1,4683c8c0-ec07-41d1-b615-522926b6b8f3,DO
1234.cmodel,proj_0801b2d7,driver-left,82bd967322c54e888ef9aaf9752aded0,CAN_1,98fc774977934e07901ec799b7bffdaa,CAN,MainController,30ce17ed495f40a6b90d85158c1d6f08,CAN_2,2ea0552b5a294d0e9945bec1137530ea,CAN
1234.cmodel,proj_0801b2d7,driver-left,82bd967322c54e888ef9aaf9752aded0,LINE_1,8dd9d94bb87c4b578c653b4edc461c97,LINE,motor-left,13e6b0ff93bc49e2a89a214744cae88b,LINE_1,a04a03ca08d945cb8d01e2af8214e097,LINE
1234.cmodel,proj_0801b2d7,driver-left,82bd967322c54e888ef9aaf9752aded0,ENCR_1,322245d559a54878a3dc6e305d4dfca7,ENCR,motor-left,13e6b0ff93bc49e2a89a214744cae88b,ENCR_1,1a181dc1be834800b49c0873ffe4c7a7,ENCR
1234.cmodel,proj_0801b2d7,driver-right,c42343264c884ff2a0ca3fee8fc81997,CAN_1,1b34489764f14cb29d94b43d7157132a,CAN,MainController,30ce17ed495f40a6b90d85158c1d6f08,CAN_2,2ea0552b5a294d0e9945bec1137530ea,CAN
1234.cmodel,proj_0801b2d7,driver-right,c42343264c884ff2a0ca3fee8fc81997,LINE_1,47c1cac505c9455ca8fb712c095798d0,LINE,motor-right,639dde0162a3442489651066aaf9cdc7,LINE_1,c8e329d1f55c4146952c13724d31dcb0,LINE
1234.cmodel,proj_0801b2d7,driver-right,c42343264c884ff2a0ca3fee8fc81997,ENCR_1,1667de5c5b1e426db53afb3e419fb006,ENCR,motor-right,639dde0162a3442489651066aaf9cdc7,ENCR_1,464a96a51d25407a91f2c961b30d9412,ENCR
1234.cmodel,proj_0801b2d7,driver-lift,baa1c9403ec24ad4924283322ff4af95,CAN_1,ca2f4db3796447d0ab8f0f620095bd77,CAN,MainController,30ce17ed495f40a6b90d85158c1d6f08,CAN_2,2ea0552b5a294d0e9945bec1137530ea,CAN
1234.cmodel,proj_0801b2d7,driver-lift,baa1c9403ec24ad4924283322ff4af95,LINE_1,3b957ea46b27441c80e0112123e2bc36,LINE,motor-lift,2dce6a0eb00c48ad9e16b1ab111a5de1,LINE_1,404c201670604c8c91da332f683e4598,LINE
1234.cmodel,proj_0801b2d7,driver-lift,baa1c9403ec24ad4924283322ff4af95,ENCR_1,71159e54ffe743fda65a868fca9ee1ca,ENCR,motor-lift,2dce6a0eb00c48ad9e16b1ab111a5de1,ENCR_1,6c4b0e925ddb4a2492a766f8dbc44ca0,ENCR
1234.cmodel,proj_0801b2d7,button-emc,82c4bc5d93dd40bfafc57e81773a6173,DO_1,f916b38c40384d2f87e3d112f8b89364,DO,IO module,07719f03c3634193aed300c01012bff3,DI_1,96ae90e3139e49fcbd2e19f46077159f,DI
1234.cmodel,proj_0801b2d7,lamp,d2001a74c8b14cc8a6d67c8c4dca15c3,DI_1,f1cb8e9d1b55441fbad461ea95c7addb,DI,IO module,07719f03c3634193aed300c01012bff3,DO_1,749fe2b61a9c412db8b9110c0b1565c8,DO
1234.cmodel,proj_0801b2d7,lamp,d2001a74c8b14cc8a6d67c8c4dca15c3,DI_2,b249fb92ed564a96bd8bc3047cbb29e5,DI,IO module,07719f03c3634193aed300c01012bff3,DO_2,028817e7eb5848069b3b179c16c966c8,DO
1234.cmodel,proj_0801b2d7,lamp,d2001a74c8b14cc8a6d67c8c4dca15c3,DI_3,3ecc311d62ef4d9d86492b837a28d392,DI,IO module,07719f03c3634193aed300c01012bff3,DO_3,e0b750687eed407f8f3a8410186b38de,DO
1234.cmodel,proj_0801b2d7,charger,b55630cb09d44f65ad482e9202714f1b,DI_1,f1196b3c6b4a4f799178668e4c6bc536,DI,IO module,07719f03c3634193aed300c01012bff3,DO_4,567fb65b09a544e4a6064f8861ae6962,DO
1234.cmodel,proj_0801b2d7,MainController,30ce17ed495f40a6b90d85158c1d6f08,CAN_3,1b899f8c4907479490c373180475bda3,CAN,IO module,07719f03c3634193aed300c01012bff3,CAN_1,643edc5a6bcd4ec693ca70c48303c0e6,CAN
1234.cmodel,proj_0801b2d7,MainController,30ce17ed495f40a6b90d85158c1d6f08,ETH_1,1df5209ef25d410a913824a04fbf1c3d,ETH,MainController,30ce17ed495f40a6b90d85158c1d6f08,ETH_1,1df5209ef25d410a913824a04fbf1c3d,ETH
1234.cmodel,proj_0801b2d7,MainController,30ce17ed495f40a6b90d85158c1d6f08,ETH_1,1df5209ef25d410a913824a04fbf1c3d,ETH,MainController,30ce17ed495f40a6b90d85158c1d6f08,ETH_2,5f05424e8d8c4a9a979a821d85e58248,ETH
1234.cmodel,proj_0801b2d7,MainController,30ce17ed495f40a6b90d85158c1d6f08,ETH_1,1df5209ef25d410a913824a04fbf1c3d,ETH,MainController,30ce17ed495f40a6b90d85158c1d6f08,ETH_3,f8174a537b9843dabfd0619be5bd2f11,ETH
1234.cmodel,proj_0801b2d7,MainController,30ce17ed495f40a6b90d85158c1d6f08,ETH_1,1df5209ef25d410a913824a04fbf1c3d,ETH,smart camera,349a2134e3494755a776854914f78c83,ETH_1,86b04af5fa9944819a700cfdcaa8aed9,ETH
1234.cmodel,proj_0801b2d7,MainController,30ce17ed495f40a6b90d85158c1d6f08,ETH_1,1df5209ef25d410a913824a04fbf1c3d,ETH,smart camera0,5cd062a3b2df4938b1c1a06a61645f1f,ETH_1,e79146c5a1054196b4a9e877109a8367,ETH
1234.cmodel,proj_0801b2d7,MainController,30ce17ed495f40a6b90d85158c1d6f08,ETH_1,1df5209ef25d410a913824a04fbf1c3d,ETH,laser-front,820decb04dd74f6480b7b9e6c8a2f7d8,ETH_1,28d197cffaff4f61b438bea3c487856d,ETH
1234.cmodel,proj_0801b2d7,IO module,07719f03c3634193aed300c01012bff3,DI_2,3848b724a8b84ca9800a3256b3cc6a88,DI,up_sensor,a72279a85df345aba809eed5c2369108,DO_1,35640c7f74ea4490810f9a39eb1bc14c,DO
1234.cmodel,proj_0801b2d7,IO module,07719f03c3634193aed300c01012bff3,DI_3,619f6a413586418a8f4f92948449710b,DI,down_sensor,3cc65206187a4fb08c223ed77ddcf4c3,DO_1,cbf54ad302a94863bae83bcae4a49a5b,DO
new_proj_15kfuy5_packed (1).cmodel,proj_6e3ecc4f,MCPU-RA-MC-R318BN,50b7d78f-da88-4383-ac5c-303e13770bac,CAN_3,8442add7-2e7c-4cf5-b8bc-575cc1927000,CAN,IO-lnterface board,66154fce-9766-45a7-991f-0c14d597bc80,CAN_1,1b6533a6-bbd2-491b-8c40-b265716bb7a6,CAN
new_proj_15kfuy5_packed (1).cmodel,proj_6e3ecc4f,IO-lnterface board,66154fce-9766-45a7-991f-0c14d597bc80,DI_2,75e8b215-680c-448b-8866-b10379c8ee28,DI,emc,93d257b8-c8d8-45bd-b5db-32cc7674baa9,DO_1,aa66d14d-ebb4-4473-a4c7-1dfd68f34683,DO
new_proj_15kfuy5_packed (1).cmodel,proj_6e3ecc4f,IO-lnterface board,66154fce-9766-45a7-991f-0c14d597bc80,DI_3,0d2167ce-22d6-4294-beb9-582d7420fb87,DI,start,ac40db3a-9afc-4387-a68f-f5cba991128a,DO_1,4ddad8cf-1151-4563-87f7-4c107d0f1210,DO
new_proj_15kfuy5_packed (1).cmodel,proj_6e3ecc4f,IO-lnterface board,66154fce-9766-45a7-991f-0c14d597bc80,DI_4,d346f024-d631-4bcb-b717-55e5cfd2f51e,DI,reset,107b4e06-b18b-42dd-bb51-0bf413367d73,DO_1,4683c8c0-ec07-41d1-b615-522926b6b8f3,DO
new_proj_2osj9dz_packed.cmodel,proj_5cc5e9ea,IO-lnterface board,13f69b53-86cd-4a0c-a53d-5bca7b73f876,CAN_1,ea59f62f-a902-46ec-a875-0ccdf41cb78a,CAN,MCPU-RA-MC-R318BN,fc711ca7-99ea-4717-b269-e4a4e5f0aa8d,CAN_1,0d29ca22-e1cb-48a4-9408-c98b4a2df46f,CAN
proj_579b8c68_packed.cmodel,proj_e66ffdd0,driver-left,82bd967322c54e888ef9aaf9752aded0,CAN_1,98fc774977934e07901ec799b7bffdaa,CAN,MainController,30ce17ed495f40a6b90d85158c1d6f08,CAN_2,2ea0552b5a294d0e9945bec1137530ea,CAN
proj_579b8c68_packed.cmodel,proj_e66ffdd0,driver-left,82bd967322c54e888ef9aaf9752aded0,LINE_1,8dd9d94bb87c4b578c653b4edc461c97,LINE,motor-left,13e6b0ff93bc49e2a89a214744cae88b,LINE_1,a04a03ca08d945cb8d01e2af8214e097,LINE
proj_579b8c68_packed.cmodel,proj_e66ffdd0,driver-left,82bd967322c54e888ef9aaf9752aded0,ENCR_1,322245d559a54878a3dc6e305d4dfca7,ENCR,motor-left,13e6b0ff93bc49e2a89a214744cae88b,ENCR_1,1a181dc1be834800b49c0873ffe4c7a7,ENCR
proj_579b8c68_packed.cmodel,proj_e66ffdd0,driver-right,c42343264c884ff2a0ca3fee8fc81997,CAN_1,1b34489764f14cb29d94b43d7157132a,CAN,MainController,30ce17ed495f40a6b90d85158c1d6f08,CAN_2,2ea0552b5a294d0e9945bec1137530ea,CAN
proj_579b8c68_packed.cmodel,proj_e66ffdd0,driver-right,c42343264c884ff2a0ca3fee8fc81997,LINE_1,47c1cac505c9455ca8fb712c095798d0,LINE,motor-right,639dde0162a3442489651066aaf9cdc7,LINE_1,c8e329d1f55c4146952c13724d31dcb0,LINE
proj_579b8c68_packed.cmodel,proj_e66ffdd0,driver-right,c42343264c884ff2a0ca3fee8fc81997,ENCR_1,1667de5c5b1e426db53afb3e419fb006,ENCR,motor-right,639dde0162a3442489651066aaf9cdc7,ENCR_1,464a96a51d25407a91f2c961b30d9412,ENCR
proj_579b8c68_packed.cmodel,proj_e66ffdd0,driver-lift,baa1c9403ec24ad4924283322ff4af95,CAN_1,ca2f4db3796447d0ab8f0f620095bd77,CAN,MainController,30ce17ed495f40a6b90d85158c1d6f08,CAN_2,2ea0552b5a294d0e9945bec1137530ea,CAN
proj_579b8c68_packed.cmodel,proj_e66ffdd0,driver-lift,baa1c9403ec24ad4924283322ff4af95,LINE_1,3b957ea46b27441c80e0112123e2bc36,LINE,motor-lift,2dce6a0eb00c48ad9e16b1ab111a5de1,LINE_1,404c201670604c8c91da332f683e4598,LINE
proj_579b8c68_packed.cmodel,proj_e66ffdd0,driver-lift,baa1c9403ec24ad4924283322ff4af95,ENCR_1,71159e54ffe743fda65a868fca9ee1ca,ENCR,motor-lift,2dce6a0eb00c48ad9e16b1ab111a5de1,ENCR_1,6c4b0e925ddb4a2492a766f8dbc44ca0,ENCR
proj_579b8c68_packed.cmodel,proj_e66ffdd0,button-emc,82c4bc5d93dd40bfafc57e81773a6173,DO_1,f916b38c40384d2f87e3d112f8b89364,DO,IO module,07719f03c3634193aed300c01012bff3,DI_1,96ae90e3139e49fcbd2e19f46077159f,DI
proj_579b8c68_packed.cmodel,proj_e66ffdd0,lamp,d2001a74c8b14cc8a6d67c8c4dca15c3,DI_1,f1cb8e9d1b55441fbad461ea95c7addb,DI,IO module,07719f03c3634193aed300c01012bff3,DO_1,749fe2b61a9c412db8b9110c0b1565c8,DO
proj_579b8c68_packed.cmodel,proj_e66ffdd0,lamp,d2001a74c8b14cc8a6d67c8c4dca15c3,DI_2,b249fb92ed564a96bd8bc3047cbb29e5,DI,IO module,07719f03c3634193aed300c01012bff3,DO_2,028817e7eb5848069b3b179c16c966c8,DO
proj_579b8c68_packed.cmodel,proj_e66ffdd0,lamp,d2001a74c8b14cc8a6d67c8c4dca15c3,DI_3,3ecc311d62ef4d9d86492b837a28d392,DI,IO module,07719f03c3634193aed300c01012bff3,DO_3,e0b750687eed407f8f3a8410186b38de,DO
proj_579b8c68_packed.cmodel,proj_e66ffdd0,charger,b55630cb09d44f65ad482e9202714f1b,DI_1,f1196b3c6b4a4f799178668e4c6bc536,DI,IO module,07719f03c3634193aed300c01012bff3,DO_4,567fb65b09a544e4a6064f8861ae6962,DO
proj_579b8c68_packed.cmodel,proj_e66ffdd0,MainController,30ce17ed495f40a6b90d85158c1d6f08,CAN_3,1b899f8c4907479490c373180475bda3,CAN,IO module,07719f03c3634193aed300c01012bff3,CAN_1,643edc5a6bcd4ec693ca70c48303c0e6,CAN
proj_579b8c68_packed.cmodel,proj_e66ffdd0,MainController,30ce17ed495f40a6b90d85158c1d6f08,ETH_1,1df5209ef25d410a913824a04fbf1c3d,ETH,MainController,30ce17ed495f40a6b90d85158c1d6f08,ETH_1,1df5209ef25d410a913824a04fbf1c3d,ETH
proj_579b8c68_packed.cmodel,proj_e66ffdd0,MainController,30ce17ed495f40a6b90d85158c1d6f08,ETH_1,1df5209ef25d410a913824a04fbf1c3d,ETH,MainController,30ce17ed495f40a6b90d85158c1d6f08,ETH_2,5f05424e8d8c4a9a979a821d85e58248,ETH
proj_579b8c68_packed.cmodel,proj_e66ffdd0,MainController,30ce17ed495f40a6b90d85158c1d6f08,ETH_1,1df5209ef25d410a913824a04fbf1c3d,ETH,MainController,30ce17ed495f40a6b90d85158c1d6f08,ETH_3,f8174a537b9843dabfd0619be5bd2f11,ETH
proj_579b8c68_packed.cmodel,proj_e66ffdd0,MainController,30ce17ed495f40a6b90d85158c1d6f08,ETH_1,1df5209ef25d410a913824a04fbf1c3d,ETH,smart camera,349a2134e3494755a776854914f78c83,ETH_1,86b04af5fa9944819a700cfdcaa8aed9,ETH
proj_579b8c68_packed.cmodel,proj_e66ffdd0,MainController,30ce17ed495f40a6b90d85158c1d6f08,ETH_1,1df5209ef25d410a913824a04fbf1c3d,ETH,smart camera0,5cd062a3b2df4938b1c1a06a61645f1f,ETH_1,e79146c5a1054196b4a9e877109a8367,ETH
proj_579b8c68_packed.cmodel,proj_e66ffdd0,MainController,30ce17ed495f40a6b90d85158c1d6f08,ETH_1,1df5209ef25d410a913824a04fbf1c3d,ETH,laser-front,820decb04dd74f6480b7b9e6c8a2f7d8,ETH_1,28d197cffaff4f61b438bea3c487856d,ETH
proj_579b8c68_packed.cmodel,proj_e66ffdd0,IO module,07719f03c3634193aed300c01012bff3,DI_2,3848b724a8b84ca9800a3256b3cc6a88,DI,up_sensor,a72279a85df345aba809eed5c2369108,DO_1,35640c7f74ea4490810f9a39eb1bc14c,DO
proj_579b8c68_packed.cmodel,proj_e66ffdd0,IO module,07719f03c3634193aed300c01012bff3,DI_3,619f6a413586418a8f4f92948449710b,DI,down_sensor,3cc65206187a4fb08c223ed77ddcf4c3,DO_1,cbf54ad302a94863bae83bcae4a49a5b,DO
测试车模型(1).cmodel,proj_cc72559b,walk-motor,c99f14197a1a4b96ba19e8ce014f02cd,LINE_1,b539e863807749828e4a477ffeded075,LINE,ZAPI DRIVER,7036167b73674c44a0c1051cc119de0e,LINE_1,e6aff16acf02436083667c9353f773b3,LINE
测试车模型(1).cmodel,proj_cc72559b,steer-motor,18acf723445c4a67b4c275be56dae497,LINE_1,340d3306a38b49998b1329bcfa221c0a,LINE,kinco steer driver,ec8782d2d2034a79aef255ebe50dc646,LINE_1,c3575db5c1cd4827b664146330cd1684,LINE
测试车模型(1).cmodel,proj_cc72559b,steer-motor,18acf723445c4a67b4c275be56dae497,ENCR_1,91725272012a43f2958c6d47bc133fdc,ENCR,kinco steer driver,ec8782d2d2034a79aef255ebe50dc646,ENCR_1,89f6aca03d5244ff9580a8e06edb769f,ENCR
测试车模型(1).cmodel,proj_cc72559b,MainController,354410b3fb8d4f92b236c6934930e4df,RS485_1,3fd5cb91f5434695a3976a5c5f31ff14,RS485,battery,10918c46354a4f6994711df0d6251fbc,RS485_1,1226e5587e0f4c66bd48a17506af7f62,RS485
测试车模型(1).cmodel,proj_cc72559b,MainController,354410b3fb8d4f92b236c6934930e4df,CAN_2,b7706ac95d0d4aad9ca7b94680dfa652,CAN,kinco steer driver,ec8782d2d2034a79aef255ebe50dc646,CAN_1,c5c980329bc54be9ace336696b7c0c03,CAN
测试车模型(1).cmodel,proj_cc72559b,MainController,354410b3fb8d4f92b236c6934930e4df,CAN_2,b7706ac95d0d4aad9ca7b94680dfa652,CAN,ZAPI DRIVER,7036167b73674c44a0c1051cc119de0e,CAN_1,1f9512d522584735b50956708e7a84e4,CAN
测试车模型(1).cmodel,proj_cc72559b,MainController,354410b3fb8d4f92b236c6934930e4df,CAN_2,b7706ac95d0d4aad9ca7b94680dfa652,CAN,TofiEncoder,fc09180abcf64fd0a0ec5f7ab6837403,CAN_1,ce77da08d4fa4be887ec024abf5b1440,CAN
测试车模型(1).cmodel,proj_cc72559b,MainController,354410b3fb8d4f92b236c6934930e4df,CAN_3,645cb8a270de4ec0963f1271d0579ad9,CAN,IO module,a7ae59e9a9634e9a8aff4b8fdf6de98b,CAN_1,87443755f6c34b6db04dc9a5242e93f8,CAN
测试车模型(1).cmodel,proj_cc72559b,MainController,354410b3fb8d4f92b236c6934930e4df,ETH_1,70710dee4969400081dae10016c8f3bd,ETH,MainController,354410b3fb8d4f92b236c6934930e4df,ETH_1,70710dee4969400081dae10016c8f3bd,ETH
测试车模型(1).cmodel,proj_cc72559b,MainController,354410b3fb8d4f92b236c6934930e4df,ETH_1,70710dee4969400081dae10016c8f3bd,ETH,MainController,354410b3fb8d4f92b236c6934930e4df,ETH_2,63988ca24e9e4693a00938942ab66505,ETH
测试车模型(1).cmodel,proj_cc72559b,MainController,354410b3fb8d4f92b236c6934930e4df,ETH_1,70710dee4969400081dae10016c8f3bd,ETH,laser1,95a6634451094c84ac304d859d4378be,ETH_1,8bab7b24f3b94c87beb3b68d98f0d897,ETH
测试车模型(1).cmodel,proj_cc72559b,MainController,354410b3fb8d4f92b236c6934930e4df,ETH_1,70710dee4969400081dae10016c8f3bd,ETH,laser0,7b758c46bf01489bb6337d9cb14e7dce,ETH_1,a38ce594138b4208ab59db70be47afbc,ETH
测试车模型(1).cmodel,proj_cc72559b,MainController,354410b3fb8d4f92b236c6934930e4df,ETH_3,1cdbda5cd3ee46ebbc0643159177183c,ETH,laser,b3d1c692f20d4e44981f34fb990f490a,ETH_1,84fbb35ab69b4a819cbfad0c54b2d68b,ETH
测试车模型(1).cmodel,proj_cc72559b,IO module,a7ae59e9a9634e9a8aff4b8fdf6de98b,DI_1,d9703b6afb8d4c40805d083036e03f27,DI,button,c66a3fb788fa42c9a91e7d3580a98cdd,DO_1,a2dadc9cd3ba4610b95b52b28a6cb19e,DO
测试车模型(1).cmodel,proj_cc72559b,ZAPI DRIVER,7036167b73674c44a0c1051cc119de0e,LINE_2,78aa2fcbe4634e619afc759e96a3dc0f,LINE,lift_motor_bdc,1b9255adcd09409bb21f6786fe4e3094,LINE_1,10c3dbd499e04d579bf6ca1b3b5b46fc,LINE
proj_1cad053c_packed.cmodel,proj_7893ef2f,driver-left,82bd967322c54e888ef9aaf9752aded0,CAN_1,98fc774977934e07901ec799b7bffdaa,CAN,MainController,30ce17ed495f40a6b90d85158c1d6f08,CAN_2,2ea0552b5a294d0e9945bec1137530ea,CAN
proj_1cad053c_packed.cmodel,proj_7893ef2f,driver-left,82bd967322c54e888ef9aaf9752aded0,LINE_1,8dd9d94bb87c4b578c653b4edc461c97,LINE,motor-left,13e6b0ff93bc49e2a89a214744cae88b,LINE_1,a04a03ca08d945cb8d01e2af8214e097,LINE
proj_1cad053c_packed.cmodel,proj_7893ef2f,driver-left,82bd967322c54e888ef9aaf9752aded0,ENCR_1,322245d559a54878a3dc6e305d4dfca7,ENCR,motor-left,13e6b0ff93bc49e2a89a214744cae88b,ENCR_1,1a181dc1be834800b49c0873ffe4c7a7,ENCR
proj_1cad053c_packed.cmodel,proj_7893ef2f,driver-right,c42343264c884ff2a0ca3fee8fc81997,CAN_1,1b34489764f14cb29d94b43d7157132a,CAN,MainController,30ce17ed495f40a6b90d85158c1d6f08,CAN_2,2ea0552b5a294d0e9945bec1137530ea,CAN
proj_1cad053c_packed.cmodel,proj_7893ef2f,driver-right,c42343264c884ff2a0ca3fee8fc81997,LINE_1,47c1cac505c9455ca8fb712c095798d0,LINE,motor-right,639dde0162a3442489651066aaf9cdc7,LINE_1,c8e329d1f55c4146952c13724d31dcb0,LINE
proj_1cad053c_packed.cmodel,proj_7893ef2f,driver-right,c42343264c884ff2a0ca3fee8fc81997,ENCR_1,1667de5c5b1e426db53afb3e419fb006,ENCR,motor-right,639dde0162a3442489651066aaf9cdc7,ENCR_1,464a96a51d25407a91f2c961b30d9412,ENCR
proj_1cad053c_packed.cmodel,proj_7893ef2f,driver-lift,baa1c9403ec24ad4924283322ff4af95,CAN_1,ca2f4db3796447d0ab8f0f620095bd77,CAN,MainController,30ce17ed495f40a6b90d85158c1d6f08,CAN_2,2ea0552b5a294d0e9945bec1137530ea,CAN
proj_1cad053c_packed.cmodel,proj_7893ef2f,driver-lift,baa1c9403ec24ad4924283322ff4af95,LINE_1,3b957ea46b27441c80e0112123e2bc36,LINE,motor-lift,2dce6a0eb00c48ad9e16b1ab111a5de1,LINE_1,404c201670604c8c91da332f683e4598,LINE
proj_1cad053c_packed.cmodel,proj_7893ef2f,driver-lift,baa1c9403ec24ad4924283322ff4af95,ENCR_1,71159e54ffe743fda65a868fca9ee1ca,ENCR,motor-lift,2dce6a0eb00c48ad9e16b1ab111a5de1,ENCR_1,6c4b0e925ddb4a2492a766f8dbc44ca0,ENCR
proj_1cad053c_packed.cmodel,proj_7893ef2f,button-emc,82c4bc5d93dd40bfafc57e81773a6173,DO_1,f916b38c40384d2f87e3d112f8b89364,DO,IO module,07719f03c3634193aed300c01012bff3,DI_1,96ae90e3139e49fcbd2e19f46077159f,DI
proj_1cad053c_packed.cmodel,proj_7893ef2f,lamp,d2001a74c8b14cc8a6d67c8c4dca15c3,DI_1,f1cb8e9d1b55441fbad461ea95c7addb,DI,IO module,07719f03c3634193aed300c01012bff3,DO_1,749fe2b61a9c412db8b9110c0b1565c8,DO
proj_1cad053c_packed.cmodel,proj_7893ef2f,lamp,d2001a74c8b14cc8a6d67c8c4dca15c3,DI_2,b249fb92ed564a96bd8bc3047cbb29e5,DI,IO module,07719f03c3634193aed300c01012bff3,DO_2,028817e7eb5848069b3b179c16c966c8,DO
proj_1cad053c_packed.cmodel,proj_7893ef2f,lamp,d2001a74c8b14cc8a6d67c8c4dca15c3,DI_3,3ecc311d62ef4d9d86492b837a28d392,DI,IO module,07719f03c3634193aed300c01012bff3,DO_3,e0b750687eed407f8f3a8410186b38de,DO
proj_1cad053c_packed.cmodel,proj_7893ef2f,charger,b55630cb09d44f65ad482e9202714f1b,DI_1,f1196b3c6b4a4f799178668e4c6bc536,DI,IO module,07719f03c3634193aed300c01012bff3,DO_4,567fb65b09a544e4a6064f8861ae6962,DO
proj_1cad053c_packed.cmodel,proj_7893ef2f,MainController,30ce17ed495f40a6b90d85158c1d6f08,CAN_3,1b899f8c4907479490c373180475bda3,CAN,IO module,07719f03c3634193aed300c01012bff3,CAN_1,643edc5a6bcd4ec693ca70c48303c0e6,CAN
proj_1cad053c_packed.cmodel,proj_7893ef2f,MainController,30ce17ed495f40a6b90d85158c1d6f08,ETH_1,1df5209ef25d410a913824a04fbf1c3d,ETH,MainController,30ce17ed495f40a6b90d85158c1d6f08,ETH_1,1df5209ef25d410a913824a04fbf1c3d,ETH
proj_1cad053c_packed.cmodel,proj_7893ef2f,MainController,30ce17ed495f40a6b90d85158c1d6f08,ETH_1,1df5209ef25d410a913824a04fbf1c3d,ETH,MainController,30ce17ed495f40a6b90d85158c1d6f08,ETH_2,5f05424e8d8c4a9a979a821d85e58248,ETH
proj_1cad053c_packed.cmodel,proj_7893ef2f,MainController,30ce17ed495f40a6b90d85158c1d6f08,ETH_1,1df5209ef25d410a913824a04fbf1c3d,ETH,MainController,30ce17ed495f40a6b90d85158c1d6f08,ETH_3,f8174a537b9843dabfd0619be5bd2f11,ETH
proj_1cad053c_packed.cmodel,proj_7893ef2f,MainController,30ce17ed495f40a6b90d85158c1d6f08,ETH_1,1df5209ef25d410a913824a04fbf1c3d,ETH,smart camera,349a2134e3494755a776854914f78c83,ETH_1,86b04af5fa9944819a700cfdcaa8aed9,ETH
proj_1cad053c_packed.cmodel,proj_7893ef2f,MainController,30ce17ed495f40a6b90d85158c1d6f08,ETH_1,1df5209ef25d410a913824a04fbf1c3d,ETH,smart camera0,5cd062a3b2df4938b1c1a06a61645f1f,ETH_1,e79146c5a1054196b4a9e877109a8367,ETH
proj_1cad053c_packed.cmodel,proj_7893ef2f,MainController,30ce17ed495f40a6b90d85158c1d6f08,ETH_1,1df5209ef25d410a913824a04fbf1c3d,ETH,laser-front,820decb04dd74f6480b7b9e6c8a2f7d8,ETH_1,28d197cffaff4f61b438bea3c487856d,ETH
proj_1cad053c_packed.cmodel,proj_7893ef2f,IO module,07719f03c3634193aed300c01012bff3,DI_2,3848b724a8b84ca9800a3256b3cc6a88,DI,up_sensor,a72279a85df345aba809eed5c2369108,DO_1,35640c7f74ea4490810f9a39eb1bc14c,DO
proj_1cad053c_packed.cmodel,proj_7893ef2f,IO module,07719f03c3634193aed300c01012bff3,DI_3,619f6a413586418a8f4f92948449710b,DI,down_sensor,3cc65206187a4fb08c223ed77ddcf4c3,DO_1,cbf54ad302a94863bae83bcae4a49a5b,DO
proj_5f40dd56_packed.cmodel,proj_194eead5,LS-MR-LS-05H-N4017,21ba8444-1877-48bc-b3bb-f83e925d5763,ETH_1,aa4d8914-150c-43cb-ae5b-c6f50a65d773,ETH,MCPU-RA-MC-R318BN,fc711ca7-99ea-4717-b269-e4a4e5f0aa8d,ETH_1,e723436e-4f18-4378-b4d0-7c1b8423edb6,ETH
proj_5f40dd56_packed.cmodel,proj_194eead5,IO-lnterface board,13f69b53-86cd-4a0c-a53d-5bca7b73f876,CAN_1,ea59f62f-a902-46ec-a875-0ccdf41cb78a,CAN,MCPU-RA-MC-R318BN,fc711ca7-99ea-4717-b269-e4a4e5f0aa8d,CAN_1,0d29ca22-e1cb-48a4-9408-c98b4a2df46f,CAN
proj_17307d02_packed.cmodel,proj_0569bd62,driver-left,82bd967322c54e888ef9aaf9752aded0,CAN_1,98fc774977934e07901ec799b7bffdaa,CAN,MainController,30ce17ed495f40a6b90d85158c1d6f08,CAN_2,2ea0552b5a294d0e9945bec1137530ea,CAN
proj_17307d02_packed.cmodel,proj_0569bd62,driver-left,82bd967322c54e888ef9aaf9752aded0,LINE_1,8dd9d94bb87c4b578c653b4edc461c97,LINE,motor-left,13e6b0ff93bc49e2a89a214744cae88b,LINE_1,a04a03ca08d945cb8d01e2af8214e097,LINE
proj_17307d02_packed.cmodel,proj_0569bd62,driver-left,82bd967322c54e888ef9aaf9752aded0,ENCR_1,322245d559a54878a3dc6e305d4dfca7,ENCR,motor-left,13e6b0ff93bc49e2a89a214744cae88b,ENCR_1,1a181dc1be834800b49c0873ffe4c7a7,ENCR
proj_17307d02_packed.cmodel,proj_0569bd62,driver-right,c42343264c884ff2a0ca3fee8fc81997,CAN_1,1b34489764f14cb29d94b43d7157132a,CAN,MainController,30ce17ed495f40a6b90d85158c1d6f08,CAN_2,2ea0552b5a294d0e9945bec1137530ea,CAN
proj_17307d02_packed.cmodel,proj_0569bd62,driver-right,c42343264c884ff2a0ca3fee8fc81997,LINE_1,47c1cac505c9455ca8fb712c095798d0,LINE,motor-right,639dde0162a3442489651066aaf9cdc7,LINE_1,c8e329d1f55c4146952c13724d31dcb0,LINE
proj_17307d02_packed.cmodel,proj_0569bd62,driver-right,c42343264c884ff2a0ca3fee8fc81997,ENCR_1,1667de5c5b1e426db53afb3e419fb006,ENCR,motor-right,639dde0162a3442489651066aaf9cdc7,ENCR_1,464a96a51d25407a91f2c961b30d9412,ENCR
proj_17307d02_packed.cmodel,proj_0569bd62,driver-lift,baa1c9403ec24ad4924283322ff4af95,CAN_1,ca2f4db3796447d0ab8f0f620095bd77,CAN,MainController,30ce17ed495f40a6b90d85158c1d6f08,CAN_2,2ea0552b5a294d0e9945bec1137530ea,CAN
proj_17307d02_packed.cmodel,proj_0569bd62,driver-lift,baa1c9403ec24ad4924283322ff4af95,LINE_1,3b957ea46b27441c80e0112123e2bc36,LINE,motor-lift,2dce6a0eb00c48ad9e16b1ab111a5de1,LINE_1,404c201670604c8c91da332f683e4598,LINE
proj_17307d02_packed.cmodel,proj_0569bd62,driver-lift,baa1c9403ec24ad4924283322ff4af95,ENCR_1,71159e54ffe743fda65a868fca9ee1ca,ENCR,motor-lift,2dce6a0eb00c48ad9e16b1ab111a5de1,ENCR_1,6c4b0e925ddb4a2492a766f8dbc44ca0,ENCR
proj_17307d02_packed.cmodel,proj_0569bd62,button-emc,82c4bc5d93dd40bfafc57e81773a6173,DO_1,f916b38c40384d2f87e3d112f8b89364,DO,IO module,07719f03c3634193aed300c01012bff3,DI_1,96ae90e3139e49fcbd2e19f46077159f,DI
proj_17307d02_packed.cmodel,proj_0569bd62,lamp,d2001a74c8b14cc8a6d67c8c4dca15c3,DI_1,f1cb8e9d1b55441fbad461ea95c7addb,DI,IO module,07719f03c3634193aed300c01012bff3,DO_1,749fe2b61a9c412db8b9110c0b1565c8,DO
proj_17307d02_packed.cmodel,proj_0569bd62,lamp,d2001a74c8b14cc8a6d67c8c4dca15c3,DI_2,b249fb92ed564a96bd8bc3047cbb29e5,DI,IO module,07719f03c3634193aed300c01012bff3,DO_2,028817e7eb5848069b3b179c16c966c8,DO
proj_17307d02_packed.cmodel,proj_0569bd62,lamp,d2001a74c8b14cc8a6d67c8c4dca15c3,DI_3,3ecc311d62ef4d9d86492b837a28d392,DI,IO module,07719f03c3634193aed300c01012bff3,DO_3,e0b750687eed407f8f3a8410186b38de,DO
proj_17307d02_packed.cmodel,proj_0569bd62,charger,b55630cb09d44f65ad482e9202714f1b,DI_1,f1196b3c6b4a4f799178668e4c6bc536,DI,IO module,07719f03c3634193aed300c01012bff3,DO_4,567fb65b09a544e4a6064f8861ae6962,DO
proj_17307d02_packed.cmodel,proj_0569bd62,MainController,30ce17ed495f40a6b90d85158c1d6f08,CAN_3,1b899f8c4907479490c373180475bda3,CAN,IO module,07719f03c3634193aed300c01012bff3,CAN_1,643edc5a6bcd4ec693ca70c48303c0e6,CAN
proj_17307d02_packed.cmodel,proj_0569bd62,MainController,30ce17ed495f40a6b90d85158c1d6f08,ETH_1,1df5209ef25d410a913824a04fbf1c3d,ETH,MainController,30ce17ed495f40a6b90d85158c1d6f08,ETH_1,1df5209ef25d410a913824a04fbf1c3d,ETH
proj_17307d02_packed.cmodel,proj_0569bd62,MainController,30ce17ed495f40a6b90d85158c1d6f08,ETH_1,1df5209ef25d410a913824a04fbf1c3d,ETH,MainController,30ce17ed495f40a6b90d85158c1d6f08,ETH_2,5f05424e8d8c4a9a979a821d85e58248,ETH
proj_17307d02_packed.cmodel,proj_0569bd62,MainController,30ce17ed495f40a6b90d85158c1d6f08,ETH_1,1df5209ef25d410a913824a04fbf1c3d,ETH,MainController,30ce17ed495f40a6b90d85158c1d6f08,ETH_3,f8174a537b9843dabfd0619be5bd2f11,ETH
proj_17307d02_packed.cmodel,proj_0569bd62,MainController,30ce17ed495f40a6b90d85158c1d6f08,ETH_1,1df5209ef25d410a913824a04fbf1c3d,ETH,smart camera,349a2134e3494755a776854914f78c83,ETH_1,86b04af5fa9944819a700cfdcaa8aed9,ETH
proj_17307d02_packed.cmodel,proj_0569bd62,MainController,30ce17ed495f40a6b90d85158c1d6f08,ETH_1,1df5209ef25d410a913824a04fbf1c3d,ETH,smart camera0,5cd062a3b2df4938b1c1a06a61645f1f,ETH_1,e79146c5a1054196b4a9e877109a8367,ETH
proj_17307d02_packed.cmodel,proj_0569bd62,MainController,30ce17ed495f40a6b90d85158c1d6f08,ETH_1,1df5209ef25d410a913824a04fbf1c3d,ETH,laser-front,820decb04dd74f6480b7b9e6c8a2f7d8,ETH_1,28d197cffaff4f61b438bea3c487856d,ETH
proj_17307d02_packed.cmodel,proj_0569bd62,IO module,07719f03c3634193aed300c01012bff3,DI_2,3848b724a8b84ca9800a3256b3cc6a88,DI,up_sensor,a72279a85df345aba809eed5c2369108,DO_1,35640c7f74ea4490810f9a39eb1bc14c,DO
proj_17307d02_packed.cmodel,proj_0569bd62,IO module,07719f03c3634193aed300c01012bff3,DI_3,619f6a413586418a8f4f92948449710b,DI,down_sensor,3cc65206187a4fb08c223ed77ddcf4c3,DO_1,cbf54ad302a94863bae83bcae4a49a5b,DO
proj_8397240b_packed.cmodel,proj_9a36064b,driver-left,82bd967322c54e888ef9aaf9752aded0,CAN_1,98fc774977934e07901ec799b7bffdaa,CAN,MainController,30ce17ed495f40a6b90d85158c1d6f08,CAN_2,2ea0552b5a294d0e9945bec1137530ea,CAN
proj_8397240b_packed.cmodel,proj_9a36064b,driver-left,82bd967322c54e888ef9aaf9752aded0,LINE_1,8dd9d94bb87c4b578c653b4edc461c97,LINE,motor-left,13e6b0ff93bc49e2a89a214744cae88b,LINE_1,a04a03ca08d945cb8d01e2af8214e097,LINE
proj_8397240b_packed.cmodel,proj_9a36064b,driver-left,82bd967322c54e888ef9aaf9752aded0,ENCR_1,322245d559a54878a3dc6e305d4dfca7,ENCR,motor-left,13e6b0ff93bc49e2a89a214744cae88b,ENCR_1,1a181dc1be834800b49c0873ffe4c7a7,ENCR
proj_8397240b_packed.cmodel,proj_9a36064b,driver-right,c42343264c884ff2a0ca3fee8fc81997,CAN_1,1b34489764f14cb29d94b43d7157132a,CAN,MainController,30ce17ed495f40a6b90d85158c1d6f08,CAN_2,2ea0552b5a294d0e9945bec1137530ea,CAN
proj_8397240b_packed.cmodel,proj_9a36064b,driver-right,c42343264c884ff2a0ca3fee8fc81997,LINE_1,47c1cac505c9455ca8fb712c095798d0,LINE,motor-right,639dde0162a3442489651066aaf9cdc7,LINE_1,c8e329d1f55c4146952c13724d31dcb0,LINE
proj_8397240b_packed.cmodel,proj_9a36064b,driver-right,c42343264c884ff2a0ca3fee8fc81997,ENCR_1,1667de5c5b1e426db53afb3e419fb006,ENCR,motor-right,639dde0162a3442489651066aaf9cdc7,ENCR_1,464a96a51d25407a91f2c961b30d9412,ENCR
proj_8397240b_packed.cmodel,proj_9a36064b,driver-lift,baa1c9403ec24ad4924283322ff4af95,CAN_1,ca2f4db3796447d0ab8f0f620095bd77,CAN,MainController,30ce17ed495f40a6b90d85158c1d6f08,CAN_2,2ea0552b5a294d0e9945bec1137530ea,CAN
proj_8397240b_packed.cmodel,proj_9a36064b,driver-lift,baa1c9403ec24ad4924283322ff4af95,LINE_1,3b957ea46b27441c80e0112123e2bc36,LINE,motor-lift,2dce6a0eb00c48ad9e16b1ab111a5de1,LINE_1,404c201670604c8c91da332f683e4598,LINE
proj_8397240b_packed.cmodel,proj_9a36064b,driver-lift,baa1c9403ec24ad4924283322ff4af95,ENCR_1,71159e54ffe743fda65a868fca9ee1ca,ENCR,motor-lift,2dce6a0eb00c48ad9e16b1ab111a5de1,ENCR_1,6c4b0e925ddb4a2492a766f8dbc44ca0,ENCR
proj_8397240b_packed.cmodel,proj_9a36064b,button-emc,82c4bc5d93dd40bfafc57e81773a6173,DO_1,f916b38c40384d2f87e3d112f8b89364,DO,IO module,07719f03c3634193aed300c01012bff3,DI_1,96ae90e3139e49fcbd2e19f46077159f,DI
proj_8397240b_packed.cmodel,proj_9a36064b,lamp,d2001a74c8b14cc8a6d67c8c4dca15c3,DI_1,f1cb8e9d1b55441fbad461ea95c7addb,DI,IO module,07719f03c3634193aed300c01012bff3,DO_1,749fe2b61a9c412db8b9110c0b1565c8,DO
proj_8397240b_packed.cmodel,proj_9a36064b,lamp,d2001a74c8b14cc8a6d67c8c4dca15c3,DI_2,b249fb92ed564a96bd8bc3047cbb29e5,DI,IO module,07719f03c3634193aed300c01012bff3,DO_2,028817e7eb5848069b3b179c16c966c8,DO
proj_8397240b_packed.cmodel,proj_9a36064b,lamp,d2001a74c8b14cc8a6d67c8c4dca15c3,DI_3,3ecc311d62ef4d9d86492b837a28d392,DI,IO module,07719f03c3634193aed300c01012bff3,DO_3,e0b750687eed407f8f3a8410186b38de,DO
proj_8397240b_packed.cmodel,proj_9a36064b,charger,b55630cb09d44f65ad482e9202714f1b,DI_1,f1196b3c6b4a4f799178668e4c6bc536,DI,IO module,07719f03c3634193aed300c01012bff3,DO_4,567fb65b09a544e4a6064f8861ae6962,DO
proj_8397240b_packed.cmodel,proj_9a36064b,MainController,30ce17ed495f40a6b90d85158c1d6f08,CAN_3,1b899f8c4907479490c373180475bda3,CAN,IO module,07719f03c3634193aed300c01012bff3,CAN_1,643edc5a6bcd4ec693ca70c48303c0e6,CAN
proj_8397240b_packed.cmodel,proj_9a36064b,MainController,30ce17ed495f40a6b90d85158c1d6f08,ETH_1,1df5209ef25d410a913824a04fbf1c3d,ETH,MainController,30ce17ed495f40a6b90d85158c1d6f08,ETH_1,1df5209ef25d410a913824a04fbf1c3d,ETH
proj_8397240b_packed.cmodel,proj_9a36064b,MainController,30ce17ed495f40a6b90d85158c1d6f08,ETH_1,1df5209ef25d410a913824a04fbf1c3d,ETH,MainController,30ce17ed495f40a6b90d85158c1d6f08,ETH_2,5f05424e8d8c4a9a979a821d85e58248,ETH
proj_8397240b_packed.cmodel,proj_9a36064b,MainController,30ce17ed495f40a6b90d85158c1d6f08,ETH_1,1df5209ef25d410a913824a04fbf1c3d,ETH,MainController,30ce17ed495f40a6b90d85158c1d6f08,ETH_3,f8174a537b9843dabfd0619be5bd2f11,ETH
proj_8397240b_packed.cmodel,proj_9a36064b,MainController,30ce17ed495f40a6b90d85158c1d6f08,ETH_1,1df5209ef25d410a913824a04fbf1c3d,ETH,smart camera,349a2134e3494755a776854914f78c83,ETH_1,86b04af5fa9944819a700cfdcaa8aed9,ETH
proj_8397240b_packed.cmodel,proj_9a36064b,MainController,30ce17ed495f40a6b90d85158c1d6f08,ETH_1,1df5209ef25d410a913824a04fbf1c3d,ETH,smart camera0,5cd062a3b2df4938b1c1a06a61645f1f,ETH_1,e79146c5a1054196b4a9e877109a8367,ETH
proj_8397240b_packed.cmodel,proj_9a36064b,MainController,30ce17ed495f40a6b90d85158c1d6f08,ETH_1,1df5209ef25d410a913824a04fbf1c3d,ETH,laser-front,820decb04dd74f6480b7b9e6c8a2f7d8,ETH_1,28d197cffaff4f61b438bea3c487856d,ETH
proj_8397240b_packed.cmodel,proj_9a36064b,IO module,07719f03c3634193aed300c01012bff3,DI_2,3848b724a8b84ca9800a3256b3cc6a88,DI,up_sensor,a72279a85df345aba809eed5c2369108,DO_1,35640c7f74ea4490810f9a39eb1bc14c,DO
proj_8397240b_packed.cmodel,proj_9a36064b,IO module,07719f03c3634193aed300c01012bff3,DI_3,619f6a413586418a8f4f92948449710b,DI,down_sensor,3cc65206187a4fb08c223ed77ddcf4c3,DO_1,cbf54ad302a94863bae83bcae4a49a5b,DO
proj_32164c60_packed.cmodel,proj_a5e40608,driver-left,82bd967322c54e888ef9aaf9752aded0,CAN_1,98fc774977934e07901ec799b7bffdaa,CAN,MainController,30ce17ed495f40a6b90d85158c1d6f08,CAN_2,2ea0552b5a294d0e9945bec1137530ea,CAN
proj_32164c60_packed.cmodel,proj_a5e40608,driver-left,82bd967322c54e888ef9aaf9752aded0,LINE_1,8dd9d94bb87c4b578c653b4edc461c97,LINE,motor-left,13e6b0ff93bc49e2a89a214744cae88b,LINE_1,a04a03ca08d945cb8d01e2af8214e097,LINE
proj_32164c60_packed.cmodel,proj_a5e40608,driver-left,82bd967322c54e888ef9aaf9752aded0,ENCR_1,322245d559a54878a3dc6e305d4dfca7,ENCR,motor-left,13e6b0ff93bc49e2a89a214744cae88b,ENCR_1,1a181dc1be834800b49c0873ffe4c7a7,ENCR
proj_32164c60_packed.cmodel,proj_a5e40608,driver-right,c42343264c884ff2a0ca3fee8fc81997,CAN_1,1b34489764f14cb29d94b43d7157132a,CAN,MainController,30ce17ed495f40a6b90d85158c1d6f08,CAN_2,2ea0552b5a294d0e9945bec1137530ea,CAN
proj_32164c60_packed.cmodel,proj_a5e40608,driver-right,c42343264c884ff2a0ca3fee8fc81997,LINE_1,47c1cac505c9455ca8fb712c095798d0,LINE,motor-right,639dde0162a3442489651066aaf9cdc7,LINE_1,c8e329d1f55c4146952c13724d31dcb0,LINE
proj_32164c60_packed.cmodel,proj_a5e40608,driver-right,c42343264c884ff2a0ca3fee8fc81997,ENCR_1,1667de5c5b1e426db53afb3e419fb006,ENCR,motor-right,639dde0162a3442489651066aaf9cdc7,ENCR_1,464a96a51d25407a91f2c961b30d9412,ENCR
proj_32164c60_packed.cmodel,proj_a5e40608,driver-lift,baa1c9403ec24ad4924283322ff4af95,CAN_1,ca2f4db3796447d0ab8f0f620095bd77,CAN,MainController,30ce17ed495f40a6b90d85158c1d6f08,CAN_2,2ea0552b5a294d0e9945bec1137530ea,CAN
proj_32164c60_packed.cmodel,proj_a5e40608,driver-lift,baa1c9403ec24ad4924283322ff4af95,LINE_1,3b957ea46b27441c80e0112123e2bc36,LINE,motor-lift,2dce6a0eb00c48ad9e16b1ab111a5de1,LINE_1,404c201670604c8c91da332f683e4598,LINE
proj_32164c60_packed.cmodel,proj_a5e40608,driver-lift,baa1c9403ec24ad4924283322ff4af95,ENCR_1,71159e54ffe743fda65a868fca9ee1ca,ENCR,motor-lift,2dce6a0eb00c48ad9e16b1ab111a5de1,ENCR_1,6c4b0e925ddb4a2492a766f8dbc44ca0,ENCR
proj_32164c60_packed.cmodel,proj_a5e40608,button-emc,82c4bc5d93dd40bfafc57e81773a6173,DO_1,f916b38c40384d2f87e3d112f8b89364,DO,IO module,07719f03c3634193aed300c01012bff3,DI_1,96ae90e3139e49fcbd2e19f46077159f,DI
proj_32164c60_packed.cmodel,proj_a5e40608,lamp,d2001a74c8b14cc8a6d67c8c4dca15c3,DI_1,f1cb8e9d1b55441fbad461ea95c7addb,DI,IO module,07719f03c3634193aed300c01012bff3,DO_1,749fe2b61a9c412db8b9110c0b1565c8,DO
proj_32164c60_packed.cmodel,proj_a5e40608,lamp,d2001a74c8b14cc8a6d67c8c4dca15c3,DI_2,b249fb92ed564a96bd8bc3047cbb29e5,DI,IO module,07719f03c3634193aed300c01012bff3,DO_2,028817e7eb5848069b3b179c16c966c8,DO
proj_32164c60_packed.cmodel,proj_a5e40608,lamp,d2001a74c8b14cc8a6d67c8c4dca15c3,DI_3,3ecc311d62ef4d9d86492b837a28d392,DI,IO module,07719f03c3634193aed300c01012bff3,DO_3,e0b750687eed407f8f3a8410186b38de,DO
proj_32164c60_packed.cmodel,proj_a5e40608,charger,b55630cb09d44f65ad482e9202714f1b,DI_1,f1196b3c6b4a4f799178668e4c6bc536,DI,IO module,07719f03c3634193aed300c01012bff3,DO_4,567fb65b09a544e4a6064f8861ae6962,DO
proj_32164c60_packed.cmodel,proj_a5e40608,MainController,30ce17ed495f40a6b90d85158c1d6f08,CAN_3,1b899f8c4907479490c373180475bda3,CAN,IO module,07719f03c3634193aed300c01012bff3,CAN_1,643edc5a6bcd4ec693ca70c48303c0e6,CAN
proj_32164c60_packed.cmodel,proj_a5e40608,MainController,30ce17ed495f40a6b90d85158c1d6f08,ETH_1,1df5209ef25d410a913824a04fbf1c3d,ETH,MainController,30ce17ed495f40a6b90d85158c1d6f08,ETH_1,1df5209ef25d410a913824a04fbf1c3d,ETH
proj_32164c60_packed.cmodel,proj_a5e40608,MainController,30ce17ed495f40a6b90d85158c1d6f08,ETH_1,1df5209ef25d410a913824a04fbf1c3d,ETH,MainController,30ce17ed495f40a6b90d85158c1d6f08,ETH_2,5f05424e8d8c4a9a979a821d85e58248,ETH
proj_32164c60_packed.cmodel,proj_a5e40608,MainController,30ce17ed495f40a6b90d85158c1d6f08,ETH_1,1df5209ef25d410a913824a04fbf1c3d,ETH,MainController,30ce17ed495f40a6b90d85158c1d6f08,ETH_3,f8174a537b9843dabfd0619be5bd2f11,ETH
proj_32164c60_packed.cmodel,proj_a5e40608,MainController,30ce17ed495f40a6b90d85158c1d6f08,ETH_1,1df5209ef25d410a913824a04fbf1c3d,ETH,smart camera,349a2134e3494755a776854914f78c83,ETH_1,86b04af5fa9944819a700cfdcaa8aed9,ETH
proj_32164c60_packed.cmodel,proj_a5e40608,MainController,30ce17ed495f40a6b90d85158c1d6f08,ETH_1,1df5209ef25d410a913824a04fbf1c3d,ETH,smart camera0,5cd062a3b2df4938b1c1a06a61645f1f,ETH_1,e79146c5a1054196b4a9e877109a8367,ETH
proj_32164c60_packed.cmodel,proj_a5e40608,MainController,30ce17ed495f40a6b90d85158c1d6f08,ETH_1,1df5209ef25d410a913824a04fbf1c3d,ETH,laser-front,820decb04dd74f6480b7b9e6c8a2f7d8,ETH_1,28d197cffaff4f61b438bea3c487856d,ETH
proj_32164c60_packed.cmodel,proj_a5e40608,IO module,07719f03c3634193aed300c01012bff3,DI_2,3848b724a8b84ca9800a3256b3cc6a88,DI,up_sensor,a72279a85df345aba809eed5c2369108,DO_1,35640c7f74ea4490810f9a39eb1bc14c,DO
proj_32164c60_packed.cmodel,proj_a5e40608,IO module,07719f03c3634193aed300c01012bff3,DI_3,619f6a413586418a8f4f92948449710b,DI,down_sensor,3cc65206187a4fb08c223ed77ddcf4c3,DO_1,cbf54ad302a94863bae83bcae4a49a5b,DO
AOBO.cmodel555.cmodel,proj_2b4abde3,driver_BR_left,2578fcd3a0dc46f6bb9291e728046619,CAN_1,f6c23797169348b090bc701625f19ac6,CAN,MainController,1393d6e420b447efb2b74dec43fc8857,CAN_2,01bdbf7242a74f04a89cf96cfb49835d,CAN
AOBO.cmodel555.cmodel,proj_2b4abde3,driver_BR_left,2578fcd3a0dc46f6bb9291e728046619,LINE_1,115c01decf594001ba32434e272ea883,LINE,motor_BR_left,a6f20fb7a6044377b5560fae2c46fcae,LINE_1,946dc4dbd6e44457a0f61694846acf21,LINE
AOBO.cmodel555.cmodel,proj_2b4abde3,driver_BR_left,2578fcd3a0dc46f6bb9291e728046619,ENCR_1,1b37a0ebdb9d4872870501ef715c4c35,ENCR,motor_BR_left,a6f20fb7a6044377b5560fae2c46fcae,ENCR_1,f70d25185a6340a6b5e1f636fd0d776e,ENCR
AOBO.cmodel555.cmodel,proj_2b4abde3,driver_BR_right,50785cd68f6b46cbb0e1a4e138311b36,CAN_1,61261bfd8fee4912b2a44003e30e0d75,CAN,MainController,1393d6e420b447efb2b74dec43fc8857,CAN_2,01bdbf7242a74f04a89cf96cfb49835d,CAN
AOBO.cmodel555.cmodel,proj_2b4abde3,driver_BR_right,50785cd68f6b46cbb0e1a4e138311b36,LINE_1,8f75713e80484893b4fc471306b66c97,LINE,motor_BR_right,3ce4e55a955543b6a5309fc08cc8abea,LINE_1,562cd0f0a6bd47d196ebcf95e525e777,LINE
AOBO.cmodel555.cmodel,proj_2b4abde3,driver_BR_right,50785cd68f6b46cbb0e1a4e138311b36,ENCR_1,625fc926461a49f9b3a800efa5cb9932,ENCR,motor_BR_right,3ce4e55a955543b6a5309fc08cc8abea,ENCR_1,fc9e188da3444e7c87953a2ea1258e08,ENCR
AOBO.cmodel555.cmodel,proj_2b4abde3,driver_FL_right,25530f4dbb3343f287f0116b976e8bf8,CAN_1,9ee587a7abc84ccda58e6fd9f45025f5,CAN,MainController,1393d6e420b447efb2b74dec43fc8857,CAN_2,01bdbf7242a74f04a89cf96cfb49835d,CAN
AOBO.cmodel555.cmodel,proj_2b4abde3,driver_FL_right,25530f4dbb3343f287f0116b976e8bf8,LINE_1,45896b813dbb4d61be36f92b2e9141f9,LINE,motor_FL_right,7a7d3ff53be149e293f0eb03de13d5d0,LINE_1,625f8e28e91c4369b2a0e90da105fe05,LINE
AOBO.cmodel555.cmodel,proj_2b4abde3,driver_FL_right,25530f4dbb3343f287f0116b976e8bf8,ENCR_1,045021089b494fc5801c78ee5e257e01,ENCR,motor_FL_right,7a7d3ff53be149e293f0eb03de13d5d0,ENCR_1,acbbc9719d9c45e1bd29478217c5b23e,ENCR
AOBO.cmodel555.cmodel,proj_2b4abde3,driver_FL_left,806c17a8259846eab16878155559ec25,CAN_1,cff2f50a99de4b4aa8d710024b848dbe,CAN,MainController,1393d6e420b447efb2b74dec43fc8857,CAN_2,01bdbf7242a74f04a89cf96cfb49835d,CAN
AOBO.cmodel555.cmodel,proj_2b4abde3,driver_FL_left,806c17a8259846eab16878155559ec25,LINE_1,8bf5bf41571b42a3867938885c0a4812,LINE,motor_FL_left,a640fbe578e9421b9fb9574fca9a6efd,LINE_1,a0ab0e1bacd341a4915235eb29d4bcb2,LINE
AOBO.cmodel555.cmodel,proj_2b4abde3,driver_FL_left,806c17a8259846eab16878155559ec25,ENCR_1,4c60556056894cb385e0de14dc3b883c,ENCR,motor_FL_left,a640fbe578e9421b9fb9574fca9a6efd,ENCR_1,67a524a3bf894388a14c20747dc72b24,ENCR
AOBO.cmodel555.cmodel,proj_2b4abde3,MainController,1393d6e420b447efb2b74dec43fc8857,RS485_1,91bd53cb95b041ffa1faca92b5cd1f3c,RS485,battery,8263cf18dfd5445fb9559edb78e1f0e8,RS485_1,80709990ae524e228c9ac99e280931f7,RS485
AOBO.cmodel555.cmodel,proj_2b4abde3,MainController,1393d6e420b447efb2b74dec43fc8857,RS485_2,b2ff46a2a2a748528d67ee25a0641009,RS485,screen,2304dff692824935b83c27116dcb099a,RS485_1,8b7e24a14eba40e59f7d90f69a998019,RS485
AOBO.cmodel555.cmodel,proj_2b4abde3,MainController,1393d6e420b447efb2b74dec43fc8857,CAN_2,01bdbf7242a74f04a89cf96cfb49835d,CAN,driver_DoorFrame,b29206124e7949eabd2f002b850a25c4,CAN_1,3b7fd0188bb6428ca80ad33bd8248c74,CAN
AOBO.cmodel555.cmodel,proj_2b4abde3,MainController,1393d6e420b447efb2b74dec43fc8857,CAN_3,b188441d876a42608b0144ca77abf6ca,CAN,IO module,db0ce767a9c24eda874b8845e03ecfe1,CAN_1,5d6d855beb6146d590e197a6701c315b,CAN
AOBO.cmodel555.cmodel,proj_2b4abde3,MainController,1393d6e420b447efb2b74dec43fc8857,CAN_3,b188441d876a42608b0144ca77abf6ca,CAN,IO module0,4d96da68ce984898882901cf44903402,CAN_1,fdefdc77ead44a01aa54bc9a2e952b05,CAN
AOBO.cmodel555.cmodel,proj_2b4abde3,MainController,1393d6e420b447efb2b74dec43fc8857,CAN_3,b188441d876a42608b0144ca77abf6ca,CAN,FL_Encoder,5a21bb43a5524307ab59a5d4a62095d8,CAN_1,1f62fe6b74924967a78de2f22e474667,CAN
AOBO.cmodel555.cmodel,proj_2b4abde3,MainController,1393d6e420b447efb2b74dec43fc8857,CAN_3,b188441d876a42608b0144ca77abf6ca,CAN,BR_Encoder,4b5392e7b3f6478cbc9c9e661e709617,CAN_1,7c1539acf1264e2d8828085833d1f800,CAN
AOBO.cmodel555.cmodel,proj_2b4abde3,MainController,1393d6e420b447efb2b74dec43fc8857,CAN_3,b188441d876a42608b0144ca77abf6ca,CAN,DoorFrame_Encoder,909c99cb46734793bc14bcbf29450f02,CAN_1,aaeb70ee9b954158a0f6186d9449859f,CAN
AOBO.cmodel555.cmodel,proj_2b4abde3,MainController,1393d6e420b447efb2b74dec43fc8857,CAN_3,b188441d876a42608b0144ca77abf6ca,CAN,UpDown_Encoder,1954ffbafe1047d08679ae1a0f724b4d,CAN_1,e41996db4b3341bb8e60a72d7f1f59a8,CAN
AOBO.cmodel555.cmodel,proj_2b4abde3,MainController,1393d6e420b447efb2b74dec43fc8857,CAN_3,b188441d876a42608b0144ca77abf6ca,CAN,incEncoder,c486d1d47fbf4cc1be28b335a34d6a66,CAN_1,2e566f03ea84459c86f3da4fafef097e,CAN
AOBO.cmodel555.cmodel,proj_2b4abde3,MainController,1393d6e420b447efb2b74dec43fc8857,ETH_1,010700cc459f41eaa084ab46b4b5831a,ETH,MainController,1393d6e420b447efb2b74dec43fc8857,ETH_1,010700cc459f41eaa084ab46b4b5831a,ETH
AOBO.cmodel555.cmodel,proj_2b4abde3,MainController,1393d6e420b447efb2b74dec43fc8857,ETH_1,010700cc459f41eaa084ab46b4b5831a,ETH,MainController,1393d6e420b447efb2b74dec43fc8857,ETH_2,fd57f73288034f48a7b7f2f65defacfd,ETH
AOBO.cmodel555.cmodel,proj_2b4abde3,MainController,1393d6e420b447efb2b74dec43fc8857,ETH_1,010700cc459f41eaa084ab46b4b5831a,ETH,MainController,1393d6e420b447efb2b74dec43fc8857,ETH_3,33fd24e3026442d4b45467a68974011e,ETH
AOBO.cmodel555.cmodel,proj_2b4abde3,MainController,1393d6e420b447efb2b74dec43fc8857,ETH_1,010700cc459f41eaa084ab46b4b5831a,ETH,smart camera,3b2829d4c4654b61b784be5eb124139a,ETH_1,9f33e44a134e479596d018b80316c024,ETH
AOBO.cmodel555.cmodel,proj_2b4abde3,MainController,1393d6e420b447efb2b74dec43fc8857,ETH_1,010700cc459f41eaa084ab46b4b5831a,ETH,laser_350,b8642a986400458eadc1905f2d7a7abf,ETH_1,7c50c866873a4d0a8ec6de41d1f28ce6,ETH
AOBO.cmodel555.cmodel,proj_2b4abde3,MainController,1393d6e420b447efb2b74dec43fc8857,ETH_3,33fd24e3026442d4b45467a68974011e,ETH,laser,192fdfadc8d943d8a53b1ca1cb367093,ETH_1,48e3c4e373f84941b9bc398dea54f41b,ETH
AOBO.cmodel555.cmodel,proj_2b4abde3,IO module,db0ce767a9c24eda874b8845e03ecfe1,DI_1,f6885cae09ab427ebf94dc0bb3d3b64f,DI,button,c3437b779106460f8cdc21a841413eee,DO_1,9d54fad2ec85428dba40e6b6f7c33165,DO
AOBO.cmodel555.cmodel,proj_2b4abde3,IO module,db0ce767a9c24eda874b8845e03ecfe1,DI_2,dc44fa366db94c54b79d0df8036981d6,DI,up_limit,a03612270bd345b49987f49764726142,DO_1,4475743a8cc44c1d8f8af7c51dda439d,DO
AOBO.cmodel555.cmodel,proj_2b4abde3,IO module,db0ce767a9c24eda874b8845e03ecfe1,DI_3,6d3e439d3d98464186b722053f17633c,DI,down_limit,9067b899088c4071952670666dccf6a1,DO_1,8b82e326ab714e8fb09ef2f914fc6365,DO
AOBO.cmodel555.cmodel,proj_2b4abde3,IO module,db0ce767a9c24eda874b8845e03ecfe1,DI_4,46aa36ab2b5044e3962133b5fe510a66,DI,CB_Back_in_pace,c560964776b747e3a9d07d0d55348495,DO_1,920a02cb2b654e18ad4b6dee8d9cf0ec,DO
AOBO.cmodel555.cmodel,proj_2b4abde3,IO module,db0ce767a9c24eda874b8845e03ecfe1,DI_5,239cdc72be174c0694c741043de9bd53,DI,CB_Front_in_pace,a71becc5ebca4e678678b394f073495d,DO_1,068659a9b5b54a4e986f2f0c899a87e0,DO
AOBO.cmodel555.cmodel,proj_2b4abde3,IO module,db0ce767a9c24eda874b8845e03ecfe1,DI_7,80848037b1684a0a81c0bb78e738a796,DI,CB_Front,63f0f3997af344c0ab40749f5d4a1c8e,DO_1,f2b68a133afc49b1b51fe789a44bf696,DO
AOBO.cmodel555.cmodel,proj_2b4abde3,IO module,db0ce767a9c24eda874b8845e03ecfe1,DO_1,ae811f7b75d6426188601cda6db4fad0,DO,Charging_relay,d80631bb245b4a74b17a976a64f71b06,DI_1,b79ca7f3266e4bc9a6950a571255185c,DI
AOBO.cmodel555.cmodel,proj_2b4abde3,IO module,db0ce767a9c24eda874b8845e03ecfe1,DO_2,55f9a9bef43949cbb99876edda2f5fa6,DO,Oil_pump_up,e6b2feec1c684a2b9998b2908c74951a,DI_1,211f2b0bbeda457095b6ebb35a639d8e,DI
AOBO.cmodel555.cmodel,proj_2b4abde3,IO module,db0ce767a9c24eda874b8845e03ecfe1,DO_3,9ee8f788095148d8ae6734a5199e1f09,DO,Oil_pump_down,d858276af9264e788002afe464b86a15,DI_1,564f81f04fc24ce5a70db5c38e99d9b8,DI
AOBO.cmodel555.cmodel,proj_2b4abde3,IO module,db0ce767a9c24eda874b8845e03ecfe1,DO_4,6d422185e9cb49bf9c7bec841b5c2159,DO,Oil_main_switch,14c890716d4f498a97e898417275abe3,DI_1,c2b86507d6b34d2c8f9d1a86d2c8d269,DI
AOBO.cmodel555.cmodel,proj_2b4abde3,IO module,db0ce767a9c24eda874b8845e03ecfe1,DO_5,26679d071c2f479090d8186d5075d633,DO,lamp,6953bad0e1024369a6a7c723125d600d,DI_1,0bf5f42798be480d9facc89081dcc542,DI
AOBO.cmodel555.cmodel,proj_2b4abde3,IO module,db0ce767a9c24eda874b8845e03ecfe1,DO_6,1d22e7022bea40568957912706d0b984,DO,lamp,6953bad0e1024369a6a7c723125d600d,DI_3,70f475f9900c4976b1f1b7adeae76092,DI
AOBO.cmodel555.cmodel,proj_2b4abde3,IO module,db0ce767a9c24eda874b8845e03ecfe1,DO_7,e0379d1f04f545c6a572da87260265d5,DO,lamp,6953bad0e1024369a6a7c723125d600d,DI_2,1ed76127acbe4d8aad52fb548f61f78f,DI
AOBO.cmodel555.cmodel,proj_2b4abde3,IO module,db0ce767a9c24eda874b8845e03ecfe1,DO_8,3cfc284305d6498696bee18294533082,DO,comDo,b4af4e756f0a4a7badae92baff7a7811,DI_1,571ea6d9178a4999acfdf9ddd67ffe13,DI
AOBO.cmodel555.cmodel,proj_2b4abde3,IO module0,4d96da68ce984898882901cf44903402,DI_1,b2ab28cb80874bc1a74df2d627eb0463,DI,DoorFrame_origin,44f8c92361904e94bef151cb0220170f,DO_1,dbc2bce123e84cf0adc8e4551353f1b8,DO
AOBO.cmodel555.cmodel,proj_2b4abde3,IO module0,4d96da68ce984898882901cf44903402,DI_2,11b209655f314d2c9591e04df62fc063,DI,DoorFrame_limit,ceea780c43ea4c07a6d3b6b94d04b0a3,DO_1,073a30ec174546669c5f99effeb51b1c,DO
AOBO.cmodel555.cmodel,proj_2b4abde3,IO module0,4d96da68ce984898882901cf44903402,DI_3,039581607e6745b3b6bf03f0d0efe9e6,DI,BR_left_limit,40f05dd4757b46de85d55cafa943c3d9,DO_1,a7de53718acb410fb7f51b636387a5ed,DO
AOBO.cmodel555.cmodel,proj_2b4abde3,IO module0,4d96da68ce984898882901cf44903402,DI_4,0cc7e18fc2024d5db2d6e9c20239eb7f,DI,BR_right_limit,6442697a82d94fc4a94e1e497e6fd3af,DO_1,b5950d38bee94e118a321f9080899dbc,DO
AOBO.cmodel555.cmodel,proj_2b4abde3,IO module0,4d96da68ce984898882901cf44903402,DI_8,87baa7d5b0a041d3b9bfa8d603907682,DI,CB_Back,062943f1b25b47a79a3e27d334301835,DO_1,2e102d3bf3354109ab55eb3eecc7ae22,DO
AOBO.cmodel555.cmodel,proj_2b4abde3,driver_DoorFrame,b29206124e7949eabd2f002b850a25c4,LINE_1,c37f05c243c041b6a5b92444b71671bd,LINE,motor_DoorFrame,bbe50c1b1f71431ea24cb69d19173b2c,LINE_1,e23b994052b346cdbbf857403c941500,LINE
AOBO.cmodel555.cmodel,proj_2b4abde3,driver_DoorFrame,b29206124e7949eabd2f002b850a25c4,ENCR_1,bec9ad4ea9f345de911ac75b87202ee9,ENCR,motor_DoorFrame,bbe50c1b1f71431ea24cb69d19173b2c,ENCR_1,1518206452f04708bb1309a8f80dfb40,ENCR
proj_4bd913ce_packed.cmodel,proj_e6b5b393,driver-left,82bd967322c54e888ef9aaf9752aded0,CAN_1,98fc774977934e07901ec799b7bffdaa,CAN,MainController,30ce17ed495f40a6b90d85158c1d6f08,CAN_2,2ea0552b5a294d0e9945bec1137530ea,CAN
proj_4bd913ce_packed.cmodel,proj_e6b5b393,driver-left,82bd967322c54e888ef9aaf9752aded0,LINE_1,8dd9d94bb87c4b578c653b4edc461c97,LINE,motor-left,13e6b0ff93bc49e2a89a214744cae88b,LINE_1,a04a03ca08d945cb8d01e2af8214e097,LINE
proj_4bd913ce_packed.cmodel,proj_e6b5b393,driver-left,82bd967322c54e888ef9aaf9752aded0,ENCR_1,322245d559a54878a3dc6e305d4dfca7,ENCR,motor-left,13e6b0ff93bc49e2a89a214744cae88b,ENCR_1,1a181dc1be834800b49c0873ffe4c7a7,ENCR
proj_4bd913ce_packed.cmodel,proj_e6b5b393,driver-right,c42343264c884ff2a0ca3fee8fc81997,CAN_1,1b34489764f14cb29d94b43d7157132a,CAN,MainController,30ce17ed495f40a6b90d85158c1d6f08,CAN_2,2ea0552b5a294d0e9945bec1137530ea,CAN
proj_4bd913ce_packed.cmodel,proj_e6b5b393,driver-right,c42343264c884ff2a0ca3fee8fc81997,LINE_1,47c1cac505c9455ca8fb712c095798d0,LINE,motor-right,639dde0162a3442489651066aaf9cdc7,LINE_1,c8e329d1f55c4146952c13724d31dcb0,LINE
proj_4bd913ce_packed.cmodel,proj_e6b5b393,driver-right,c42343264c884ff2a0ca3fee8fc81997,ENCR_1,1667de5c5b1e426db53afb3e419fb006,ENCR,motor-right,639dde0162a3442489651066aaf9cdc7,ENCR_1,464a96a51d25407a91f2c961b30d9412,ENCR
proj_4bd913ce_packed.cmodel,proj_e6b5b393,driver-lift,baa1c9403ec24ad4924283322ff4af95,CAN_1,ca2f4db3796447d0ab8f0f620095bd77,CAN,MainController,30ce17ed495f40a6b90d85158c1d6f08,CAN_2,2ea0552b5a294d0e9945bec1137530ea,CAN
proj_4bd913ce_packed.cmodel,proj_e6b5b393,driver-lift,baa1c9403ec24ad4924283322ff4af95,LINE_1,3b957ea46b27441c80e0112123e2bc36,LINE,motor-lift,2dce6a0eb00c48ad9e16b1ab111a5de1,LINE_1,404c201670604c8c91da332f683e4598,LINE
proj_4bd913ce_packed.cmodel,proj_e6b5b393,driver-lift,baa1c9403ec24ad4924283322ff4af95,ENCR_1,71159e54ffe743fda65a868fca9ee1ca,ENCR,motor-lift,2dce6a0eb00c48ad9e16b1ab111a5de1,ENCR_1,6c4b0e925ddb4a2492a766f8dbc44ca0,ENCR
proj_4bd913ce_packed.cmodel,proj_e6b5b393,button-emc,82c4bc5d93dd40bfafc57e81773a6173,DO_1,f916b38c40384d2f87e3d112f8b89364,DO,IO module,07719f03c3634193aed300c01012bff3,DI_1,96ae90e3139e49fcbd2e19f46077159f,DI
proj_4bd913ce_packed.cmodel,proj_e6b5b393,lamp,d2001a74c8b14cc8a6d67c8c4dca15c3,DI_1,f1cb8e9d1b55441fbad461ea95c7addb,DI,IO module,07719f03c3634193aed300c01012bff3,DO_1,749fe2b61a9c412db8b9110c0b1565c8,DO
proj_4bd913ce_packed.cmodel,proj_e6b5b393,lamp,d2001a74c8b14cc8a6d67c8c4dca15c3,DI_2,b249fb92ed564a96bd8bc3047cbb29e5,DI,IO module,07719f03c3634193aed300c01012bff3,DO_2,028817e7eb5848069b3b179c16c966c8,DO
proj_4bd913ce_packed.cmodel,proj_e6b5b393,lamp,d2001a74c8b14cc8a6d67c8c4dca15c3,DI_3,3ecc311d62ef4d9d86492b837a28d392,DI,IO module,07719f03c3634193aed300c01012bff3,DO_3,e0b750687eed407f8f3a8410186b38de,DO
proj_4bd913ce_packed.cmodel,proj_e6b5b393,charger,b55630cb09d44f65ad482e9202714f1b,DI_1,f1196b3c6b4a4f799178668e4c6bc536,DI,IO module,07719f03c3634193aed300c01012bff3,DO_4,567fb65b09a544e4a6064f8861ae6962,DO
proj_4bd913ce_packed.cmodel,proj_e6b5b393,MainController,30ce17ed495f40a6b90d85158c1d6f08,CAN_3,1b899f8c4907479490c373180475bda3,CAN,IO module,07719f03c3634193aed300c01012bff3,CAN_1,643edc5a6bcd4ec693ca70c48303c0e6,CAN
proj_4bd913ce_packed.cmodel,proj_e6b5b393,MainController,30ce17ed495f40a6b90d85158c1d6f08,ETH_1,1df5209ef25d410a913824a04fbf1c3d,ETH,MainController,30ce17ed495f40a6b90d85158c1d6f08,ETH_1,1df5209ef25d410a913824a04fbf1c3d,ETH
proj_4bd913ce_packed.cmodel,proj_e6b5b393,MainController,30ce17ed495f40a6b90d85158c1d6f08,ETH_1,1df5209ef25d410a913824a04fbf1c3d,ETH,MainController,30ce17ed495f40a6b90d85158c1d6f08,ETH_2,5f05424e8d8c4a9a979a821d85e58248,ETH
proj_4bd913ce_packed.cmodel,proj_e6b5b393,MainController,30ce17ed495f40a6b90d85158c1d6f08,ETH_1,1df5209ef25d410a913824a04fbf1c3d,ETH,MainController,30ce17ed495f40a6b90d85158c1d6f08,ETH_3,f8174a537b9843dabfd0619be5bd2f11,ETH
proj_4bd913ce_packed.cmodel,proj_e6b5b393,MainController,30ce17ed495f40a6b90d85158c1d6f08,ETH_1,1df5209ef25d410a913824a04fbf1c3d,ETH,smart camera,349a2134e3494755a776854914f78c83,ETH_1,86b04af5fa9944819a700cfdcaa8aed9,ETH
proj_4bd913ce_packed.cmodel,proj_e6b5b393,MainController,30ce17ed495f40a6b90d85158c1d6f08,ETH_1,1df5209ef25d410a913824a04fbf1c3d,ETH,smart camera0,5cd062a3b2df4938b1c1a06a61645f1f,ETH_1,e79146c5a1054196b4a9e877109a8367,ETH
proj_4bd913ce_packed.cmodel,proj_e6b5b393,MainController,30ce17ed495f40a6b90d85158c1d6f08,ETH_1,1df5209ef25d410a913824a04fbf1c3d,ETH,laser-front,820decb04dd74f6480b7b9e6c8a2f7d8,ETH_1,28d197cffaff4f61b438bea3c487856d,ETH
proj_4bd913ce_packed.cmodel,proj_e6b5b393,IO module,07719f03c3634193aed300c01012bff3,DI_2,3848b724a8b84ca9800a3256b3cc6a88,DI,up_sensor,a72279a85df345aba809eed5c2369108,DO_1,35640c7f74ea4490810f9a39eb1bc14c,DO
proj_4bd913ce_packed.cmodel,proj_e6b5b393,IO module,07719f03c3634193aed300c01012bff3,DI_3,619f6a413586418a8f4f92948449710b,DI,down_sensor,3cc65206187a4fb08c223ed77ddcf4c3,DO_1,cbf54ad302a94863bae83bcae4a49a5b,DO
proj_df3aa7ef_packed.cmodel,proj_c26fbf5f,driver-left,82bd967322c54e888ef9aaf9752aded0,CAN_1,98fc774977934e07901ec799b7bffdaa,CAN,MainController,30ce17ed495f40a6b90d85158c1d6f08,CAN_2,2ea0552b5a294d0e9945bec1137530ea,CAN
proj_df3aa7ef_packed.cmodel,proj_c26fbf5f,driver-left,82bd967322c54e888ef9aaf9752aded0,LINE_1,8dd9d94bb87c4b578c653b4edc461c97,LINE,motor-left,13e6b0ff93bc49e2a89a214744cae88b,LINE_1,a04a03ca08d945cb8d01e2af8214e097,LINE
proj_df3aa7ef_packed.cmodel,proj_c26fbf5f,driver-left,82bd967322c54e888ef9aaf9752aded0,ENCR_1,322245d559a54878a3dc6e305d4dfca7,ENCR,motor-left,13e6b0ff93bc49e2a89a214744cae88b,ENCR_1,1a181dc1be834800b49c0873ffe4c7a7,ENCR
proj_df3aa7ef_packed.cmodel,proj_c26fbf5f,driver-right,c42343264c884ff2a0ca3fee8fc81997,CAN_1,1b34489764f14cb29d94b43d7157132a,CAN,MainController,30ce17ed495f40a6b90d85158c1d6f08,CAN_2,2ea0552b5a294d0e9945bec1137530ea,CAN
proj_df3aa7ef_packed.cmodel,proj_c26fbf5f,driver-right,c42343264c884ff2a0ca3fee8fc81997,LINE_1,47c1cac505c9455ca8fb712c095798d0,LINE,motor-right,639dde0162a3442489651066aaf9cdc7,LINE_1,c8e329d1f55c4146952c13724d31dcb0,LINE
proj_df3aa7ef_packed.cmodel,proj_c26fbf5f,driver-right,c42343264c884ff2a0ca3fee8fc81997,ENCR_1,1667de5c5b1e426db53afb3e419fb006,ENCR,motor-right,639dde0162a3442489651066aaf9cdc7,ENCR_1,464a96a51d25407a91f2c961b30d9412,ENCR
proj_df3aa7ef_packed.cmodel,proj_c26fbf5f,driver-lift,baa1c9403ec24ad4924283322ff4af95,CAN_1,ca2f4db3796447d0ab8f0f620095bd77,CAN,MainController,30ce17ed495f40a6b90d85158c1d6f08,CAN_2,2ea0552b5a294d0e9945bec1137530ea,CAN
proj_df3aa7ef_packed.cmodel,proj_c26fbf5f,driver-lift,baa1c9403ec24ad4924283322ff4af95,LINE_1,3b957ea46b27441c80e0112123e2bc36,LINE,motor-lift,2dce6a0eb00c48ad9e16b1ab111a5de1,LINE_1,404c201670604c8c91da332f683e4598,LINE
proj_df3aa7ef_packed.cmodel,proj_c26fbf5f,driver-lift,baa1c9403ec24ad4924283322ff4af95,ENCR_1,71159e54ffe743fda65a868fca9ee1ca,ENCR,motor-lift,2dce6a0eb00c48ad9e16b1ab111a5de1,ENCR_1,6c4b0e925ddb4a2492a766f8dbc44ca0,ENCR
proj_df3aa7ef_packed.cmodel,proj_c26fbf5f,button-emc,82c4bc5d93dd40bfafc57e81773a6173,DO_1,f916b38c40384d2f87e3d112f8b89364,DO,IO module,07719f03c3634193aed300c01012bff3,DI_1,96ae90e3139e49fcbd2e19f46077159f,DI
proj_df3aa7ef_packed.cmodel,proj_c26fbf5f,lamp,d2001a74c8b14cc8a6d67c8c4dca15c3,DI_1,f1cb8e9d1b55441fbad461ea95c7addb,DI,IO module,07719f03c3634193aed300c01012bff3,DO_1,749fe2b61a9c412db8b9110c0b1565c8,DO
proj_df3aa7ef_packed.cmodel,proj_c26fbf5f,lamp,d2001a74c8b14cc8a6d67c8c4dca15c3,DI_2,b249fb92ed564a96bd8bc3047cbb29e5,DI,IO module,07719f03c3634193aed300c01012bff3,DO_2,028817e7eb5848069b3b179c16c966c8,DO
proj_df3aa7ef_packed.cmodel,proj_c26fbf5f,lamp,d2001a74c8b14cc8a6d67c8c4dca15c3,DI_3,3ecc311d62ef4d9d86492b837a28d392,DI,IO module,07719f03c3634193aed300c01012bff3,DO_3,e0b750687eed407f8f3a8410186b38de,DO
proj_df3aa7ef_packed.cmodel,proj_c26fbf5f,charger,b55630cb09d44f65ad482e9202714f1b,DI_1,f1196b3c6b4a4f799178668e4c6bc536,DI,IO module,07719f03c3634193aed300c01012bff3,DO_4,567fb65b09a544e4a6064f8861ae6962,DO
proj_df3aa7ef_packed.cmodel,proj_c26fbf5f,MainController,30ce17ed495f40a6b90d85158c1d6f08,CAN_3,1b899f8c4907479490c373180475bda3,CAN,IO module,07719f03c3634193aed300c01012bff3,CAN_1,643edc5a6bcd4ec693ca70c48303c0e6,CAN
proj_df3aa7ef_packed.cmodel,proj_c26fbf5f,MainController,30ce17ed495f40a6b90d85158c1d6f08,ETH_1,1df5209ef25d410a913824a04fbf1c3d,ETH,MainController,30ce17ed495f40a6b90d85158c1d6f08,ETH_1,1df5209ef25d410a913824a04fbf1c3d,ETH
proj_df3aa7ef_packed.cmodel,proj_c26fbf5f,MainController,30ce17ed495f40a6b90d85158c1d6f08,ETH_1,1df5209ef25d410a913824a04fbf1c3d,ETH,MainController,30ce17ed495f40a6b90d85158c1d6f08,ETH_2,5f05424e8d8c4a9a979a821d85e58248,ETH
proj_df3aa7ef_packed.cmodel,proj_c26fbf5f,MainController,30ce17ed495f40a6b90d85158c1d6f08,ETH_1,1df5209ef25d410a913824a04fbf1c3d,ETH,MainController,30ce17ed495f40a6b90d85158c1d6f08,ETH_3,f8174a537b9843dabfd0619be5bd2f11,ETH
proj_df3aa7ef_packed.cmodel,proj_c26fbf5f,MainController,30ce17ed495f40a6b90d85158c1d6f08,ETH_1,1df5209ef25d410a913824a04fbf1c3d,ETH,smart camera,349a2134e3494755a776854914f78c83,ETH_1,86b04af5fa9944819a700cfdcaa8aed9,ETH
proj_df3aa7ef_packed.cmodel,proj_c26fbf5f,MainController,30ce17ed495f40a6b90d85158c1d6f08,ETH_1,1df5209ef25d410a913824a04fbf1c3d,ETH,smart camera0,5cd062a3b2df4938b1c1a06a61645f1f,ETH_1,e79146c5a1054196b4a9e877109a8367,ETH
proj_df3aa7ef_packed.cmodel,proj_c26fbf5f,MainController,30ce17ed495f40a6b90d85158c1d6f08,ETH_1,1df5209ef25d410a913824a04fbf1c3d,ETH,laser-front,820decb04dd74f6480b7b9e6c8a2f7d8,ETH_1,28d197cffaff4f61b438bea3c487856d,ETH
proj_df3aa7ef_packed.cmodel,proj_c26fbf5f,IO module,07719f03c3634193aed300c01012bff3,DI_2,3848b724a8b84ca9800a3256b3cc6a88,DI,up_sensor,a72279a85df345aba809eed5c2369108,DO_1,35640c7f74ea4490810f9a39eb1bc14c,DO
proj_df3aa7ef_packed.cmodel,proj_c26fbf5f,IO module,07719f03c3634193aed300c01012bff3,DI_3,619f6a413586418a8f4f92948449710b,DI,down_sensor,3cc65206187a4fb08c223ed77ddcf4c3,DO_1,cbf54ad302a94863bae83bcae4a49a5b,DO
proj_9bec45be_packed.cmodel,proj_d4648d5a,driver-left,82bd967322c54e888ef9aaf9752aded0,CAN_1,98fc774977934e07901ec799b7bffdaa,CAN,MainController,30ce17ed495f40a6b90d85158c1d6f08,CAN_2,2ea0552b5a294d0e9945bec1137530ea,CAN
proj_9bec45be_packed.cmodel,proj_d4648d5a,driver-left,82bd967322c54e888ef9aaf9752aded0,LINE_1,8dd9d94bb87c4b578c653b4edc461c97,LINE,motor-left,13e6b0ff93bc49e2a89a214744cae88b,LINE_1,a04a03ca08d945cb8d01e2af8214e097,LINE
proj_9bec45be_packed.cmodel,proj_d4648d5a,driver-left,82bd967322c54e888ef9aaf9752aded0,ENCR_1,322245d559a54878a3dc6e305d4dfca7,ENCR,motor-left,13e6b0ff93bc49e2a89a214744cae88b,ENCR_1,1a181dc1be834800b49c0873ffe4c7a7,ENCR
proj_9bec45be_packed.cmodel,proj_d4648d5a,driver-right,c42343264c884ff2a0ca3fee8fc81997,CAN_1,1b34489764f14cb29d94b43d7157132a,CAN,MainController,30ce17ed495f40a6b90d85158c1d6f08,CAN_2,2ea0552b5a294d0e9945bec1137530ea,CAN
proj_9bec45be_packed.cmodel,proj_d4648d5a,driver-right,c42343264c884ff2a0ca3fee8fc81997,LINE_1,47c1cac505c9455ca8fb712c095798d0,LINE,motor-right,639dde0162a3442489651066aaf9cdc7,LINE_1,c8e329d1f55c4146952c13724d31dcb0,LINE
proj_9bec45be_packed.cmodel,proj_d4648d5a,driver-right,c42343264c884ff2a0ca3fee8fc81997,ENCR_1,1667de5c5b1e426db53afb3e419fb006,ENCR,motor-right,639dde0162a3442489651066aaf9cdc7,ENCR_1,464a96a51d25407a91f2c961b30d9412,ENCR
proj_9bec45be_packed.cmodel,proj_d4648d5a,driver-lift,baa1c9403ec24ad4924283322ff4af95,CAN_1,ca2f4db3796447d0ab8f0f620095bd77,CAN,MainController,30ce17ed495f40a6b90d85158c1d6f08,CAN_2,2ea0552b5a294d0e9945bec1137530ea,CAN
proj_9bec45be_packed.cmodel,proj_d4648d5a,driver-lift,baa1c9403ec24ad4924283322ff4af95,LINE_1,3b957ea46b27441c80e0112123e2bc36,LINE,motor-lift,2dce6a0eb00c48ad9e16b1ab111a5de1,LINE_1,404c201670604c8c91da332f683e4598,LINE
proj_9bec45be_packed.cmodel,proj_d4648d5a,driver-lift,baa1c9403ec24ad4924283322ff4af95,ENCR_1,71159e54ffe743fda65a868fca9ee1ca,ENCR,motor-lift,2dce6a0eb00c48ad9e16b1ab111a5de1,ENCR_1,6c4b0e925ddb4a2492a766f8dbc44ca0,ENCR
proj_9bec45be_packed.cmodel,proj_d4648d5a,button-emc,82c4bc5d93dd40bfafc57e81773a6173,DO_1,f916b38c40384d2f87e3d112f8b89364,DO,IO module,07719f03c3634193aed300c01012bff3,DI_1,96ae90e3139e49fcbd2e19f46077159f,DI
proj_9bec45be_packed.cmodel,proj_d4648d5a,lamp,d2001a74c8b14cc8a6d67c8c4dca15c3,DI_1,f1cb8e9d1b55441fbad461ea95c7addb,DI,IO module,07719f03c3634193aed300c01012bff3,DO_1,749fe2b61a9c412db8b9110c0b1565c8,DO
proj_9bec45be_packed.cmodel,proj_d4648d5a,lamp,d2001a74c8b14cc8a6d67c8c4dca15c3,DI_2,b249fb92ed564a96bd8bc3047cbb29e5,DI,IO module,07719f03c3634193aed300c01012bff3,DO_2,028817e7eb5848069b3b179c16c966c8,DO
proj_9bec45be_packed.cmodel,proj_d4648d5a,lamp,d2001a74c8b14cc8a6d67c8c4dca15c3,DI_3,3ecc311d62ef4d9d86492b837a28d392,DI,IO module,07719f03c3634193aed300c01012bff3,DO_3,e0b750687eed407f8f3a8410186b38de,DO
proj_9bec45be_packed.cmodel,proj_d4648d5a,charger,b55630cb09d44f65ad482e9202714f1b,DI_1,f1196b3c6b4a4f799178668e4c6bc536,DI,IO module,07719f03c3634193aed300c01012bff3,DO_4,567fb65b09a544e4a6064f8861ae6962,DO
proj_9bec45be_packed.cmodel,proj_d4648d5a,MainController,30ce17ed495f40a6b90d85158c1d6f08,CAN_3,1b899f8c4907479490c373180475bda3,CAN,IO module,07719f03c3634193aed300c01012bff3,CAN_1,643edc5a6bcd4ec693ca70c48303c0e6,CAN
proj_9bec45be_packed.cmodel,proj_d4648d5a,MainController,30ce17ed495f40a6b90d85158c1d6f08,ETH_1,1df5209ef25d410a913824a04fbf1c3d,ETH,MainController,30ce17ed495f40a6b90d85158c1d6f08,ETH_1,1df5209ef25d410a913824a04fbf1c3d,ETH
proj_9bec45be_packed.cmodel,proj_d4648d5a,MainController,30ce17ed495f40a6b90d85158c1d6f08,ETH_1,1df5209ef25d410a913824a04fbf1c3d,ETH,MainController,30ce17ed495f40a6b90d85158c1d6f08,ETH_2,5f05424e8d8c4a9a979a821d85e58248,ETH
proj_9bec45be_packed.cmodel,proj_d4648d5a,MainController,30ce17ed495f40a6b90d85158c1d6f08,ETH_1,1df5209ef25d410a913824a04fbf1c3d,ETH,MainController,30ce17ed495f40a6b90d85158c1d6f08,ETH_3,f8174a537b9843dabfd0619be5bd2f11,ETH
proj_9bec45be_packed.cmodel,proj_d4648d5a,MainController,30ce17ed495f40a6b90d85158c1d6f08,ETH_1,1df5209ef25d410a913824a04fbf1c3d,ETH,smart camera,349a2134e3494755a776854914f78c83,ETH_1,86b04af5fa9944819a700cfdcaa8aed9,ETH
proj_9bec45be_packed.cmodel,proj_d4648d5a,MainController,30ce17ed495f40a6b90d85158c1d6f08,ETH_1,1df5209ef25d410a913824a04fbf1c3d,ETH,smart camera0,5cd062a3b2df4938b1c1a06a61645f1f,ETH_1,e79146c5a1054196b4a9e877109a8367,ETH
proj_9bec45be_packed.cmodel,proj_d4648d5a,MainController,30ce17ed495f40a6b90d85158c1d6f08,ETH_1,1df5209ef25d410a913824a04fbf1c3d,ETH,laser-front,820decb04dd74f6480b7b9e6c8a2f7d8,ETH_1,28d197cffaff4f61b438bea3c487856d,ETH
proj_9bec45be_packed.cmodel,proj_d4648d5a,IO module,07719f03c3634193aed300c01012bff3,DI_2,3848b724a8b84ca9800a3256b3cc6a88,DI,up_sensor,a72279a85df345aba809eed5c2369108,DO_1,35640c7f74ea4490810f9a39eb1bc14c,DO
proj_9bec45be_packed.cmodel,proj_d4648d5a,IO module,07719f03c3634193aed300c01012bff3,DI_3,619f6a413586418a8f4f92948449710b,DI,down_sensor,3cc65206187a4fb08c223ed77ddcf4c3,DO_1,cbf54ad302a94863bae83bcae4a49a5b,DO
0323.cmodel,proj_f2896fda,driver-left,82bd967322c54e888ef9aaf9752aded0,CAN_1,98fc774977934e07901ec799b7bffdaa,CAN,MainController,30ce17ed495f40a6b90d85158c1d6f08,CAN_2,2ea0552b5a294d0e9945bec1137530ea,CAN
0323.cmodel,proj_f2896fda,driver-left,82bd967322c54e888ef9aaf9752aded0,LINE_1,8dd9d94bb87c4b578c653b4edc461c97,LINE,motor-left,13e6b0ff93bc49e2a89a214744cae88b,LINE_1,a04a03ca08d945cb8d01e2af8214e097,LINE
0323.cmodel,proj_f2896fda,driver-left,82bd967322c54e888ef9aaf9752aded0,ENCR_1,322245d559a54878a3dc6e305d4dfca7,ENCR,motor-left,13e6b0ff93bc49e2a89a214744cae88b,ENCR_1,1a181dc1be834800b49c0873ffe4c7a7,ENCR
0323.cmodel,proj_f2896fda,driver-right,c42343264c884ff2a0ca3fee8fc81997,CAN_1,1b34489764f14cb29d94b43d7157132a,CAN,MainController,30ce17ed495f40a6b90d85158c1d6f08,CAN_2,2ea0552b5a294d0e9945bec1137530ea,CAN
0323.cmodel,proj_f2896fda,driver-right,c42343264c884ff2a0ca3fee8fc81997,LINE_1,47c1cac505c9455ca8fb712c095798d0,LINE,motor-right,639dde0162a3442489651066aaf9cdc7,LINE_1,c8e329d1f55c4146952c13724d31dcb0,LINE
0323.cmodel,proj_f2896fda,driver-right,c42343264c884ff2a0ca3fee8fc81997,ENCR_1,1667de5c5b1e426db53afb3e419fb006,ENCR,motor-right,639dde0162a3442489651066aaf9cdc7,ENCR_1,464a96a51d25407a91f2c961b30d9412,ENCR
0323.cmodel,proj_f2896fda,driver-lift,baa1c9403ec24ad4924283322ff4af95,CAN_1,ca2f4db3796447d0ab8f0f620095bd77,CAN,MainController,30ce17ed495f40a6b90d85158c1d6f08,CAN_2,2ea0552b5a294d0e9945bec1137530ea,CAN
0323.cmodel,proj_f2896fda,driver-lift,baa1c9403ec24ad4924283322ff4af95,LINE_1,3b957ea46b27441c80e0112123e2bc36,LINE,motor-lift,2dce6a0eb00c48ad9e16b1ab111a5de1,LINE_1,404c201670604c8c91da332f683e4598,LINE
0323.cmodel,proj_f2896fda,driver-lift,baa1c9403ec24ad4924283322ff4af95,ENCR_1,71159e54ffe743fda65a868fca9ee1ca,ENCR,motor-lift,2dce6a0eb00c48ad9e16b1ab111a5de1,ENCR_1,6c4b0e925ddb4a2492a766f8dbc44ca0,ENCR
0323.cmodel,proj_f2896fda,button-emc,82c4bc5d93dd40bfafc57e81773a6173,DO_1,f916b38c40384d2f87e3d112f8b89364,DO,IO module,07719f03c3634193aed300c01012bff3,DI_1,96ae90e3139e49fcbd2e19f46077159f,DI
0323.cmodel,proj_f2896fda,lamp,d2001a74c8b14cc8a6d67c8c4dca15c3,DI_1,f1cb8e9d1b55441fbad461ea95c7addb,DI,IO module,07719f03c3634193aed300c01012bff3,DO_1,749fe2b61a9c412db8b9110c0b1565c8,DO
0323.cmodel,proj_f2896fda,lamp,d2001a74c8b14cc8a6d67c8c4dca15c3,DI_2,b249fb92ed564a96bd8bc3047cbb29e5,DI,IO module,07719f03c3634193aed300c01012bff3,DO_2,028817e7eb5848069b3b179c16c966c8,DO
0323.cmodel,proj_f2896fda,lamp,d2001a74c8b14cc8a6d67c8c4dca15c3,DI_3,3ecc311d62ef4d9d86492b837a28d392,DI,IO module,07719f03c3634193aed300c01012bff3,DO_3,e0b750687eed407f8f3a8410186b38de,DO
0323.cmodel,proj_f2896fda,charger,b55630cb09d44f65ad482e9202714f1b,DI_1,f1196b3c6b4a4f799178668e4c6bc536,DI,IO module,07719f03c3634193aed300c01012bff3,DO_4,567fb65b09a544e4a6064f8861ae6962,DO
0323.cmodel,proj_f2896fda,MainController,30ce17ed495f40a6b90d85158c1d6f08,CAN_3,1b899f8c4907479490c373180475bda3,CAN,IO module,07719f03c3634193aed300c01012bff3,CAN_1,643edc5a6bcd4ec693ca70c48303c0e6,CAN
0323.cmodel,proj_f2896fda,MainController,30ce17ed495f40a6b90d85158c1d6f08,ETH_1,1df5209ef25d410a913824a04fbf1c3d,ETH,MainController,30ce17ed495f40a6b90d85158c1d6f08,ETH_1,1df5209ef25d410a913824a04fbf1c3d,ETH
0323.cmodel,proj_f2896fda,MainController,30ce17ed495f40a6b90d85158c1d6f08,ETH_1,1df5209ef25d410a913824a04fbf1c3d,ETH,MainController,30ce17ed495f40a6b90d85158c1d6f08,ETH_2,5f05424e8d8c4a9a979a821d85e58248,ETH
0323.cmodel,proj_f2896fda,MainController,30ce17ed495f40a6b90d85158c1d6f08,ETH_1,1df5209ef25d410a913824a04fbf1c3d,ETH,MainController,30ce17ed495f40a6b90d85158c1d6f08,ETH_3,f8174a537b9843dabfd0619be5bd2f11,ETH
0323.cmodel,proj_f2896fda,MainController,30ce17ed495f40a6b90d85158c1d6f08,ETH_1,1df5209ef25d410a913824a04fbf1c3d,ETH,smart camera,349a2134e3494755a776854914f78c83,ETH_1,86b04af5fa9944819a700cfdcaa8aed9,ETH
0323.cmodel,proj_f2896fda,MainController,30ce17ed495f40a6b90d85158c1d6f08,ETH_1,1df5209ef25d410a913824a04fbf1c3d,ETH,smart camera0,5cd062a3b2df4938b1c1a06a61645f1f,ETH_1,e79146c5a1054196b4a9e877109a8367,ETH
0323.cmodel,proj_f2896fda,MainController,30ce17ed495f40a6b90d85158c1d6f08,ETH_1,1df5209ef25d410a913824a04fbf1c3d,ETH,laser-front,820decb04dd74f6480b7b9e6c8a2f7d8,ETH_1,28d197cffaff4f61b438bea3c487856d,ETH
0323.cmodel,proj_f2896fda,IO module,07719f03c3634193aed300c01012bff3,DI_2,3848b724a8b84ca9800a3256b3cc6a88,DI,up_sensor,a72279a85df345aba809eed5c2369108,DO_1,35640c7f74ea4490810f9a39eb1bc14c,DO
0323.cmodel,proj_f2896fda,IO module,07719f03c3634193aed300c01012bff3,DI_3,619f6a413586418a8f4f92948449710b,DI,down_sensor,3cc65206187a4fb08c223ed77ddcf4c3,DO_1,cbf54ad302a94863bae83bcae4a49a5b,DO
proj_f957aada_packed1.cmodel,proj_3da91a06,driver-left,82bd967322c54e888ef9aaf9752aded0,CAN_1,98fc774977934e07901ec799b7bffdaa,CAN,MainController,30ce17ed495f40a6b90d85158c1d6f08,CAN_2,2ea0552b5a294d0e9945bec1137530ea,CAN
proj_f957aada_packed1.cmodel,proj_3da91a06,driver-left,82bd967322c54e888ef9aaf9752aded0,LINE_1,8dd9d94bb87c4b578c653b4edc461c97,LINE,motor-left,13e6b0ff93bc49e2a89a214744cae88b,LINE_1,a04a03ca08d945cb8d01e2af8214e097,LINE
proj_f957aada_packed1.cmodel,proj_3da91a06,driver-left,82bd967322c54e888ef9aaf9752aded0,ENCR_1,322245d559a54878a3dc6e305d4dfca7,ENCR,motor-left,13e6b0ff93bc49e2a89a214744cae88b,ENCR_1,1a181dc1be834800b49c0873ffe4c7a7,ENCR
proj_f957aada_packed1.cmodel,proj_3da91a06,driver-right,c42343264c884ff2a0ca3fee8fc81997,CAN_1,1b34489764f14cb29d94b43d7157132a,CAN,MainController,30ce17ed495f40a6b90d85158c1d6f08,CAN_2,2ea0552b5a294d0e9945bec1137530ea,CAN
proj_f957aada_packed1.cmodel,proj_3da91a06,driver-right,c42343264c884ff2a0ca3fee8fc81997,LINE_1,47c1cac505c9455ca8fb712c095798d0,LINE,motor-right,639dde0162a3442489651066aaf9cdc7,LINE_1,c8e329d1f55c4146952c13724d31dcb0,LINE
proj_f957aada_packed1.cmodel,proj_3da91a06,driver-right,c42343264c884ff2a0ca3fee8fc81997,ENCR_1,1667de5c5b1e426db53afb3e419fb006,ENCR,motor-right,639dde0162a3442489651066aaf9cdc7,ENCR_1,464a96a51d25407a91f2c961b30d9412,ENCR
proj_f957aada_packed1.cmodel,proj_3da91a06,driver-lift,baa1c9403ec24ad4924283322ff4af95,CAN_1,ca2f4db3796447d0ab8f0f620095bd77,CAN,MainController,30ce17ed495f40a6b90d85158c1d6f08,CAN_2,2ea0552b5a294d0e9945bec1137530ea,CAN
proj_f957aada_packed1.cmodel,proj_3da91a06,driver-lift,baa1c9403ec24ad4924283322ff4af95,LINE_1,3b957ea46b27441c80e0112123e2bc36,LINE,motor-lift,2dce6a0eb00c48ad9e16b1ab111a5de1,LINE_1,404c201670604c8c91da332f683e4598,LINE
proj_f957aada_packed1.cmodel,proj_3da91a06,driver-lift,baa1c9403ec24ad4924283322ff4af95,ENCR_1,71159e54ffe743fda65a868fca9ee1ca,ENCR,motor-lift,2dce6a0eb00c48ad9e16b1ab111a5de1,ENCR_1,6c4b0e925ddb4a2492a766f8dbc44ca0,ENCR
proj_f957aada_packed1.cmodel,proj_3da91a06,button-emc,82c4bc5d93dd40bfafc57e81773a6173,DO_1,f916b38c40384d2f87e3d112f8b89364,DO,IO module,07719f03c3634193aed300c01012bff3,DI_1,96ae90e3139e49fcbd2e19f46077159f,DI
proj_f957aada_packed1.cmodel,proj_3da91a06,lamp,d2001a74c8b14cc8a6d67c8c4dca15c3,DI_1,f1cb8e9d1b55441fbad461ea95c7addb,DI,IO module,07719f03c3634193aed300c01012bff3,DO_1,749fe2b61a9c412db8b9110c0b1565c8,DO
proj_f957aada_packed1.cmodel,proj_3da91a06,lamp,d2001a74c8b14cc8a6d67c8c4dca15c3,DI_2,b249fb92ed564a96bd8bc3047cbb29e5,DI,IO module,07719f03c3634193aed300c01012bff3,DO_2,028817e7eb5848069b3b179c16c966c8,DO
proj_f957aada_packed1.cmodel,proj_3da91a06,lamp,d2001a74c8b14cc8a6d67c8c4dca15c3,DI_3,3ecc311d62ef4d9d86492b837a28d392,DI,IO module,07719f03c3634193aed300c01012bff3,DO_3,e0b750687eed407f8f3a8410186b38de,DO
proj_f957aada_packed1.cmodel,proj_3da91a06,charger,b55630cb09d44f65ad482e9202714f1b,DI_1,f1196b3c6b4a4f799178668e4c6bc536,DI,IO module,07719f03c3634193aed300c01012bff3,DO_4,567fb65b09a544e4a6064f8861ae6962,DO
proj_f957aada_packed1.cmodel,proj_3da91a06,MainController,30ce17ed495f40a6b90d85158c1d6f08,CAN_3,1b899f8c4907479490c373180475bda3,CAN,IO module,07719f03c3634193aed300c01012bff3,CAN_1,643edc5a6bcd4ec693ca70c48303c0e6,CAN
proj_f957aada_packed1.cmodel,proj_3da91a06,MainController,30ce17ed495f40a6b90d85158c1d6f08,ETH_1,1df5209ef25d410a913824a04fbf1c3d,ETH,MainController,30ce17ed495f40a6b90d85158c1d6f08,ETH_1,1df5209ef25d410a913824a04fbf1c3d,ETH
proj_f957aada_packed1.cmodel,proj_3da91a06,MainController,30ce17ed495f40a6b90d85158c1d6f08,ETH_1,1df5209ef25d410a913824a04fbf1c3d,ETH,MainController,30ce17ed495f40a6b90d85158c1d6f08,ETH_2,5f05424e8d8c4a9a979a821d85e58248,ETH
proj_f957aada_packed1.cmodel,proj_3da91a06,MainController,30ce17ed495f40a6b90d85158c1d6f08,ETH_1,1df5209ef25d410a913824a04fbf1c3d,ETH,MainController,30ce17ed495f40a6b90d85158c1d6f08,ETH_3,f8174a537b9843dabfd0619be5bd2f11,ETH
proj_f957aada_packed1.cmodel,proj_3da91a06,MainController,30ce17ed495f40a6b90d85158c1d6f08,ETH_1,1df5209ef25d410a913824a04fbf1c3d,ETH,smart camera,349a2134e3494755a776854914f78c83,ETH_1,86b04af5fa9944819a700cfdcaa8aed9,ETH
proj_f957aada_packed1.cmodel,proj_3da91a06,MainController,30ce17ed495f40a6b90d85158c1d6f08,ETH_1,1df5209ef25d410a913824a04fbf1c3d,ETH,smart camera0,5cd062a3b2df4938b1c1a06a61645f1f,ETH_1,e79146c5a1054196b4a9e877109a8367,ETH
proj_f957aada_packed1.cmodel,proj_3da91a06,MainController,30ce17ed495f40a6b90d85158c1d6f08,ETH_1,1df5209ef25d410a913824a04fbf1c3d,ETH,laser-front,820decb04dd74f6480b7b9e6c8a2f7d8,ETH_1,28d197cffaff4f61b438bea3c487856d,ETH
proj_f957aada_packed1.cmodel,proj_3da91a06,IO module,07719f03c3634193aed300c01012bff3,DI_2,3848b724a8b84ca9800a3256b3cc6a88,DI,up_sensor,a72279a85df345aba809eed5c2369108,DO_1,35640c7f74ea4490810f9a39eb1bc14c,DO
proj_f957aada_packed1.cmodel,proj_3da91a06,IO module,07719f03c3634193aed300c01012bff3,DI_3,619f6a413586418a8f4f92948449710b,DI,down_sensor,3cc65206187a4fb08c223ed77ddcf4c3,DO_1,cbf54ad302a94863bae83bcae4a49a5b,DO
proj_ee75f199_packed.cmodel,proj_44fffbfa,driver-left,82bd967322c54e888ef9aaf9752aded0,CAN_1,98fc774977934e07901ec799b7bffdaa,CAN,MainController,30ce17ed495f40a6b90d85158c1d6f08,CAN_2,2ea0552b5a294d0e9945bec1137530ea,CAN
proj_ee75f199_packed.cmodel,proj_44fffbfa,driver-left,82bd967322c54e888ef9aaf9752aded0,LINE_1,8dd9d94bb87c4b578c653b4edc461c97,LINE,motor-left,13e6b0ff93bc49e2a89a214744cae88b,LINE_1,a04a03ca08d945cb8d01e2af8214e097,LINE
proj_ee75f199_packed.cmodel,proj_44fffbfa,driver-left,82bd967322c54e888ef9aaf9752aded0,ENCR_1,322245d559a54878a3dc6e305d4dfca7,ENCR,motor-left,13e6b0ff93bc49e2a89a214744cae88b,ENCR_1,1a181dc1be834800b49c0873ffe4c7a7,ENCR
proj_ee75f199_packed.cmodel,proj_44fffbfa,driver-right,c42343264c884ff2a0ca3fee8fc81997,CAN_1,1b34489764f14cb29d94b43d7157132a,CAN,MainController,30ce17ed495f40a6b90d85158c1d6f08,CAN_2,2ea0552b5a294d0e9945bec1137530ea,CAN
proj_ee75f199_packed.cmodel,proj_44fffbfa,driver-right,c42343264c884ff2a0ca3fee8fc81997,LINE_1,47c1cac505c9455ca8fb712c095798d0,LINE,motor-right,639dde0162a3442489651066aaf9cdc7,LINE_1,c8e329d1f55c4146952c13724d31dcb0,LINE
proj_ee75f199_packed.cmodel,proj_44fffbfa,driver-right,c42343264c884ff2a0ca3fee8fc81997,ENCR_1,1667de5c5b1e426db53afb3e419fb006,ENCR,motor-right,639dde0162a3442489651066aaf9cdc7,ENCR_1,464a96a51d25407a91f2c961b30d9412,ENCR
proj_ee75f199_packed.cmodel,proj_44fffbfa,driver-lift,baa1c9403ec24ad4924283322ff4af95,CAN_1,ca2f4db3796447d0ab8f0f620095bd77,CAN,MainController,30ce17ed495f40a6b90d85158c1d6f08,CAN_2,2ea0552b5a294d0e9945bec1137530ea,CAN
proj_ee75f199_packed.cmodel,proj_44fffbfa,driver-lift,baa1c9403ec24ad4924283322ff4af95,LINE_1,3b957ea46b27441c80e0112123e2bc36,LINE,motor-lift,2dce6a0eb00c48ad9e16b1ab111a5de1,LINE_1,404c201670604c8c91da332f683e4598,LINE
proj_ee75f199_packed.cmodel,proj_44fffbfa,driver-lift,baa1c9403ec24ad4924283322ff4af95,ENCR_1,71159e54ffe743fda65a868fca9ee1ca,ENCR,motor-lift,2dce6a0eb00c48ad9e16b1ab111a5de1,ENCR_1,6c4b0e925ddb4a2492a766f8dbc44ca0,ENCR
proj_ee75f199_packed.cmodel,proj_44fffbfa,button-emc,82c4bc5d93dd40bfafc57e81773a6173,DO_1,f916b38c40384d2f87e3d112f8b89364,DO,IO module,07719f03c3634193aed300c01012bff3,DI_1,96ae90e3139e49fcbd2e19f46077159f,DI
proj_ee75f199_packed.cmodel,proj_44fffbfa,lamp,d2001a74c8b14cc8a6d67c8c4dca15c3,DI_1,f1cb8e9d1b55441fbad461ea95c7addb,DI,IO module,07719f03c3634193aed300c01012bff3,DO_1,749fe2b61a9c412db8b9110c0b1565c8,DO
proj_ee75f199_packed.cmodel,proj_44fffbfa,lamp,d2001a74c8b14cc8a6d67c8c4dca15c3,DI_2,b249fb92ed564a96bd8bc3047cbb29e5,DI,IO module,07719f03c3634193aed300c01012bff3,DO_2,028817e7eb5848069b3b179c16c966c8,DO
proj_ee75f199_packed.cmodel,proj_44fffbfa,lamp,d2001a74c8b14cc8a6d67c8c4dca15c3,DI_3,3ecc311d62ef4d9d86492b837a28d392,DI,IO module,07719f03c3634193aed300c01012bff3,DO_3,e0b750687eed407f8f3a8410186b38de,DO
proj_ee75f199_packed.cmodel,proj_44fffbfa,charger,b55630cb09d44f65ad482e9202714f1b,DI_1,f1196b3c6b4a4f799178668e4c6bc536,DI,IO module,07719f03c3634193aed300c01012bff3,DO_4,567fb65b09a544e4a6064f8861ae6962,DO
proj_ee75f199_packed.cmodel,proj_44fffbfa,MainController,30ce17ed495f40a6b90d85158c1d6f08,CAN_3,1b899f8c4907479490c373180475bda3,CAN,IO module,07719f03c3634193aed300c01012bff3,CAN_1,643edc5a6bcd4ec693ca70c48303c0e6,CAN
proj_ee75f199_packed.cmodel,proj_44fffbfa,MainController,30ce17ed495f40a6b90d85158c1d6f08,ETH_1,1df5209ef25d410a913824a04fbf1c3d,ETH,MainController,30ce17ed495f40a6b90d85158c1d6f08,ETH_1,1df5209ef25d410a913824a04fbf1c3d,ETH
proj_ee75f199_packed.cmodel,proj_44fffbfa,MainController,30ce17ed495f40a6b90d85158c1d6f08,ETH_1,1df5209ef25d410a913824a04fbf1c3d,ETH,MainController,30ce17ed495f40a6b90d85158c1d6f08,ETH_2,5f05424e8d8c4a9a979a821d85e58248,ETH
proj_ee75f199_packed.cmodel,proj_44fffbfa,MainController,30ce17ed495f40a6b90d85158c1d6f08,ETH_1,1df5209ef25d410a913824a04fbf1c3d,ETH,MainController,30ce17ed495f40a6b90d85158c1d6f08,ETH_3,f8174a537b9843dabfd0619be5bd2f11,ETH
proj_ee75f199_packed.cmodel,proj_44fffbfa,MainController,30ce17ed495f40a6b90d85158c1d6f08,ETH_1,1df5209ef25d410a913824a04fbf1c3d,ETH,smart camera,349a2134e3494755a776854914f78c83,ETH_1,86b04af5fa9944819a700cfdcaa8aed9,ETH
proj_ee75f199_packed.cmodel,proj_44fffbfa,MainController,30ce17ed495f40a6b90d85158c1d6f08,ETH_1,1df5209ef25d410a913824a04fbf1c3d,ETH,smart camera0,5cd062a3b2df4938b1c1a06a61645f1f,ETH_1,e79146c5a1054196b4a9e877109a8367,ETH
proj_ee75f199_packed.cmodel,proj_44fffbfa,MainController,30ce17ed495f40a6b90d85158c1d6f08,ETH_1,1df5209ef25d410a913824a04fbf1c3d,ETH,laser-front,820decb04dd74f6480b7b9e6c8a2f7d8,ETH_1,28d197cffaff4f61b438bea3c487856d,ETH
proj_ee75f199_packed.cmodel,proj_44fffbfa,IO module,07719f03c3634193aed300c01012bff3,DI_2,3848b724a8b84ca9800a3256b3cc6a88,DI,up_sensor,a72279a85df345aba809eed5c2369108,DO_1,35640c7f74ea4490810f9a39eb1bc14c,DO
proj_ee75f199_packed.cmodel,proj_44fffbfa,IO module,07719f03c3634193aed300c01012bff3,DI_3,619f6a413586418a8f4f92948449710b,DI,down_sensor,3cc65206187a4fb08c223ed77ddcf4c3,DO_1,cbf54ad302a94863bae83bcae4a49a5b,DO
proj_016267c0_packed.cmodel,proj_15b9d2f0,driver-left,82bd967322c54e888ef9aaf9752aded0,CAN_1,98fc774977934e07901ec799b7bffdaa,CAN,MainController,30ce17ed495f40a6b90d85158c1d6f08,CAN_2,2ea0552b5a294d0e9945bec1137530ea,CAN
proj_016267c0_packed.cmodel,proj_15b9d2f0,driver-left,82bd967322c54e888ef9aaf9752aded0,LINE_1,8dd9d94bb87c4b578c653b4edc461c97,LINE,motor-left,13e6b0ff93bc49e2a89a214744cae88b,LINE_1,a04a03ca08d945cb8d01e2af8214e097,LINE
proj_016267c0_packed.cmodel,proj_15b9d2f0,driver-left,82bd967322c54e888ef9aaf9752aded0,ENCR_1,322245d559a54878a3dc6e305d4dfca7,ENCR,motor-left,13e6b0ff93bc49e2a89a214744cae88b,ENCR_1,1a181dc1be834800b49c0873ffe4c7a7,ENCR
proj_016267c0_packed.cmodel,proj_15b9d2f0,driver-right,c42343264c884ff2a0ca3fee8fc81997,CAN_1,1b34489764f14cb29d94b43d7157132a,CAN,MainController,30ce17ed495f40a6b90d85158c1d6f08,CAN_2,2ea0552b5a294d0e9945bec1137530ea,CAN
proj_016267c0_packed.cmodel,proj_15b9d2f0,driver-right,c42343264c884ff2a0ca3fee8fc81997,LINE_1,47c1cac505c9455ca8fb712c095798d0,LINE,motor-right,639dde0162a3442489651066aaf9cdc7,LINE_1,c8e329d1f55c4146952c13724d31dcb0,LINE
proj_016267c0_packed.cmodel,proj_15b9d2f0,driver-right,c42343264c884ff2a0ca3fee8fc81997,ENCR_1,1667de5c5b1e426db53afb3e419fb006,ENCR,motor-right,639dde0162a3442489651066aaf9cdc7,ENCR_1,464a96a51d25407a91f2c961b30d9412,ENCR
proj_016267c0_packed.cmodel,proj_15b9d2f0,driver-lift,baa1c9403ec24ad4924283322ff4af95,CAN_1,ca2f4db3796447d0ab8f0f620095bd77,CAN,MainController,30ce17ed495f40a6b90d85158c1d6f08,CAN_2,2ea0552b5a294d0e9945bec1137530ea,CAN
proj_016267c0_packed.cmodel,proj_15b9d2f0,driver-lift,baa1c9403ec24ad4924283322ff4af95,LINE_1,3b957ea46b27441c80e0112123e2bc36,LINE,motor-lift,2dce6a0eb00c48ad9e16b1ab111a5de1,LINE_1,404c201670604c8c91da332f683e4598,LINE
proj_016267c0_packed.cmodel,proj_15b9d2f0,driver-lift,baa1c9403ec24ad4924283322ff4af95,ENCR_1,71159e54ffe743fda65a868fca9ee1ca,ENCR,motor-lift,2dce6a0eb00c48ad9e16b1ab111a5de1,ENCR_1,6c4b0e925ddb4a2492a766f8dbc44ca0,ENCR
proj_016267c0_packed.cmodel,proj_15b9d2f0,button-emc,82c4bc5d93dd40bfafc57e81773a6173,DO_1,f916b38c40384d2f87e3d112f8b89364,DO,IO module,07719f03c3634193aed300c01012bff3,DI_1,96ae90e3139e49fcbd2e19f46077159f,DI
proj_016267c0_packed.cmodel,proj_15b9d2f0,lamp,d2001a74c8b14cc8a6d67c8c4dca15c3,DI_1,f1cb8e9d1b55441fbad461ea95c7addb,DI,IO module,07719f03c3634193aed300c01012bff3,DO_1,749fe2b61a9c412db8b9110c0b1565c8,DO
proj_016267c0_packed.cmodel,proj_15b9d2f0,lamp,d2001a74c8b14cc8a6d67c8c4dca15c3,DI_2,b249fb92ed564a96bd8bc3047cbb29e5,DI,IO module,07719f03c3634193aed300c01012bff3,DO_2,028817e7eb5848069b3b179c16c966c8,DO
proj_016267c0_packed.cmodel,proj_15b9d2f0,lamp,d2001a74c8b14cc8a6d67c8c4dca15c3,DI_3,3ecc311d62ef4d9d86492b837a28d392,DI,IO module,07719f03c3634193aed300c01012bff3,DO_3,e0b750687eed407f8f3a8410186b38de,DO
proj_016267c0_packed.cmodel,proj_15b9d2f0,charger,b55630cb09d44f65ad482e9202714f1b,DI_1,f1196b3c6b4a4f799178668e4c6bc536,DI,IO module,07719f03c3634193aed300c01012bff3,DO_4,567fb65b09a544e4a6064f8861ae6962,DO
proj_016267c0_packed.cmodel,proj_15b9d2f0,MainController,30ce17ed495f40a6b90d85158c1d6f08,CAN_3,1b899f8c4907479490c373180475bda3,CAN,IO module,07719f03c3634193aed300c01012bff3,CAN_1,643edc5a6bcd4ec693ca70c48303c0e6,CAN
proj_016267c0_packed.cmodel,proj_15b9d2f0,MainController,30ce17ed495f40a6b90d85158c1d6f08,ETH_1,1df5209ef25d410a913824a04fbf1c3d,ETH,MainController,30ce17ed495f40a6b90d85158c1d6f08,ETH_1,1df5209ef25d410a913824a04fbf1c3d,ETH
proj_016267c0_packed.cmodel,proj_15b9d2f0,MainController,30ce17ed495f40a6b90d85158c1d6f08,ETH_1,1df5209ef25d410a913824a04fbf1c3d,ETH,MainController,30ce17ed495f40a6b90d85158c1d6f08,ETH_2,5f05424e8d8c4a9a979a821d85e58248,ETH
proj_016267c0_packed.cmodel,proj_15b9d2f0,MainController,30ce17ed495f40a6b90d85158c1d6f08,ETH_1,1df5209ef25d410a913824a04fbf1c3d,ETH,MainController,30ce17ed495f40a6b90d85158c1d6f08,ETH_3,f8174a537b9843dabfd0619be5bd2f11,ETH
proj_016267c0_packed.cmodel,proj_15b9d2f0,MainController,30ce17ed495f40a6b90d85158c1d6f08,ETH_1,1df5209ef25d410a913824a04fbf1c3d,ETH,smart camera,349a2134e3494755a776854914f78c83,ETH_1,86b04af5fa9944819a700cfdcaa8aed9,ETH
proj_016267c0_packed.cmodel,proj_15b9d2f0,MainController,30ce17ed495f40a6b90d85158c1d6f08,ETH_1,1df5209ef25d410a913824a04fbf1c3d,ETH,smart camera0,5cd062a3b2df4938b1c1a06a61645f1f,ETH_1,e79146c5a1054196b4a9e877109a8367,ETH
proj_016267c0_packed.cmodel,proj_15b9d2f0,MainController,30ce17ed495f40a6b90d85158c1d6f08,ETH_1,1df5209ef25d410a913824a04fbf1c3d,ETH,laser-front,820decb04dd74f6480b7b9e6c8a2f7d8,ETH_1,28d197cffaff4f61b438bea3c487856d,ETH
proj_016267c0_packed.cmodel,proj_15b9d2f0,IO module,07719f03c3634193aed300c01012bff3,DI_2,3848b724a8b84ca9800a3256b3cc6a88,DI,up_sensor,a72279a85df345aba809eed5c2369108,DO_1,35640c7f74ea4490810f9a39eb1bc14c,DO
proj_016267c0_packed.cmodel,proj_15b9d2f0,IO module,07719f03c3634193aed300c01012bff3,DI_3,619f6a413586418a8f4f92948449710b,DI,down_sensor,3cc65206187a4fb08c223ed77ddcf4c3,DO_1,cbf54ad302a94863bae83bcae4a49a5b,DO
proj_1234_packed (12).cmodel,proj_71a97901,MCPU-RA-MC-R318BN,cf00e69a-bd9d-481d-9088-2694ddea1a74,CAN_1,0d29ca22-e1cb-48a4-9408-c98b4a2df46f,CAN,IO-lnterface board,0373f2e2-4360-49ea-aca2-e81bc8b09cc7,CAN_1,e0c1193e-51c3-4949-a166-9c59d6a926a1,CAN
proj_1234_packed (12).cmodel,proj_71a97901,MCPU-RA-MC-R318BN,cf00e69a-bd9d-481d-9088-2694ddea1a74,ETH_1,e723436e-4f18-4378-b4d0-7c1b8423edb6,ETH,LS-MR-LS-05H-N4017,6d84c837-7f8c-456b-8bd3-6a6cc64e3fd1,ETH_1,b391e0ad-26f7-41b3-b816-6405547b1ad0,ETH
proj_1234_packed (12).cmodel,proj_71a97901,IO-lnterface board,0373f2e2-4360-49ea-aca2-e81bc8b09cc7,PI_1,5d1f66c3-761d-4eb9-9aea-410f01552321,PI,LS-MR-LS-05H-N4017,6d84c837-7f8c-456b-8bd3-6a6cc64e3fd1,PI_1,a0802382-18a6-4e4b-a402-7625baadcca1,PI
proj_1234_packed (12).cmodel,proj_71a97901,IO-lnterface board,0373f2e2-4360-49ea-aca2-e81bc8b09cc7,DI_3,7a781a4a-6c78-4e28-9468-c0a001e359df,DI,button-Common,99d7d228-4018-4bab-955e-e453631de646,DO_1,65b25d7b-39af-40d7-85d5-81b1e5f5a444,DO
proj_f957aada_packed.cmodel,proj_7ed4e41a,driver-left,82bd967322c54e888ef9aaf9752aded0,CAN_1,98fc774977934e07901ec799b7bffdaa,CAN,MainController,30ce17ed495f40a6b90d85158c1d6f08,CAN_2,2ea0552b5a294d0e9945bec1137530ea,CAN
proj_f957aada_packed.cmodel,proj_7ed4e41a,driver-left,82bd967322c54e888ef9aaf9752aded0,LINE_1,8dd9d94bb87c4b578c653b4edc461c97,LINE,motor-left,13e6b0ff93bc49e2a89a214744cae88b,LINE_1,a04a03ca08d945cb8d01e2af8214e097,LINE
proj_f957aada_packed.cmodel,proj_7ed4e41a,driver-left,82bd967322c54e888ef9aaf9752aded0,ENCR_1,322245d559a54878a3dc6e305d4dfca7,ENCR,motor-left,13e6b0ff93bc49e2a89a214744cae88b,ENCR_1,1a181dc1be834800b49c0873ffe4c7a7,ENCR
proj_f957aada_packed.cmodel,proj_7ed4e41a,driver-right,c42343264c884ff2a0ca3fee8fc81997,CAN_1,1b34489764f14cb29d94b43d7157132a,CAN,MainController,30ce17ed495f40a6b90d85158c1d6f08,CAN_2,2ea0552b5a294d0e9945bec1137530ea,CAN
proj_f957aada_packed.cmodel,proj_7ed4e41a,driver-right,c42343264c884ff2a0ca3fee8fc81997,LINE_1,47c1cac505c9455ca8fb712c095798d0,LINE,motor-right,639dde0162a3442489651066aaf9cdc7,LINE_1,c8e329d1f55c4146952c13724d31dcb0,LINE
proj_f957aada_packed.cmodel,proj_7ed4e41a,driver-right,c42343264c884ff2a0ca3fee8fc81997,ENCR_1,1667de5c5b1e426db53afb3e419fb006,ENCR,motor-right,639dde0162a3442489651066aaf9cdc7,ENCR_1,464a96a51d25407a91f2c961b30d9412,ENCR
proj_f957aada_packed.cmodel,proj_7ed4e41a,driver-lift,baa1c9403ec24ad4924283322ff4af95,CAN_1,ca2f4db3796447d0ab8f0f620095bd77,CAN,MainController,30ce17ed495f40a6b90d85158c1d6f08,CAN_2,2ea0552b5a294d0e9945bec1137530ea,CAN
proj_f957aada_packed.cmodel,proj_7ed4e41a,driver-lift,baa1c9403ec24ad4924283322ff4af95,LINE_1,3b957ea46b27441c80e0112123e2bc36,LINE,motor-lift,2dce6a0eb00c48ad9e16b1ab111a5de1,LINE_1,404c201670604c8c91da332f683e4598,LINE
proj_f957aada_packed.cmodel,proj_7ed4e41a,driver-lift,baa1c9403ec24ad4924283322ff4af95,ENCR_1,71159e54ffe743fda65a868fca9ee1ca,ENCR,motor-lift,2dce6a0eb00c48ad9e16b1ab111a5de1,ENCR_1,6c4b0e925ddb4a2492a766f8dbc44ca0,ENCR
proj_f957aada_packed.cmodel,proj_7ed4e41a,button-emc,82c4bc5d93dd40bfafc57e81773a6173,DO_1,f916b38c40384d2f87e3d112f8b89364,DO,IO module,07719f03c3634193aed300c01012bff3,DI_1,96ae90e3139e49fcbd2e19f46077159f,DI
proj_f957aada_packed.cmodel,proj_7ed4e41a,lamp,d2001a74c8b14cc8a6d67c8c4dca15c3,DI_1,f1cb8e9d1b55441fbad461ea95c7addb,DI,IO module,07719f03c3634193aed300c01012bff3,DO_1,749fe2b61a9c412db8b9110c0b1565c8,DO
proj_f957aada_packed.cmodel,proj_7ed4e41a,lamp,d2001a74c8b14cc8a6d67c8c4dca15c3,DI_2,b249fb92ed564a96bd8bc3047cbb29e5,DI,IO module,07719f03c3634193aed300c01012bff3,DO_2,028817e7eb5848069b3b179c16c966c8,DO
proj_f957aada_packed.cmodel,proj_7ed4e41a,lamp,d2001a74c8b14cc8a6d67c8c4dca15c3,DI_3,3ecc311d62ef4d9d86492b837a28d392,DI,IO module,07719f03c3634193aed300c01012bff3,DO_3,e0b750687eed407f8f3a8410186b38de,DO
proj_f957aada_packed.cmodel,proj_7ed4e41a,charger,b55630cb09d44f65ad482e9202714f1b,DI_1,f1196b3c6b4a4f799178668e4c6bc536,DI,IO module,07719f03c3634193aed300c01012bff3,DO_4,567fb65b09a544e4a6064f8861ae6962,DO
proj_f957aada_packed.cmodel,proj_7ed4e41a,MainController,30ce17ed495f40a6b90d85158c1d6f08,CAN_3,1b899f8c4907479490c373180475bda3,CAN,IO module,07719f03c3634193aed300c01012bff3,CAN_1,643edc5a6bcd4ec693ca70c48303c0e6,CAN
proj_f957aada_packed.cmodel,proj_7ed4e41a,MainController,30ce17ed495f40a6b90d85158c1d6f08,ETH_1,1df5209ef25d410a913824a04fbf1c3d,ETH,MainController,30ce17ed495f40a6b90d85158c1d6f08,ETH_1,1df5209ef25d410a913824a04fbf1c3d,ETH
proj_f957aada_packed.cmodel,proj_7ed4e41a,MainController,30ce17ed495f40a6b90d85158c1d6f08,ETH_1,1df5209ef25d410a913824a04fbf1c3d,ETH,MainController,30ce17ed495f40a6b90d85158c1d6f08,ETH_2,5f05424e8d8c4a9a979a821d85e58248,ETH
proj_f957aada_packed.cmodel,proj_7ed4e41a,MainController,30ce17ed495f40a6b90d85158c1d6f08,ETH_1,1df5209ef25d410a913824a04fbf1c3d,ETH,MainController,30ce17ed495f40a6b90d85158c1d6f08,ETH_3,f8174a537b9843dabfd0619be5bd2f11,ETH
proj_f957aada_packed.cmodel,proj_7ed4e41a,MainController,30ce17ed495f40a6b90d85158c1d6f08,ETH_1,1df5209ef25d410a913824a04fbf1c3d,ETH,smart camera,349a2134e3494755a776854914f78c83,ETH_1,86b04af5fa9944819a700cfdcaa8aed9,ETH
proj_f957aada_packed.cmodel,proj_7ed4e41a,MainController,30ce17ed495f40a6b90d85158c1d6f08,ETH_1,1df5209ef25d410a913824a04fbf1c3d,ETH,smart camera0,5cd062a3b2df4938b1c1a06a61645f1f,ETH_1,e79146c5a1054196b4a9e877109a8367,ETH
proj_f957aada_packed.cmodel,proj_7ed4e41a,MainController,30ce17ed495f40a6b90d85158c1d6f08,ETH_1,1df5209ef25d410a913824a04fbf1c3d,ETH,laser-front,820decb04dd74f6480b7b9e6c8a2f7d8,ETH_1,28d197cffaff4f61b438bea3c487856d,ETH
proj_f957aada_packed.cmodel,proj_7ed4e41a,IO module,07719f03c3634193aed300c01012bff3,DI_2,3848b724a8b84ca9800a3256b3cc6a88,DI,up_sensor,a72279a85df345aba809eed5c2369108,DO_1,35640c7f74ea4490810f9a39eb1bc14c,DO
proj_f957aada_packed.cmodel,proj_7ed4e41a,IO module,07719f03c3634193aed300c01012bff3,DI_3,619f6a413586418a8f4f92948449710b,DI,down_sensor,3cc65206187a4fb08c223ed77ddcf4c3,DO_1,cbf54ad302a94863bae83bcae4a49a5b,DO
proj_8b800f1b_packed.cmodel,proj_07978885,driver_BR_left,2578fcd3a0dc46f6bb9291e728046619,CAN_1,f6c23797169348b090bc701625f19ac6,CAN,MainController,1393d6e420b447efb2b74dec43fc8857,CAN_2,01bdbf7242a74f04a89cf96cfb49835d,CAN
proj_8b800f1b_packed.cmodel,proj_07978885,driver_BR_left,2578fcd3a0dc46f6bb9291e728046619,LINE_1,115c01decf594001ba32434e272ea883,LINE,motor_BR_left,a6f20fb7a6044377b5560fae2c46fcae,LINE_1,946dc4dbd6e44457a0f61694846acf21,LINE
proj_8b800f1b_packed.cmodel,proj_07978885,driver_BR_left,2578fcd3a0dc46f6bb9291e728046619,ENCR_1,1b37a0ebdb9d4872870501ef715c4c35,ENCR,motor_BR_left,a6f20fb7a6044377b5560fae2c46fcae,ENCR_1,f70d25185a6340a6b5e1f636fd0d776e,ENCR
proj_8b800f1b_packed.cmodel,proj_07978885,driver_BR_right,50785cd68f6b46cbb0e1a4e138311b36,CAN_1,61261bfd8fee4912b2a44003e30e0d75,CAN,MainController,1393d6e420b447efb2b74dec43fc8857,CAN_2,01bdbf7242a74f04a89cf96cfb49835d,CAN
proj_8b800f1b_packed.cmodel,proj_07978885,driver_BR_right,50785cd68f6b46cbb0e1a4e138311b36,LINE_1,8f75713e80484893b4fc471306b66c97,LINE,motor_BR_right,3ce4e55a955543b6a5309fc08cc8abea,LINE_1,562cd0f0a6bd47d196ebcf95e525e777,LINE
proj_8b800f1b_packed.cmodel,proj_07978885,driver_BR_right,50785cd68f6b46cbb0e1a4e138311b36,ENCR_1,625fc926461a49f9b3a800efa5cb9932,ENCR,motor_BR_right,3ce4e55a955543b6a5309fc08cc8abea,ENCR_1,fc9e188da3444e7c87953a2ea1258e08,ENCR
proj_8b800f1b_packed.cmodel,proj_07978885,BR_Encoder,4b5392e7b3f6478cbc9c9e661e709617,CAN_1,7c1539acf1264e2d8828085833d1f800,CAN,MainController,1393d6e420b447efb2b74dec43fc8857,CAN_3,b188441d876a42608b0144ca77abf6ca,CAN
proj_8b800f1b_packed.cmodel,proj_07978885,driver_FL_right,25530f4dbb3343f287f0116b976e8bf8,CAN_1,9ee587a7abc84ccda58e6fd9f45025f5,CAN,MainController,1393d6e420b447efb2b74dec43fc8857,CAN_2,01bdbf7242a74f04a89cf96cfb49835d,CAN
proj_8b800f1b_packed.cmodel,proj_07978885,driver_FL_right,25530f4dbb3343f287f0116b976e8bf8,LINE_1,45896b813dbb4d61be36f92b2e9141f9,LINE,motor_FL_right,7a7d3ff53be149e293f0eb03de13d5d0,LINE_1,625f8e28e91c4369b2a0e90da105fe05,LINE
proj_8b800f1b_packed.cmodel,proj_07978885,driver_FL_right,25530f4dbb3343f287f0116b976e8bf8,ENCR_1,045021089b494fc5801c78ee5e257e01,ENCR,motor_FL_right,7a7d3ff53be149e293f0eb03de13d5d0,ENCR_1,acbbc9719d9c45e1bd29478217c5b23e,ENCR
proj_8b800f1b_packed.cmodel,proj_07978885,driver_FL_left,806c17a8259846eab16878155559ec25,CAN_1,cff2f50a99de4b4aa8d710024b848dbe,CAN,MainController,1393d6e420b447efb2b74dec43fc8857,CAN_2,01bdbf7242a74f04a89cf96cfb49835d,CAN
proj_8b800f1b_packed.cmodel,proj_07978885,driver_FL_left,806c17a8259846eab16878155559ec25,LINE_1,8bf5bf41571b42a3867938885c0a4812,LINE,motor_FL_left,a640fbe578e9421b9fb9574fca9a6efd,LINE_1,a0ab0e1bacd341a4915235eb29d4bcb2,LINE
proj_8b800f1b_packed.cmodel,proj_07978885,driver_FL_left,806c17a8259846eab16878155559ec25,ENCR_1,4c60556056894cb385e0de14dc3b883c,ENCR,motor_FL_left,a640fbe578e9421b9fb9574fca9a6efd,ENCR_1,67a524a3bf894388a14c20747dc72b24,ENCR
proj_8b800f1b_packed.cmodel,proj_07978885,FL_Encoder,5a21bb43a5524307ab59a5d4a62095d8,CAN_1,1f62fe6b74924967a78de2f22e474667,CAN,MainController,1393d6e420b447efb2b74dec43fc8857,CAN_3,b188441d876a42608b0144ca77abf6ca,CAN
proj_8b800f1b_packed.cmodel,proj_07978885,MainController,1393d6e420b447efb2b74dec43fc8857,RS485_1,91bd53cb95b041ffa1faca92b5cd1f3c,RS485,battery,8263cf18dfd5445fb9559edb78e1f0e8,RS485_1,80709990ae524e228c9ac99e280931f7,RS485
proj_8b800f1b_packed.cmodel,proj_07978885,MainController,1393d6e420b447efb2b74dec43fc8857,RS485_2,b2ff46a2a2a748528d67ee25a0641009,RS485,screen,2304dff692824935b83c27116dcb099a,RS485_1,8b7e24a14eba40e59f7d90f69a998019,RS485
proj_8b800f1b_packed.cmodel,proj_07978885,MainController,1393d6e420b447efb2b74dec43fc8857,CAN_2,01bdbf7242a74f04a89cf96cfb49835d,CAN,driver_DoorFrame,b29206124e7949eabd2f002b850a25c4,CAN_1,3b7fd0188bb6428ca80ad33bd8248c74,CAN
proj_8b800f1b_packed.cmodel,proj_07978885,MainController,1393d6e420b447efb2b74dec43fc8857,CAN_3,b188441d876a42608b0144ca77abf6ca,CAN,IO module,db0ce767a9c24eda874b8845e03ecfe1,CAN_1,5d6d855beb6146d590e197a6701c315b,CAN
proj_8b800f1b_packed.cmodel,proj_07978885,MainController,1393d6e420b447efb2b74dec43fc8857,CAN_3,b188441d876a42608b0144ca77abf6ca,CAN,IO module0,4d96da68ce984898882901cf44903402,CAN_1,fdefdc77ead44a01aa54bc9a2e952b05,CAN
proj_8b800f1b_packed.cmodel,proj_07978885,MainController,1393d6e420b447efb2b74dec43fc8857,CAN_3,b188441d876a42608b0144ca77abf6ca,CAN,DoorFrame_Encoder,909c99cb46734793bc14bcbf29450f02,CAN_1,aaeb70ee9b954158a0f6186d9449859f,CAN
proj_8b800f1b_packed.cmodel,proj_07978885,MainController,1393d6e420b447efb2b74dec43fc8857,CAN_3,b188441d876a42608b0144ca77abf6ca,CAN,UpDown_Encoder,1954ffbafe1047d08679ae1a0f724b4d,CAN_1,e41996db4b3341bb8e60a72d7f1f59a8,CAN
proj_8b800f1b_packed.cmodel,proj_07978885,MainController,1393d6e420b447efb2b74dec43fc8857,CAN_3,b188441d876a42608b0144ca77abf6ca,CAN,incEncoder,c486d1d47fbf4cc1be28b335a34d6a66,CAN_1,2e566f03ea84459c86f3da4fafef097e,CAN
proj_8b800f1b_packed.cmodel,proj_07978885,MainController,1393d6e420b447efb2b74dec43fc8857,ETH_1,010700cc459f41eaa084ab46b4b5831a,ETH,MainController,1393d6e420b447efb2b74dec43fc8857,ETH_1,010700cc459f41eaa084ab46b4b5831a,ETH
proj_8b800f1b_packed.cmodel,proj_07978885,MainController,1393d6e420b447efb2b74dec43fc8857,ETH_1,010700cc459f41eaa084ab46b4b5831a,ETH,MainController,1393d6e420b447efb2b74dec43fc8857,ETH_2,fd57f73288034f48a7b7f2f65defacfd,ETH
proj_8b800f1b_packed.cmodel,proj_07978885,MainController,1393d6e420b447efb2b74dec43fc8857,ETH_1,010700cc459f41eaa084ab46b4b5831a,ETH,MainController,1393d6e420b447efb2b74dec43fc8857,ETH_3,33fd24e3026442d4b45467a68974011e,ETH
proj_8b800f1b_packed.cmodel,proj_07978885,MainController,1393d6e420b447efb2b74dec43fc8857,ETH_1,010700cc459f41eaa084ab46b4b5831a,ETH,smart camera,3b2829d4c4654b61b784be5eb124139a,ETH_1,9f33e44a134e479596d018b80316c024,ETH
proj_8b800f1b_packed.cmodel,proj_07978885,MainController,1393d6e420b447efb2b74dec43fc8857,ETH_1,010700cc459f41eaa084ab46b4b5831a,ETH,laser_350,b8642a986400458eadc1905f2d7a7abf,ETH_1,7c50c866873a4d0a8ec6de41d1f28ce6,ETH
proj_8b800f1b_packed.cmodel,proj_07978885,MainController,1393d6e420b447efb2b74dec43fc8857,ETH_3,33fd24e3026442d4b45467a68974011e,ETH,laser,192fdfadc8d943d8a53b1ca1cb367093,ETH_1,48e3c4e373f84941b9bc398dea54f41b,ETH
proj_8b800f1b_packed.cmodel,proj_07978885,IO module,db0ce767a9c24eda874b8845e03ecfe1,DI_1,f6885cae09ab427ebf94dc0bb3d3b64f,DI,button,c3437b779106460f8cdc21a841413eee,DO_1,9d54fad2ec85428dba40e6b6f7c33165,DO
proj_8b800f1b_packed.cmodel,proj_07978885,IO module,db0ce767a9c24eda874b8845e03ecfe1,DI_2,dc44fa366db94c54b79d0df8036981d6,DI,up_limit,a03612270bd345b49987f49764726142,DO_1,4475743a8cc44c1d8f8af7c51dda439d,DO
proj_8b800f1b_packed.cmodel,proj_07978885,IO module,db0ce767a9c24eda874b8845e03ecfe1,DI_3,6d3e439d3d98464186b722053f17633c,DI,down_limit,9067b899088c4071952670666dccf6a1,DO_1,8b82e326ab714e8fb09ef2f914fc6365,DO
proj_8b800f1b_packed.cmodel,proj_07978885,IO module,db0ce767a9c24eda874b8845e03ecfe1,DI_4,46aa36ab2b5044e3962133b5fe510a66,DI,CB_Back_in_pace,c560964776b747e3a9d07d0d55348495,DO_1,920a02cb2b654e18ad4b6dee8d9cf0ec,DO
proj_8b800f1b_packed.cmodel,proj_07978885,IO module,db0ce767a9c24eda874b8845e03ecfe1,DI_5,239cdc72be174c0694c741043de9bd53,DI,CB_Front_in_pace,a71becc5ebca4e678678b394f073495d,DO_1,068659a9b5b54a4e986f2f0c899a87e0,DO
proj_8b800f1b_packed.cmodel,proj_07978885,IO module,db0ce767a9c24eda874b8845e03ecfe1,DI_7,80848037b1684a0a81c0bb78e738a796,DI,CB_Front,63f0f3997af344c0ab40749f5d4a1c8e,DO_1,f2b68a133afc49b1b51fe789a44bf696,DO
proj_8b800f1b_packed.cmodel,proj_07978885,IO module,db0ce767a9c24eda874b8845e03ecfe1,DO_1,ae811f7b75d6426188601cda6db4fad0,DO,Charging_relay,d80631bb245b4a74b17a976a64f71b06,DI_1,b79ca7f3266e4bc9a6950a571255185c,DI
proj_8b800f1b_packed.cmodel,proj_07978885,IO module,db0ce767a9c24eda874b8845e03ecfe1,DO_2,55f9a9bef43949cbb99876edda2f5fa6,DO,Oil_pump_up,e6b2feec1c684a2b9998b2908c74951a,DI_1,211f2b0bbeda457095b6ebb35a639d8e,DI
proj_8b800f1b_packed.cmodel,proj_07978885,IO module,db0ce767a9c24eda874b8845e03ecfe1,DO_3,9ee8f788095148d8ae6734a5199e1f09,DO,Oil_pump_down,d858276af9264e788002afe464b86a15,DI_1,564f81f04fc24ce5a70db5c38e99d9b8,DI
proj_8b800f1b_packed.cmodel,proj_07978885,IO module,db0ce767a9c24eda874b8845e03ecfe1,DO_4,6d422185e9cb49bf9c7bec841b5c2159,DO,Oil_main_switch,14c890716d4f498a97e898417275abe3,DI_1,c2b86507d6b34d2c8f9d1a86d2c8d269,DI
proj_8b800f1b_packed.cmodel,proj_07978885,IO module,db0ce767a9c24eda874b8845e03ecfe1,DO_5,26679d071c2f479090d8186d5075d633,DO,lamp,6953bad0e1024369a6a7c723125d600d,DI_1,0bf5f42798be480d9facc89081dcc542,DI
proj_8b800f1b_packed.cmodel,proj_07978885,IO module,db0ce767a9c24eda874b8845e03ecfe1,DO_6,1d22e7022bea40568957912706d0b984,DO,lamp,6953bad0e1024369a6a7c723125d600d,DI_3,70f475f9900c4976b1f1b7adeae76092,DI
proj_8b800f1b_packed.cmodel,proj_07978885,IO module,db0ce767a9c24eda874b8845e03ecfe1,DO_7,e0379d1f04f545c6a572da87260265d5,DO,lamp,6953bad0e1024369a6a7c723125d600d,DI_2,1ed76127acbe4d8aad52fb548f61f78f,DI
proj_8b800f1b_packed.cmodel,proj_07978885,IO module,db0ce767a9c24eda874b8845e03ecfe1,DO_8,3cfc284305d6498696bee18294533082,DO,comDo,b4af4e756f0a4a7badae92baff7a7811,DI_1,571ea6d9178a4999acfdf9ddd67ffe13,DI
proj_8b800f1b_packed.cmodel,proj_07978885,IO module0,4d96da68ce984898882901cf44903402,DI_1,b2ab28cb80874bc1a74df2d627eb0463,DI,DoorFrame_origin,44f8c92361904e94bef151cb0220170f,DO_1,dbc2bce123e84cf0adc8e4551353f1b8,DO
proj_8b800f1b_packed.cmodel,proj_07978885,IO module0,4d96da68ce984898882901cf44903402,DI_2,11b209655f314d2c9591e04df62fc063,DI,DoorFrame_limit,ceea780c43ea4c07a6d3b6b94d04b0a3,DO_1,073a30ec174546669c5f99effeb51b1c,DO
proj_8b800f1b_packed.cmodel,proj_07978885,IO module0,4d96da68ce984898882901cf44903402,DI_3,039581607e6745b3b6bf03f0d0efe9e6,DI,BR_left_limit,40f05dd4757b46de85d55cafa943c3d9,DO_1,a7de53718acb410fb7f51b636387a5ed,DO
proj_8b800f1b_packed.cmodel,proj_07978885,IO module0,4d96da68ce984898882901cf44903402,DI_4,0cc7e18fc2024d5db2d6e9c20239eb7f,DI,BR_right_limit,6442697a82d94fc4a94e1e497e6fd3af,DO_1,b5950d38bee94e118a321f9080899dbc,DO
proj_8b800f1b_packed.cmodel,proj_07978885,IO module0,4d96da68ce984898882901cf44903402,DI_8,87baa7d5b0a041d3b9bfa8d603907682,DI,CB_Back,062943f1b25b47a79a3e27d334301835,DO_1,2e102d3bf3354109ab55eb3eecc7ae22,DO
proj_8b800f1b_packed.cmodel,proj_07978885,driver_DoorFrame,b29206124e7949eabd2f002b850a25c4,LINE_1,c37f05c243c041b6a5b92444b71671bd,LINE,motor_DoorFrame,bbe50c1b1f71431ea24cb69d19173b2c,LINE_1,e23b994052b346cdbbf857403c941500,LINE
proj_8b800f1b_packed.cmodel,proj_07978885,driver_DoorFrame,b29206124e7949eabd2f002b850a25c4,ENCR_1,bec9ad4ea9f345de911ac75b87202ee9,ENCR,motor_DoorFrame,bbe50c1b1f71431ea24cb69d19173b2c,ENCR_1,1518206452f04708bb1309a8f80dfb40,ENCR
proj_edc87f80_packed.cmodel,proj_478156e2,motor_right,a54fff8109d04fd49caab37e90bb1ec1,ENCR_1,90afbd0725c4471796d55ee7933e1bb9,ENCR,driver_right,336a1c5f11e949fb89a10a3e9a6204f0,ENCR_1,e3d37746448644d99b53bf54c376692b,ENCR
proj_edc87f80_packed.cmodel,proj_478156e2,motor_right,a54fff8109d04fd49caab37e90bb1ec1,LINE_1,d90e38639d3540638a7c19dde0e1254b,LINE,driver_right,336a1c5f11e949fb89a10a3e9a6204f0,LINE_1,0831b16d06ed4ada88466805ca019836,LINE
proj_edc87f80_packed.cmodel,proj_478156e2,motor_left,0a90532b1b1f482989a407e42ca1d23f,ENCR_1,c0aa25b3d45643ba8574776751640e0c,ENCR,driver_left,8ad7ec90c48f4da6915c85e8ce608749,ENCR_1,827cce98979f4c6a911dbeb458dd5a4d,ENCR
proj_edc87f80_packed.cmodel,proj_478156e2,motor_left,0a90532b1b1f482989a407e42ca1d23f,LINE_1,a951cb62c68f4d39b492bd49d67bd6ec,LINE,driver_left,8ad7ec90c48f4da6915c85e8ce608749,LINE_1,9debc11185204cb0a5c09d74477e175d,LINE
proj_edc87f80_packed.cmodel,proj_478156e2,driver_right,336a1c5f11e949fb89a10a3e9a6204f0,CAN_1,6d37d1719cac4889a846ece591ee2f8e,CAN,MainController,394ce43d17e148b78050953b0f6b6b9c,CAN_2,7a62c260c067450086a389d6bdfab69b,CAN
proj_edc87f80_packed.cmodel,proj_478156e2,driver_left,8ad7ec90c48f4da6915c85e8ce608749,CAN_1,e3ca674f4fec4518a1b2b184a541872c,CAN,MainController,394ce43d17e148b78050953b0f6b6b9c,CAN_2,7a62c260c067450086a389d6bdfab69b,CAN
proj_edc87f80_packed.cmodel,proj_478156e2,MainController,394ce43d17e148b78050953b0f6b6b9c,RS485_1,6961512acb9447139acfb58ebb2846fe,RS485,battery,a5263c81db204a249ea2ff8f6da5f340,RS485_1,f9002d47275c4c8d9502a9ead8bf746c,RS485
proj_edc87f80_packed.cmodel,proj_478156e2,MainController,394ce43d17e148b78050953b0f6b6b9c,CAN_2,7a62c260c067450086a389d6bdfab69b,CAN,liftdriver,544e43f387604d3c99f042a2961b45a9,CAN_1,0ae3a7f40b1f4317a5c200528ac2df0b,CAN
proj_edc87f80_packed.cmodel,proj_478156e2,MainController,394ce43d17e148b78050953b0f6b6b9c,CAN_2,7a62c260c067450086a389d6bdfab69b,CAN,spindriver,aec512ec42f246ebbeb1a6ca3bd45b33,CAN_1,c614cdfb9a8d4a748c72ec3ad721ae84,CAN
proj_edc87f80_packed.cmodel,proj_478156e2,MainController,394ce43d17e148b78050953b0f6b6b9c,CAN_3,57fb9f37ee0c4278bd17f85cb2e51475,CAN,IO module,17dd58bbac1a451785707c27b6627977,CAN_1,67cc8d8976fd493081504a1a851d9dd5,CAN
proj_edc87f80_packed.cmodel,proj_478156e2,MainController,394ce43d17e148b78050953b0f6b6b9c,ETH_1,22c259d90cf44ad686af7d71b0b4cdab,ETH,MainController,394ce43d17e148b78050953b0f6b6b9c,ETH_1,22c259d90cf44ad686af7d71b0b4cdab,ETH
proj_edc87f80_packed.cmodel,proj_478156e2,MainController,394ce43d17e148b78050953b0f6b6b9c,ETH_1,22c259d90cf44ad686af7d71b0b4cdab,ETH,MainController,394ce43d17e148b78050953b0f6b6b9c,ETH_2,074adbd205db4a0b803488406045b3a4,ETH
proj_edc87f80_packed.cmodel,proj_478156e2,MainController,394ce43d17e148b78050953b0f6b6b9c,ETH_1,22c259d90cf44ad686af7d71b0b4cdab,ETH,MainController,394ce43d17e148b78050953b0f6b6b9c,ETH_3,cf340166bdca4391b908ab26cb7c04a5,ETH
proj_edc87f80_packed.cmodel,proj_478156e2,MainController,394ce43d17e148b78050953b0f6b6b9c,ETH_1,22c259d90cf44ad686af7d71b0b4cdab,ETH,laser,03a44e079a114bf1958bd8771f39122a,ETH_1,f10220bfe66b4689b318e3e14a5a4031,ETH
proj_edc87f80_packed.cmodel,proj_478156e2,MainController,394ce43d17e148b78050953b0f6b6b9c,ETH_1,22c259d90cf44ad686af7d71b0b4cdab,ETH,laser0,7aeead91473f4270bcd04e42fcdddeba,ETH_1,c8ef4ceb9b3a43b88dd3ae1c28396d77,ETH
proj_edc87f80_packed.cmodel,proj_478156e2,MainController,394ce43d17e148b78050953b0f6b6b9c,ETH_1,22c259d90cf44ad686af7d71b0b4cdab,ETH,screen,853aaea264e94a58a696aa2e29c6280b,ETH_1,91ee998027b24d46a6d3e5a90204ca05,ETH
proj_edc87f80_packed.cmodel,proj_478156e2,MainController,394ce43d17e148b78050953b0f6b6b9c,ETH_1,22c259d90cf44ad686af7d71b0b4cdab,ETH,smart_down_camera,8140753570014070855deb23de203cc2,ETH_1,827841498d2d43638a8628fcb16a6ae2,ETH
proj_edc87f80_packed.cmodel,proj_478156e2,MainController,394ce43d17e148b78050953b0f6b6b9c,ETH_1,22c259d90cf44ad686af7d71b0b4cdab,ETH,smart_up_camera,5fe195d2cb784b09930c632bef9903e8,ETH_1,964c66a8f90046cb9d228c379d9216ae,ETH
proj_edc87f80_packed.cmodel,proj_478156e2,MainController,394ce43d17e148b78050953b0f6b6b9c,SPK_1,cf393b63bc8e45bc972c91e8129d93a3,SPK,speaker,42eda440c850476689e2903926789c9d,SPK_1,925f19cb79774814adc70a53b01f10ac,SPK
proj_edc87f80_packed.cmodel,proj_478156e2,IO module,17dd58bbac1a451785707c27b6627977,DI_1,c92f4bca86d143418d1ada3752a237ae,DI,button_L,4d2d3ec659cd4f158b5d900b8c348499,DO_1,e2b816e241604fe9ac0b18c3a9ea922b,DO
proj_edc87f80_packed.cmodel,proj_478156e2,IO module,17dd58bbac1a451785707c27b6627977,DI_2,d8779a69890d4e23a85979ebaa6eb97c,DI,button,a5dae0000954490cb8953a059f725c19,DO_1,c6a24354fb5f4b5996034afea6ec78c1,DO
proj_edc87f80_packed.cmodel,proj_478156e2,IO module,17dd58bbac1a451785707c27b6627977,DI_3,be7e214adcb14724a8eb2122acbca79f,DI,AMSwitch,dd187c5330d642129739f68ef587951e,DO_1,a76fcd4a2a984d878e7118ebe6f15550,DO
proj_edc87f80_packed.cmodel,proj_478156e2,IO module,17dd58bbac1a451785707c27b6627977,DI_4,59388de266aa4a8a894e257d9d8b79b9,DI,collision_F,9c2c6a18b5ab46b690315043b3b31a88,DO_1,36e4d2fc16a64ccb814df503f7fb0e8c,DO
proj_edc87f80_packed.cmodel,proj_478156e2,IO module,17dd58bbac1a451785707c27b6627977,DI_5,68c4c2c9b1a940b28f13f413eb27707c,DI,up-limit,c4a125c00643475b9e9490ae30922cc7,DO_1,598c8c0beefc4bb390cf851b51282712,DO
proj_edc87f80_packed.cmodel,proj_478156e2,IO module,17dd58bbac1a451785707c27b6627977,DI_6,5c5b1abc149847bda90b5b3fb819c53f,DI,down-limit,76855e100aec4407beceabb2cc2c93e9,DO_1,62e52f00ef4f4a9f8ab102806406b6a9,DO
proj_edc87f80_packed.cmodel,proj_478156e2,IO module,17dd58bbac1a451785707c27b6627977,DI_7,d545eef062f846f8a97b54be8238f617,DI,spin-limit,d0fb4d7f4805434f97170cc5f0de68b5,DO_1,b4137498e96443239858ccce2cb3e985,DO
proj_edc87f80_packed.cmodel,proj_478156e2,IO module,17dd58bbac1a451785707c27b6627977,DO_8,78aa4bf641964650932f4e967ea3b481,DO,lamp,354644473c4a4fe9870e480b3ef26ce7,DI_3,373209ea02d145ea81eac6c157b2bdd3,DI
proj_edc87f80_packed.cmodel,proj_478156e2,IO module,17dd58bbac1a451785707c27b6627977,DO_9,dd2a014f74af4aa0a81c03fff5de577a,DO,lamp,354644473c4a4fe9870e480b3ef26ce7,DI_1,1d375c704a934f8590af72fc46f77966,DI
proj_edc87f80_packed.cmodel,proj_478156e2,IO module,17dd58bbac1a451785707c27b6627977,DO_10,8d1114f691d944668a2b7e197fe38cc9,DO,lamp,354644473c4a4fe9870e480b3ef26ce7,DI_2,a9dc5bdd529e4beeb2a3736136b08274,DI
proj_edc87f80_packed.cmodel,proj_478156e2,liftdriver,544e43f387604d3c99f042a2961b45a9,LINE_1,2adfd1e7f0cc44efaaa5a5a7944a54dd,LINE,motor_lift,4e0d0d5e547c404b91d036038a752036,LINE_1,bba191a572f14a3eb0e5513e63d27f7a,LINE
proj_edc87f80_packed.cmodel,proj_478156e2,liftdriver,544e43f387604d3c99f042a2961b45a9,ENCR_1,b1d6d673e45f4f17896bcb1437873012,ENCR,motor_lift,4e0d0d5e547c404b91d036038a752036,ENCR_1,0f705796c705449b9df06406f0e2d04a,ENCR
proj_edc87f80_packed.cmodel,proj_478156e2,spindriver,aec512ec42f246ebbeb1a6ca3bd45b33,LINE_1,082cb69736564745aa59bece3d206972,LINE,motor_spin,405b47c6f350460b8fc6e512f747c10d,LINE_1,71dc28c974134fe49631daf30ff26e85,LINE
proj_edc87f80_packed.cmodel,proj_478156e2,spindriver,aec512ec42f246ebbeb1a6ca3bd45b33,ENCR_1,c5d71662b53245d6b77b50b3f4c6338a,ENCR,motor_spin,405b47c6f350460b8fc6e512f747c10d,ENCR_1,e3b97b9941c941d0bc565742c08e98eb,ENCR
06_final_packed.cmodel,proj_c2ea8d7c,MCPU-RA-MC-R318BN,50b7d78f-da88-4383-ac5c-303e13770bac,CAN_3,8442add7-2e7c-4cf5-b8bc-575cc1927000,CAN,IO-lnterface board,66154fce-9766-45a7-991f-0c14d597bc80,CAN_1,1b6533a6-bbd2-491b-8c40-b265716bb7a6,CAN
06_final_packed.cmodel,proj_c2ea8d7c,IO-lnterface board,66154fce-9766-45a7-991f-0c14d597bc80,DI_2,75e8b215-680c-448b-8866-b10379c8ee28,DI,emc,93d257b8-c8d8-45bd-b5db-32cc7674baa9,DO_1,aa66d14d-ebb4-4473-a4c7-1dfd68f34683,DO
06_final_packed.cmodel,proj_c2ea8d7c,IO-lnterface board,66154fce-9766-45a7-991f-0c14d597bc80,DI_3,0d2167ce-22d6-4294-beb9-582d7420fb87,DI,start,ac40db3a-9afc-4387-a68f-f5cba991128a,DO_1,4ddad8cf-1151-4563-87f7-4c107d0f1210,DO
06_final_packed.cmodel,proj_c2ea8d7c,IO-lnterface board,66154fce-9766-45a7-991f-0c14d597bc80,DI_4,d346f024-d631-4bcb-b717-55e5cfd2f51e,DI,reset,107b4e06-b18b-42dd-bb51-0bf413367d73,DO_1,4683c8c0-ec07-41d1-b615-522926b6b8f3,DO
06_final_packed.cmodel,proj_6c473c34,MCPU-RA-MC-R318BN,50b7d78f-da88-4383-ac5c-303e13770bac,CAN_3,8442add7-2e7c-4cf5-b8bc-575cc1927000,CAN,IO-lnterface board,66154fce-9766-45a7-991f-0c14d597bc80,CAN_1,1b6533a6-bbd2-491b-8c40-b265716bb7a6,CAN
06_final_packed.cmodel,proj_6c473c34,IO-lnterface board,66154fce-9766-45a7-991f-0c14d597bc80,DI_2,75e8b215-680c-448b-8866-b10379c8ee28,DI,emc,93d257b8-c8d8-45bd-b5db-32cc7674baa9,DO_1,aa66d14d-ebb4-4473-a4c7-1dfd68f34683,DO
06_final_packed.cmodel,proj_6c473c34,IO-lnterface board,66154fce-9766-45a7-991f-0c14d597bc80,DI_3,0d2167ce-22d6-4294-beb9-582d7420fb87,DI,start,ac40db3a-9afc-4387-a68f-f5cba991128a,DO_1,4ddad8cf-1151-4563-87f7-4c107d0f1210,DO
06_final_packed.cmodel,proj_6c473c34,IO-lnterface board,66154fce-9766-45a7-991f-0c14d597bc80,DI_4,d346f024-d631-4bcb-b717-55e5cfd2f51e,DI,reset,107b4e06-b18b-42dd-bb51-0bf413367d73,DO_1,4683c8c0-ec07-41d1-b615-522926b6b8f3,DO
ModelSetError.cmodel,proj_d0cb8960,driver_FL_L,8d70e374f27c4642bdba24cb33d9e1f0,CAN_1,5df8a66b3f8143f182b8289bb9b0e0c4,CAN,MainController,f17f3d1f33024af2af80e41f36f8d121,CAN_2,b15835f637f94ab58bfcf52622b6f2e5,CAN
ModelSetError.cmodel,proj_d0cb8960,driver_FL_L,8d70e374f27c4642bdba24cb33d9e1f0,LINE_1,c3f7d536fb554c5e8d2abc68759ec613,LINE,motor_FL_L,958e057a0399409c8d3bbdb42382bf3f,LINE_1,4950ca41b2484cf2b03997f1d8b18274,LINE
ModelSetError.cmodel,proj_d0cb8960,driver_FL_R,c1f5e42d022b4af68c4d2512a2d0d394,CAN_1,751aa71b5c134b6d920051db861f0b4c,CAN,MainController,f17f3d1f33024af2af80e41f36f8d121,CAN_2,b15835f637f94ab58bfcf52622b6f2e5,CAN
ModelSetError.cmodel,proj_d0cb8960,driver_FL_R,c1f5e42d022b4af68c4d2512a2d0d394,LINE_1,d01ff85b642d4a59a194e3bbed3ba222,LINE,motor_FL_R,a3dc5fbabac44946ae1ec13722c4e21a,LINE_1,782d1da331944d5baf7876fd90b0c492,LINE
ModelSetError.cmodel,proj_d0cb8960,driver_BR_L,7d45a3ed893c45078e77aab960961a64,CAN_1,3d55698b08064156a2c70150d3969ed8,CAN,MainController,f17f3d1f33024af2af80e41f36f8d121,CAN_2,b15835f637f94ab58bfcf52622b6f2e5,CAN
ModelSetError.cmodel,proj_d0cb8960,driver_BR_L,7d45a3ed893c45078e77aab960961a64,LINE_1,e7f85d8db01542efa0bb777af13021ea,LINE,motor_BR_L,94f580e6f67e425382c74c13048fe1e9,LINE_1,5c4e5ee9c713471cbf8d7f067bf5826d,LINE
ModelSetError.cmodel,proj_d0cb8960,driver_BR_R,4e4496040266452aade6f4bfac00198c,CAN_1,cc6954a647db46e0b9842dc4a8725e02,CAN,MainController,f17f3d1f33024af2af80e41f36f8d121,CAN_2,b15835f637f94ab58bfcf52622b6f2e5,CAN
ModelSetError.cmodel,proj_d0cb8960,driver_BR_R,4e4496040266452aade6f4bfac00198c,LINE_1,088c86fd87834c6782ed40eacc4dee52,LINE,motor_BR_R,364b52e14a07402d9459d1cf11060bdd,LINE_1,e66bb1c808d64cda99ba02fb10fc14df,LINE
ModelSetError.cmodel,proj_d0cb8960,absEncoder_FL-2,d98a7784690a4b089610c6bdcb4fe058,CAN_1,0f013ab1628a466f87880966cc6aa677,CAN,MainController,f17f3d1f33024af2af80e41f36f8d121,CAN_3,5669dfa8477642539a761c0556abb6a1,CAN
ModelSetError.cmodel,proj_d0cb8960,absEncoder_BL-1,af07f4f5f4c94e8686a11e717e26fcb2,CAN_1,4353ce1cdfc84d1dbcea4f51eee7f45e,CAN,MainController,f17f3d1f33024af2af80e41f36f8d121,CAN_3,5669dfa8477642539a761c0556abb6a1,CAN
ModelSetError.cmodel,proj_d0cb8960,lamp,c5587e68c1d74dff9bbdafd74ec32c49,DI_1,d2ee22a1495441c4b2ff5156710c96bd,DI,IO module110,a3d699f9c8e245039f68f4af4411b723,DO_1,34432a5ed4c14fc6a347e7b353412f2e,DO
ModelSetError.cmodel,proj_d0cb8960,lamp,c5587e68c1d74dff9bbdafd74ec32c49,DI_2,65f67098fc57498aa360c62428d10aad,DI,IO module110,a3d699f9c8e245039f68f4af4411b723,DO_2,f94acaf804b24de3963bb83f3b248014,DO
ModelSetError.cmodel,proj_d0cb8960,lamp,c5587e68c1d74dff9bbdafd74ec32c49,DI_3,8e69374106e940e8a0078a1174fd1949,DI,IO module110,a3d699f9c8e245039f68f4af4411b723,DO_3,b2cd1a5b03b54bc2920ad42e236fb699,DO
ModelSetError.cmodel,proj_d0cb8960,EMC,8de1655e9f254bb6b0d326a7ddde8f5f,DO_1,e4e946d4c08e49fe9b74a606611228f6,DO,IO module110,a3d699f9c8e245039f68f4af4411b723,DI_2,fdfa538263174ac1975425ee60ddbdda,DI
ModelSetError.cmodel,proj_d0cb8960,motor-lift,bd7e742ede1c42479c7f4bca928e2b30,LINE_1,fdd5849976f14c9b816197940f71e127,LINE,servo_driver_lift,a0ea809cd97342a9a2964343d5201225,LINE_1,c6dea017b6c749528f344401f4914395,LINE
ModelSetError.cmodel,proj_d0cb8960,motor_move,894cd1de94514710b516e902a3607fca,LINE_1,7f77f14e80bd49d5adb77976897b5e6f,LINE,servo_driver_move,367b549a05ca49c29861986c80a44e89,LINE_1,48c9048b35b742608774ea309b989a87,LINE
ModelSetError.cmodel,proj_d0cb8960,IO module110,a3d699f9c8e245039f68f4af4411b723,CAN_1,611e4833c3b74aa68f657f50f206f3dc,CAN,MainController,f17f3d1f33024af2af80e41f36f8d121,CAN_3,5669dfa8477642539a761c0556abb6a1,CAN
ModelSetError.cmodel,proj_d0cb8960,IO module110,a3d699f9c8e245039f68f4af4411b723,DI_1,6baa395edf8b4841b00d3b2317214b36,DI,collision,caf5ccacb3bf4f8d971cf59f459d1de8,DO_1,234d0c65b7e445b1948ecf54cbd68fe4,DO
ModelSetError.cmodel,proj_d0cb8960,IO module110,a3d699f9c8e245039f68f4af4411b723,DI_3,7093ca208abd447495279f994e2294ba,DI,button-RST,433c15d497d34e8f81e571360eec5e62,DO_1,63b7e328b6d74c01a8e1dcc61ead876a,DO
ModelSetError.cmodel,proj_d0cb8960,IO module110,a3d699f9c8e245039f68f4af4411b723,DI_4,b632f3016e8843c0b3ef001784a49585,DI,button-s-z,cc30b08ad3dc4a3784c02ae75d67726f,DO_1,f19565ebc1ef4f95b218ad44efe05c5c,DO
ModelSetError.cmodel,proj_d0cb8960,IO module110,a3d699f9c8e245039f68f4af4411b723,DO_4,3bcaa3d7d31647e9b1ebffa78c4ac00b,DO,charger,2f0093f62b1a499cb2e0c9884ac3c256,DI_1,b97b5eece6b54051969eb902c60ea2e8,DI
ModelSetError.cmodel,proj_d0cb8960,IO module111,6cba60260cc24c8082039a8e027624e9,CAN_1,ea59141216c24a6e82a709ebfbe33950,CAN,MainController,f17f3d1f33024af2af80e41f36f8d121,CAN_3,5669dfa8477642539a761c0556abb6a1,CAN
ModelSetError.cmodel,proj_d0cb8960,laser,9b0994952c6941f4b52431ab16b9832e,ETH_1,c2c826089a2447908ffab53367eb0c31,ETH,MainController,f17f3d1f33024af2af80e41f36f8d121,ETH_3,2cf4fec71b224a92b506376745a4074d,ETH
ModelSetError.cmodel,proj_d0cb8960,smart camera,acf96092c7254dd38801de87c29d2cf0,ETH_1,f15870e2e15443acaf1f49271f214098,ETH,MainController,f17f3d1f33024af2af80e41f36f8d121,ETH_3,2cf4fec71b224a92b506376745a4074d,ETH
ModelSetError.cmodel,proj_d0cb8960,battery,6b3eabf3ac804ff2ad965d62f79e822b,RS485_1,d7d1176652a0494b881f0d4ebfb4b3fd,RS485,MainController,f17f3d1f33024af2af80e41f36f8d121,RS485_2,5bf70d2051e24bac8d229d84ea3cb387,RS485
ModelSetError.cmodel,proj_d0cb8960,screen,2fc1b82bb93b41369f71a844549f47ff,RS485_1,5f8cacf021b443a398a159e282482cf5,RS485,MainController,f17f3d1f33024af2af80e41f36f8d121,RS485_1,c25c27d602f747c8a3f599f374526364,RS485
ModelSetError.cmodel,proj_d0cb8960,speaker,2ced776129164a8497f57706200a9a3e,SPK_1,921ad3513e5f456f93d476a97cad0707,SPK,MainController,f17f3d1f33024af2af80e41f36f8d121,SPK_1,2e6ecdd4e6d74bfbb935ae584d926d22,SPK
ModelSetError.cmodel,proj_d0cb8960,MainController,f17f3d1f33024af2af80e41f36f8d121,CAN_2,b15835f637f94ab58bfcf52622b6f2e5,CAN,servo_driver_lift,a0ea809cd97342a9a2964343d5201225,CAN_1,a367d7be54d24be0a2891fb67f942b0f,CAN
ModelSetError.cmodel,proj_d0cb8960,MainController,f17f3d1f33024af2af80e41f36f8d121,CAN_2,b15835f637f94ab58bfcf52622b6f2e5,CAN,servo_driver_move,367b549a05ca49c29861986c80a44e89,CAN_1,df4da0e6d0c545a794515eeb7e49b078,CAN
ModelSetError.cmodel,proj_d0cb8960,MainController,f17f3d1f33024af2af80e41f36f8d121,CAN_3,5669dfa8477642539a761c0556abb6a1,CAN,wireEncoder,0eed9432aec54868a1d4d0604becb244,CAN_1,b42f220b1fb24822b302d2cb71cedd86,CAN
ModelSetError.cmodel,proj_d0cb8960,MainController,f17f3d1f33024af2af80e41f36f8d121,ETH_1,c561360b320441ed985028dfd56314ab,ETH,MainController,f17f3d1f33024af2af80e41f36f8d121,ETH_1,c561360b320441ed985028dfd56314ab,ETH
ModelSetError.cmodel,proj_d0cb8960,MainController,f17f3d1f33024af2af80e41f36f8d121,ETH_1,c561360b320441ed985028dfd56314ab,ETH,MainController,f17f3d1f33024af2af80e41f36f8d121,ETH_2,6a71cdef95dc4a30badda0a2f2e3d4b2,ETH
ModelSetError.cmodel,proj_d0cb8960,MainController,f17f3d1f33024af2af80e41f36f8d121,ETH_1,c561360b320441ed985028dfd56314ab,ETH,MainController,f17f3d1f33024af2af80e41f36f8d121,ETH_3,2cf4fec71b224a92b506376745a4074d,ETH
ModelSet---ok(1).cmodel,proj_85050f26,motor_L,11383b9195ef420e8acb1c0788fa3a2d,ENCR_1,b8b11858aaf448c9a6ebf55be7949022,ENCR,servo_driver_L,321a37412e024df2bb9338afff2bf63a,ENCR_1,507cfd99b3ca449c9a5c281359ab8ebd,ENCR
ModelSet---ok(1).cmodel,proj_85050f26,motor_L,11383b9195ef420e8acb1c0788fa3a2d,LINE_1,c0d3794c947f422bb01afd914a070da1,LINE,servo_driver_L,321a37412e024df2bb9338afff2bf63a,LINE_1,09aa0b6ed4c94ee1945e9a2429d034d1,LINE
ModelSet---ok(1).cmodel,proj_85050f26,motor_R,075ffedd1f704725b84fedbea8ee4606,ENCR_1,eef4f2b7240b45bcb54eeef2eeb1a18f,ENCR,servo_driver_R,7eddff6c350f414da2f98f39e3f62e6a,ENCR_1,47fa9ff3d36745e38c2adb6ee61a6e64,ENCR
ModelSet---ok(1).cmodel,proj_85050f26,motor_R,075ffedd1f704725b84fedbea8ee4606,LINE_1,7f4562b884ed4fdab58a40d03701a343,LINE,servo_driver_R,7eddff6c350f414da2f98f39e3f62e6a,LINE_1,e78879c1511a4c06ab883084bc5423de,LINE
ModelSet---ok(1).cmodel,proj_85050f26,servo_driver_L,321a37412e024df2bb9338afff2bf63a,CAN_1,0e834bd1c4504ed08c344a0a86211881,CAN,MainController,e5515de7015e42769c57ad2700298dfb,CAN_2,b448c871044549e89210afd1224b9fbc,CAN
ModelSet---ok(1).cmodel,proj_85050f26,servo_driver_R,7eddff6c350f414da2f98f39e3f62e6a,CAN_1,9e6b1d3901fe4b15a8ff0273fd2ef6bb,CAN,MainController,e5515de7015e42769c57ad2700298dfb,CAN_2,b448c871044549e89210afd1224b9fbc,CAN
ModelSet---ok(1).cmodel,proj_85050f26,slaveController-front,1a974e28d37a4743b0e5ea2f80456d43,CAN_1,c30d1195b2c84896b514a4fc2336d838,CAN,MainController,e5515de7015e42769c57ad2700298dfb,CAN_3,82bd01ab452d4c9a9d2f70b69ccaef1e,CAN
ModelSet---ok(1).cmodel,proj_85050f26,slaveController-front,1a974e28d37a4743b0e5ea2f80456d43,BAR_1,fbdfac4528ab420cb86bced329620b95,BAR,collision-front,c39b6b7ee7684d5bbb93450788e9ed56,BAR_1,cc7f153e12e0410dbe9ab2719b6b575e,BAR
ModelSet---ok(1).cmodel,proj_85050f26,slaveController-front,1a974e28d37a4743b0e5ea2f80456d43,BAR_2,5543c6043ec04b6badc13fd8affa47bd,BAR,collision-front_0,b9208a45575e4ec887f5279728810b31,BAR_1,0e70e165caa94d8a82619bfc2452dd81,BAR
ModelSet---ok(1).cmodel,proj_85050f26,safety_slaveController,2815e78c102e4f74987576ab8ddf2fee,CAN_1,99c229d4d8ef472a96b80ea24b4e4140,CAN,MainController,e5515de7015e42769c57ad2700298dfb,CAN_3,82bd01ab452d4c9a9d2f70b69ccaef1e,CAN
ModelSet---ok(1).cmodel,proj_85050f26,safety_slaveController,2815e78c102e4f74987576ab8ddf2fee,DO_1,0368e3f934f0465cba7ab40e1571831d,DO,lamp-start,ba2709434c384426a8bbef359e664dbd,DI_1,da9ed869c09e47528dc8f9c95c068e11,DI
ModelSet---ok(1).cmodel,proj_85050f26,safety_slaveController,2815e78c102e4f74987576ab8ddf2fee,DO_2,df3596cae2074606871bd7e517b36381,DO,lamp-mode,780a609bd5534726af56aa679d151d35,DI_1,4d434febe5374406b765a66f6bf807a9,DI
ModelSet---ok(1).cmodel,proj_85050f26,safety_slaveController,2815e78c102e4f74987576ab8ddf2fee,DO_3,53a858e499b049ec938ac119efe5b7ff,DO,lamp-left,234dfe29f8454cd18924f478099660e6,DI_2,37f674764a1e4159b2f1cffcb58cc5c3,DI
ModelSet---ok(1).cmodel,proj_85050f26,safety_slaveController,2815e78c102e4f74987576ab8ddf2fee,DO_4,f730c9f71f554c5a9d5092523725f609,DO,lamp-left,234dfe29f8454cd18924f478099660e6,DI_1,6e8a91cb6da3463ba4fb46253dd77a4c,DI
ModelSet---ok(1).cmodel,proj_85050f26,safety_slaveController,2815e78c102e4f74987576ab8ddf2fee,DO_5,c7952fbc309646e4bf1b407ee54c665f,DO,lamp-left,234dfe29f8454cd18924f478099660e6,DI_3,d0a0f3e5f8224a2fa16c1da3fda61592,DI
ModelSet---ok(1).cmodel,proj_85050f26,safety_slaveController,2815e78c102e4f74987576ab8ddf2fee,DO_6,fb71a319bcc6424799cc0b07e22d6353,DO,lamp-right,903c90f6ab3f4c058677cff9df25cd8c,DI_2,3ce1539c1a40442a92795c647e21cd7c,DI
ModelSet---ok(1).cmodel,proj_85050f26,safety_slaveController,2815e78c102e4f74987576ab8ddf2fee,DO_7,e0d26efb298e4826b7f5a5b7b21b59a4,DO,lamp-right,903c90f6ab3f4c058677cff9df25cd8c,DI_1,a140b7aa79c44654a141f372bf6dff31,DI
ModelSet---ok(1).cmodel,proj_85050f26,safety_slaveController,2815e78c102e4f74987576ab8ddf2fee,DO_8,fa119e0800214ba9883667d026ff79e4,DO,lamp-right,903c90f6ab3f4c058677cff9df25cd8c,DI_3,90c953c1fe2a4994a0ae238984283c34,DI
ModelSet---ok(1).cmodel,proj_85050f26,safety_slaveController,2815e78c102e4f74987576ab8ddf2fee,DI_11,63d0bebecf1d47d683a88cf180a27a05,DI,button_start,6b8220bddfe243a5919368eb79d4eff2,DO_1,25ed50d0d669479cbcca8f43fea87026,DO
ModelSet---ok(1).cmodel,proj_85050f26,safety_slaveController,2815e78c102e4f74987576ab8ddf2fee,DI_3,c2b68619b8fa41219778610b1f5ba8e4,DI,button_mode,90386430ad1048a988f05f2ce8b80370,DO_1,5d3df76188bd4affb4a87e65a9fa99fd,DO
ModelSet---ok(1).cmodel,proj_85050f26,safety_slaveController,2815e78c102e4f74987576ab8ddf2fee,DI_5,7788b6ce17644dedb10e71b5ca4f1d60,DI,button-emc-front,2d4637ff62424f2d92654cde031e1afd,DO_1,73430fafb3224b20805df962a7155f01,DO
ModelSet---ok(1).cmodel,proj_85050f26,safety_slaveController,2815e78c102e4f74987576ab8ddf2fee,DI_7,c6759b92bd82407ebd119787bc798a05,DI,button-emc-back,2e69d236becd4e029a258feebbb2c0c3,DO_1,30a474a9ee5341ceb8d8314c716c06e6,DO
ModelSet---ok(1).cmodel,proj_85050f26,safety_slaveController,2815e78c102e4f74987576ab8ddf2fee,DI_9,de35d56dad494c9494e0baf1365216aa,DI,button_reset,a6428b87be34494c930b765796cdd9b8,DO_1,77ab8fbdb3f145b4acfb8afb134a7469,DO
ModelSet---ok(1).cmodel,proj_85050f26,safety_slaveController,2815e78c102e4f74987576ab8ddf2fee,BAR_1,54567e1230494ac5a0bfa085d47e5ee4,BAR,collision-back,0d0f8cdb9e864816b6b3771c48a4d52c,BAR_1,1c144c2010604cec96f7b15b44114a7e,BAR
ModelSet---ok(1).cmodel,proj_85050f26,safety_slaveController,2815e78c102e4f74987576ab8ddf2fee,BAR_2,e15db540b0f3470e83549f01c129f387,BAR,collision-back_1,200450c13a8a44e2bb612706d815c3c7,BAR_1,2d984b427cde480d83f087b3570c0cef,BAR
ModelSet---ok(1).cmodel,proj_85050f26,laser-Front,19896c078b964dc1bdb986a33033369a,ETH_1,c8bdd97726184c6c81191f8cf4bbc6f3,ETH,MainController,e5515de7015e42769c57ad2700298dfb,ETH_3,238982bd5a654c5cb1828bdea929f92e,ETH
ModelSet---ok(1).cmodel,proj_85050f26,battery,d1268cbb7cb44a34adf1b600e2eaa4d6,RS485_1,f5b5309ccc8f403f92e32a067aa1e3e8,RS485,powerController,971879de01c44185878432f1311187ce,RS485_1,047c0762785b4a888048fdcb12af0b84,RS485
ModelSet---ok(1).cmodel,proj_85050f26,screen,b51aff74017445d9b8249c42e47c22c8,RS485_1,9c9bcfccf42b49009eac4050a12d1da1,RS485,MainController,e5515de7015e42769c57ad2700298dfb,RS485_1,8e2b042d49a343ec9544c17721eb9891,RS485
ModelSet---ok(1).cmodel,proj_85050f26,speaker,26e69a07311a422f9cad1c1ce252f273,SPK_1,561a04d1ef574591b24039ddbaeac353,SPK,MainController,e5515de7015e42769c57ad2700298dfb,SPK_1,d5c1162d843c4f84be870d46d9632fe7,SPK
ModelSet---ok(1).cmodel,proj_85050f26,powerController,971879de01c44185878432f1311187ce,CAN_1,aba1ab9f074748e79ff0f3d70e812098,CAN,MainController,e5515de7015e42769c57ad2700298dfb,CAN_1,9b90094d1b874ab68f290c2ba688515c,CAN
ModelSet---ok(1).cmodel,proj_85050f26,driver_lift,9b819cf0a8d64d509959ffe4d7aa498f,CAN_1,921d153919104385a2adf2e51049f5f2,CAN,MainController,e5515de7015e42769c57ad2700298dfb,CAN_2,b448c871044549e89210afd1224b9fbc,CAN
ModelSet---ok(1).cmodel,proj_85050f26,driver_lift,9b819cf0a8d64d509959ffe4d7aa498f,DI_6,df0079eedb2d439ab3f2e035e7e493d9,DI,proximitySensor_lift,e026c9ba9bb047faba8677f4d9df6fa1,DO_1,e4201c5facc543ff8e4d69021797fd39,DO
ModelSet---ok(1).cmodel,proj_85050f26,driver_lift,9b819cf0a8d64d509959ffe4d7aa498f,LINE_1,02f4d68d82a441c185bb89a04f50fe71,LINE,motor_lift,c3a784e950ac4a8993c1c60cb85b874a,LINE_1,f174adc279d046c987268afd003ebfd3,LINE
ModelSet---ok(1).cmodel,proj_85050f26,driver_lift,9b819cf0a8d64d509959ffe4d7aa498f,ENCR_1,f5669a2f80cb417294b850521117feef,ENCR,motor_lift,c3a784e950ac4a8993c1c60cb85b874a,ENCR_1,4a0c5b29b1ef4366ae43116ef8d0805d,ENCR
ModelSet---ok(1).cmodel,proj_85050f26,driver_rotate,63530b44418546a09178e543390f0796,CAN_1,9647d962f8d048839b763487c0f4b26a,CAN,MainController,e5515de7015e42769c57ad2700298dfb,CAN_2,b448c871044549e89210afd1224b9fbc,CAN
ModelSet---ok(1).cmodel,proj_85050f26,driver_rotate,63530b44418546a09178e543390f0796,DI_5,fa7b63330464450ba53bdf1b893528b5,DI,proximitySensor_rotate,ce9aff286706474d9eb6275f482372df,DO_1,0852dc08c5ca48f7814d897a71b43161,DO
ModelSet---ok(1).cmodel,proj_85050f26,driver_rotate,63530b44418546a09178e543390f0796,LINE_1,6c12809c201846b392ab1d1ed12cf03e,LINE,motor_rotate,357078ecd0a04bf6a9c28a3a0ab1bc4f,LINE_1,e83c740e481e4d0188a9c5981acc4249,LINE
ModelSet---ok(1).cmodel,proj_85050f26,driver_rotate,63530b44418546a09178e543390f0796,ENCR_1,0fff2a8c15254efd85345b0e26da59a9,ENCR,motor_rotate,357078ecd0a04bf6a9c28a3a0ab1bc4f,ENCR_1,1728f5bd49bf4182a30f7859e9223b0e,ENCR
ModelSet---ok(1).cmodel,proj_85050f26,MainController,e5515de7015e42769c57ad2700298dfb,CAN_1,9b90094d1b874ab68f290c2ba688515c,CAN,gyro,2a613797f3be44a4a21a9201410f314a,CAN_1,f1020055a5104eb1914693b8bc955e06,CAN
ModelSet---ok(1).cmodel,proj_85050f26,MainController,e5515de7015e42769c57ad2700298dfb,ETH_1,117d2c1992eb44b8bd6950c5f32d0aae,ETH,MainController,e5515de7015e42769c57ad2700298dfb,ETH_1,117d2c1992eb44b8bd6950c5f32d0aae,ETH
ModelSet---ok(1).cmodel,proj_85050f26,MainController,e5515de7015e42769c57ad2700298dfb,ETH_1,117d2c1992eb44b8bd6950c5f32d0aae,ETH,MainController,e5515de7015e42769c57ad2700298dfb,ETH_2,de6e83a8718449fe969de4c35e1c67b4,ETH
ModelSet---ok(1).cmodel,proj_85050f26,MainController,e5515de7015e42769c57ad2700298dfb,ETH_1,117d2c1992eb44b8bd6950c5f32d0aae,ETH,smart camera1,28c31c37cb844c19a6648f37e3522d67,ETH_1,27398f0661844848a5f0b60e78470848,ETH
ModelSet0511.cmodel,proj_50266737,motor_L,11383b9195ef420e8acb1c0788fa3a2d,ENCR_1,b8b11858aaf448c9a6ebf55be7949022,ENCR,servo_driver_L,321a37412e024df2bb9338afff2bf63a,ENCR_1,507cfd99b3ca449c9a5c281359ab8ebd,ENCR
ModelSet0511.cmodel,proj_50266737,motor_L,11383b9195ef420e8acb1c0788fa3a2d,LINE_1,c0d3794c947f422bb01afd914a070da1,LINE,servo_driver_L,321a37412e024df2bb9338afff2bf63a,LINE_1,09aa0b6ed4c94ee1945e9a2429d034d1,LINE
ModelSet0511.cmodel,proj_50266737,motor_R,075ffedd1f704725b84fedbea8ee4606,ENCR_1,eef4f2b7240b45bcb54eeef2eeb1a18f,ENCR,servo_driver_R,7eddff6c350f414da2f98f39e3f62e6a,ENCR_1,47fa9ff3d36745e38c2adb6ee61a6e64,ENCR
ModelSet0511.cmodel,proj_50266737,motor_R,075ffedd1f704725b84fedbea8ee4606,LINE_1,7f4562b884ed4fdab58a40d03701a343,LINE,servo_driver_R,7eddff6c350f414da2f98f39e3f62e6a,LINE_1,e78879c1511a4c06ab883084bc5423de,LINE
ModelSet0511.cmodel,proj_50266737,servo_driver_L,321a37412e024df2bb9338afff2bf63a,CAN_1,0e834bd1c4504ed08c344a0a86211881,CAN,MainController,e5515de7015e42769c57ad2700298dfb,CAN_2,b448c871044549e89210afd1224b9fbc,CAN
ModelSet0511.cmodel,proj_50266737,servo_driver_R,7eddff6c350f414da2f98f39e3f62e6a,CAN_1,9e6b1d3901fe4b15a8ff0273fd2ef6bb,CAN,MainController,e5515de7015e42769c57ad2700298dfb,CAN_2,b448c871044549e89210afd1224b9fbc,CAN
ModelSet0511.cmodel,proj_50266737,slaveController-front,1a974e28d37a4743b0e5ea2f80456d43,CAN_1,c30d1195b2c84896b514a4fc2336d838,CAN,MainController,e5515de7015e42769c57ad2700298dfb,CAN_3,82bd01ab452d4c9a9d2f70b69ccaef1e,CAN
ModelSet0511.cmodel,proj_50266737,slaveController-front,1a974e28d37a4743b0e5ea2f80456d43,BAR_1,fbdfac4528ab420cb86bced329620b95,BAR,collision-front,c39b6b7ee7684d5bbb93450788e9ed56,BAR_1,cc7f153e12e0410dbe9ab2719b6b575e,BAR
ModelSet0511.cmodel,proj_50266737,slaveController-front,1a974e28d37a4743b0e5ea2f80456d43,BAR_2,5543c6043ec04b6badc13fd8affa47bd,BAR,collision-front_0,b9208a45575e4ec887f5279728810b31,BAR_1,0e70e165caa94d8a82619bfc2452dd81,BAR
ModelSet0511.cmodel,proj_50266737,safety_slaveController,2815e78c102e4f74987576ab8ddf2fee,CAN_1,99c229d4d8ef472a96b80ea24b4e4140,CAN,MainController,e5515de7015e42769c57ad2700298dfb,CAN_3,82bd01ab452d4c9a9d2f70b69ccaef1e,CAN
ModelSet0511.cmodel,proj_50266737,safety_slaveController,2815e78c102e4f74987576ab8ddf2fee,DO_1,0368e3f934f0465cba7ab40e1571831d,DO,lamp-start,ba2709434c384426a8bbef359e664dbd,DI_1,da9ed869c09e47528dc8f9c95c068e11,DI
ModelSet0511.cmodel,proj_50266737,safety_slaveController,2815e78c102e4f74987576ab8ddf2fee,DO_2,df3596cae2074606871bd7e517b36381,DO,lamp-mode,780a609bd5534726af56aa679d151d35,DI_1,4d434febe5374406b765a66f6bf807a9,DI
ModelSet0511.cmodel,proj_50266737,safety_slaveController,2815e78c102e4f74987576ab8ddf2fee,DO_3,53a858e499b049ec938ac119efe5b7ff,DO,lamp-left,234dfe29f8454cd18924f478099660e6,DI_2,37f674764a1e4159b2f1cffcb58cc5c3,DI
ModelSet0511.cmodel,proj_50266737,safety_slaveController,2815e78c102e4f74987576ab8ddf2fee,DO_4,f730c9f71f554c5a9d5092523725f609,DO,lamp-left,234dfe29f8454cd18924f478099660e6,DI_1,6e8a91cb6da3463ba4fb46253dd77a4c,DI
ModelSet0511.cmodel,proj_50266737,safety_slaveController,2815e78c102e4f74987576ab8ddf2fee,DO_5,c7952fbc309646e4bf1b407ee54c665f,DO,lamp-left,234dfe29f8454cd18924f478099660e6,DI_3,d0a0f3e5f8224a2fa16c1da3fda61592,DI
ModelSet0511.cmodel,proj_50266737,safety_slaveController,2815e78c102e4f74987576ab8ddf2fee,DO_6,fb71a319bcc6424799cc0b07e22d6353,DO,lamp-right,903c90f6ab3f4c058677cff9df25cd8c,DI_2,3ce1539c1a40442a92795c647e21cd7c,DI
ModelSet0511.cmodel,proj_50266737,safety_slaveController,2815e78c102e4f74987576ab8ddf2fee,DO_7,e0d26efb298e4826b7f5a5b7b21b59a4,DO,lamp-right,903c90f6ab3f4c058677cff9df25cd8c,DI_1,a140b7aa79c44654a141f372bf6dff31,DI
ModelSet0511.cmodel,proj_50266737,safety_slaveController,2815e78c102e4f74987576ab8ddf2fee,DO_8,fa119e0800214ba9883667d026ff79e4,DO,lamp-right,903c90f6ab3f4c058677cff9df25cd8c,DI_3,90c953c1fe2a4994a0ae238984283c34,DI
ModelSet0511.cmodel,proj_50266737,safety_slaveController,2815e78c102e4f74987576ab8ddf2fee,DI_11,63d0bebecf1d47d683a88cf180a27a05,DI,button_start,6b8220bddfe243a5919368eb79d4eff2,DO_1,25ed50d0d669479cbcca8f43fea87026,DO
ModelSet0511.cmodel,proj_50266737,safety_slaveController,2815e78c102e4f74987576ab8ddf2fee,DI_3,c2b68619b8fa41219778610b1f5ba8e4,DI,button_mode,90386430ad1048a988f05f2ce8b80370,DO_1,5d3df76188bd4affb4a87e65a9fa99fd,DO
ModelSet0511.cmodel,proj_50266737,safety_slaveController,2815e78c102e4f74987576ab8ddf2fee,DI_5,7788b6ce17644dedb10e71b5ca4f1d60,DI,button-emc-front,2d4637ff62424f2d92654cde031e1afd,DO_1,73430fafb3224b20805df962a7155f01,DO
ModelSet0511.cmodel,proj_50266737,safety_slaveController,2815e78c102e4f74987576ab8ddf2fee,DI_7,c6759b92bd82407ebd119787bc798a05,DI,button-emc-back,2e69d236becd4e029a258feebbb2c0c3,DO_1,30a474a9ee5341ceb8d8314c716c06e6,DO
ModelSet0511.cmodel,proj_50266737,safety_slaveController,2815e78c102e4f74987576ab8ddf2fee,DI_9,de35d56dad494c9494e0baf1365216aa,DI,button_reset,a6428b87be34494c930b765796cdd9b8,DO_1,77ab8fbdb3f145b4acfb8afb134a7469,DO
ModelSet0511.cmodel,proj_50266737,safety_slaveController,2815e78c102e4f74987576ab8ddf2fee,BAR_1,54567e1230494ac5a0bfa085d47e5ee4,BAR,collision-back,0d0f8cdb9e864816b6b3771c48a4d52c,BAR_1,1c144c2010604cec96f7b15b44114a7e,BAR
ModelSet0511.cmodel,proj_50266737,safety_slaveController,2815e78c102e4f74987576ab8ddf2fee,BAR_2,e15db540b0f3470e83549f01c129f387,BAR,collision-back_1,200450c13a8a44e2bb612706d815c3c7,BAR_1,2d984b427cde480d83f087b3570c0cef,BAR
ModelSet0511.cmodel,proj_50266737,laser-Front,19896c078b964dc1bdb986a33033369a,ETH_1,c8bdd97726184c6c81191f8cf4bbc6f3,ETH,MainController,e5515de7015e42769c57ad2700298dfb,ETH_3,238982bd5a654c5cb1828bdea929f92e,ETH
ModelSet0511.cmodel,proj_50266737,battery,d1268cbb7cb44a34adf1b600e2eaa4d6,RS485_1,f5b5309ccc8f403f92e32a067aa1e3e8,RS485,powerController,971879de01c44185878432f1311187ce,RS485_1,047c0762785b4a888048fdcb12af0b84,RS485
ModelSet0511.cmodel,proj_50266737,screen,b51aff74017445d9b8249c42e47c22c8,RS485_1,9c9bcfccf42b49009eac4050a12d1da1,RS485,MainController,e5515de7015e42769c57ad2700298dfb,RS485_1,8e2b042d49a343ec9544c17721eb9891,RS485
ModelSet0511.cmodel,proj_50266737,speaker,26e69a07311a422f9cad1c1ce252f273,SPK_1,561a04d1ef574591b24039ddbaeac353,SPK,MainController,e5515de7015e42769c57ad2700298dfb,SPK_1,d5c1162d843c4f84be870d46d9632fe7,SPK
ModelSet0511.cmodel,proj_50266737,powerController,971879de01c44185878432f1311187ce,CAN_1,aba1ab9f074748e79ff0f3d70e812098,CAN,MainController,e5515de7015e42769c57ad2700298dfb,CAN_1,9b90094d1b874ab68f290c2ba688515c,CAN
ModelSet0511.cmodel,proj_50266737,driver_lift,9b819cf0a8d64d509959ffe4d7aa498f,CAN_1,921d153919104385a2adf2e51049f5f2,CAN,MainController,e5515de7015e42769c57ad2700298dfb,CAN_2,b448c871044549e89210afd1224b9fbc,CAN
ModelSet0511.cmodel,proj_50266737,driver_lift,9b819cf0a8d64d509959ffe4d7aa498f,DI_6,df0079eedb2d439ab3f2e035e7e493d9,DI,proximitySensor_lift,e026c9ba9bb047faba8677f4d9df6fa1,DO_1,e4201c5facc543ff8e4d69021797fd39,DO
ModelSet0511.cmodel,proj_50266737,driver_lift,9b819cf0a8d64d509959ffe4d7aa498f,LINE_1,02f4d68d82a441c185bb89a04f50fe71,LINE,motor_lift,c3a784e950ac4a8993c1c60cb85b874a,LINE_1,f174adc279d046c987268afd003ebfd3,LINE
ModelSet0511.cmodel,proj_50266737,driver_lift,9b819cf0a8d64d509959ffe4d7aa498f,ENCR_1,f5669a2f80cb417294b850521117feef,ENCR,motor_lift,c3a784e950ac4a8993c1c60cb85b874a,ENCR_1,4a0c5b29b1ef4366ae43116ef8d0805d,ENCR
ModelSet0511.cmodel,proj_50266737,driver_rotate,63530b44418546a09178e543390f0796,CAN_1,9647d962f8d048839b763487c0f4b26a,CAN,MainController,e5515de7015e42769c57ad2700298dfb,CAN_2,b448c871044549e89210afd1224b9fbc,CAN
ModelSet0511.cmodel,proj_50266737,driver_rotate,63530b44418546a09178e543390f0796,DI_5,fa7b63330464450ba53bdf1b893528b5,DI,proximitySensor_rotate,ce9aff286706474d9eb6275f482372df,DO_1,0852dc08c5ca48f7814d897a71b43161,DO
ModelSet0511.cmodel,proj_50266737,driver_rotate,63530b44418546a09178e543390f0796,LINE_1,6c12809c201846b392ab1d1ed12cf03e,LINE,motor_rotate,357078ecd0a04bf6a9c28a3a0ab1bc4f,LINE_1,e83c740e481e4d0188a9c5981acc4249,LINE
ModelSet0511.cmodel,proj_50266737,driver_rotate,63530b44418546a09178e543390f0796,ENCR_1,0fff2a8c15254efd85345b0e26da59a9,ENCR,motor_rotate,357078ecd0a04bf6a9c28a3a0ab1bc4f,ENCR_1,1728f5bd49bf4182a30f7859e9223b0e,ENCR
ModelSet0511.cmodel,proj_50266737,MainController,e5515de7015e42769c57ad2700298dfb,CAN_1,9b90094d1b874ab68f290c2ba688515c,CAN,gyro,2a613797f3be44a4a21a9201410f314a,CAN_1,f1020055a5104eb1914693b8bc955e06,CAN
ModelSet0511.cmodel,proj_50266737,MainController,e5515de7015e42769c57ad2700298dfb,ETH_1,117d2c1992eb44b8bd6950c5f32d0aae,ETH,MainController,e5515de7015e42769c57ad2700298dfb,ETH_1,117d2c1992eb44b8bd6950c5f32d0aae,ETH
ModelSet0511.cmodel,proj_50266737,MainController,e5515de7015e42769c57ad2700298dfb,ETH_1,117d2c1992eb44b8bd6950c5f32d0aae,ETH,MainController,e5515de7015e42769c57ad2700298dfb,ETH_2,de6e83a8718449fe969de4c35e1c67b4,ETH
ModelSet0511.cmodel,proj_50266737,MainController,e5515de7015e42769c57ad2700298dfb,ETH_1,117d2c1992eb44b8bd6950c5f32d0aae,ETH,smart camera1,28c31c37cb844c19a6648f37e3522d67,ETH_1,27398f0661844848a5f0b60e78470848,ETH
磁吸车组态建模.cmodel,proj_38c117d0,motor_right,a54fff8109d04fd49caab37e90bb1ec1,ENCR_1,90afbd0725c4471796d55ee7933e1bb9,ENCR,driver_right,336a1c5f11e949fb89a10a3e9a6204f0,ENCR_1,e3d37746448644d99b53bf54c376692b,ENCR
磁吸车组态建模.cmodel,proj_38c117d0,motor_right,a54fff8109d04fd49caab37e90bb1ec1,LINE_1,d90e38639d3540638a7c19dde0e1254b,LINE,driver_right,336a1c5f11e949fb89a10a3e9a6204f0,LINE_1,0831b16d06ed4ada88466805ca019836,LINE
磁吸车组态建模.cmodel,proj_38c117d0,motor_left,0a90532b1b1f482989a407e42ca1d23f,ENCR_1,c0aa25b3d45643ba8574776751640e0c,ENCR,driver_left,8ad7ec90c48f4da6915c85e8ce608749,ENCR_1,827cce98979f4c6a911dbeb458dd5a4d,ENCR
磁吸车组态建模.cmodel,proj_38c117d0,motor_left,0a90532b1b1f482989a407e42ca1d23f,LINE_1,a951cb62c68f4d39b492bd49d67bd6ec,LINE,driver_left,8ad7ec90c48f4da6915c85e8ce608749,LINE_1,9debc11185204cb0a5c09d74477e175d,LINE
磁吸车组态建模.cmodel,proj_38c117d0,driver_right,336a1c5f11e949fb89a10a3e9a6204f0,CAN_1,6d37d1719cac4889a846ece591ee2f8e,CAN,MainController,394ce43d17e148b78050953b0f6b6b9c,CAN_2,7a62c260c067450086a389d6bdfab69b,CAN
磁吸车组态建模.cmodel,proj_38c117d0,driver_left,8ad7ec90c48f4da6915c85e8ce608749,CAN_1,e3ca674f4fec4518a1b2b184a541872c,CAN,MainController,394ce43d17e148b78050953b0f6b6b9c,CAN_2,7a62c260c067450086a389d6bdfab69b,CAN
磁吸车组态建模.cmodel,proj_38c117d0,MainController,394ce43d17e148b78050953b0f6b6b9c,RS485_1,6961512acb9447139acfb58ebb2846fe,RS485,battery,a5263c81db204a249ea2ff8f6da5f340,RS485_1,f9002d47275c4c8d9502a9ead8bf746c,RS485
磁吸车组态建模.cmodel,proj_38c117d0,MainController,394ce43d17e148b78050953b0f6b6b9c,RS485_2,b26e3987067a49efae8affdbf466f84d,RS485,screen,853aaea264e94a58a696aa2e29c6280b,RS485_1,31242f841d5d4e708983ddf049408dd6,RS485
磁吸车组态建模.cmodel,proj_38c117d0,MainController,394ce43d17e148b78050953b0f6b6b9c,CAN_3,57fb9f37ee0c4278bd17f85cb2e51475,CAN,IO module,17dd58bbac1a451785707c27b6627977,CAN_1,67cc8d8976fd493081504a1a851d9dd5,CAN
磁吸车组态建模.cmodel,proj_38c117d0,MainController,394ce43d17e148b78050953b0f6b6b9c,ETH_1,22c259d90cf44ad686af7d71b0b4cdab,ETH,MainController,394ce43d17e148b78050953b0f6b6b9c,ETH_1,22c259d90cf44ad686af7d71b0b4cdab,ETH
磁吸车组态建模.cmodel,proj_38c117d0,MainController,394ce43d17e148b78050953b0f6b6b9c,ETH_1,22c259d90cf44ad686af7d71b0b4cdab,ETH,MainController,394ce43d17e148b78050953b0f6b6b9c,ETH_2,074adbd205db4a0b803488406045b3a4,ETH
磁吸车组态建模.cmodel,proj_38c117d0,MainController,394ce43d17e148b78050953b0f6b6b9c,ETH_1,22c259d90cf44ad686af7d71b0b4cdab,ETH,MainController,394ce43d17e148b78050953b0f6b6b9c,ETH_3,cf340166bdca4391b908ab26cb7c04a5,ETH
磁吸车组态建模.cmodel,proj_38c117d0,MainController,394ce43d17e148b78050953b0f6b6b9c,ETH_1,22c259d90cf44ad686af7d71b0b4cdab,ETH,laser-front,03a44e079a114bf1958bd8771f39122a,ETH_1,f10220bfe66b4689b318e3e14a5a4031,ETH
磁吸车组态建模.cmodel,proj_38c117d0,MainController,394ce43d17e148b78050953b0f6b6b9c,ETH_1,22c259d90cf44ad686af7d71b0b4cdab,ETH,laser-back,7aeead91473f4270bcd04e42fcdddeba,ETH_1,c8ef4ceb9b3a43b88dd3ae1c28396d77,ETH
磁吸车组态建模.cmodel,proj_38c117d0,MainController,394ce43d17e148b78050953b0f6b6b9c,ETH_1,22c259d90cf44ad686af7d71b0b4cdab,ETH,mid360s,6fbac3232e004c6588e833d79a67bd51,ETH_1,5df2ad80fad147fa9b99f223a153ae04,ETH
磁吸车组态建模.cmodel,proj_38c117d0,MainController,394ce43d17e148b78050953b0f6b6b9c,SPK_1,cf393b63bc8e45bc972c91e8129d93a3,SPK,speaker,42eda440c850476689e2903926789c9d,SPK_1,925f19cb79774814adc70a53b01f10ac,SPK
磁吸车组态建模.cmodel,proj_38c117d0,IO module,17dd58bbac1a451785707c27b6627977,DI_1,c92f4bca86d143418d1ada3752a237ae,DI,button_L,4d2d3ec659cd4f158b5d900b8c348499,DO_1,e2b816e241604fe9ac0b18c3a9ea922b,DO
磁吸车组态建模.cmodel,proj_38c117d0,IO module,17dd58bbac1a451785707c27b6627977,DI_2,d8779a69890d4e23a85979ebaa6eb97c,DI,button_R,030f2b5e378a41caa30ea4bddb68a850,DO_1,f1d0195398a74aa6a77698a0573f47bf,DO
磁吸车组态建模.cmodel,proj_38c117d0,IO module,17dd58bbac1a451785707c27b6627977,DI_3,be7e214adcb14724a8eb2122acbca79f,DI,collision_B,c2ce210dfbea45148f3fdb6049e8c2a2,DO_1,5dcd7a033d4c4669b476ca4686c9c890,DO
磁吸车组态建模.cmodel,proj_38c117d0,IO module,17dd58bbac1a451785707c27b6627977,DI_4,59388de266aa4a8a894e257d9d8b79b9,DI,collision_F,9c2c6a18b5ab46b690315043b3b31a88,DO_1,36e4d2fc16a64ccb814df503f7fb0e8c,DO
磁吸车组态建模.cmodel,proj_38c117d0,IO module,17dd58bbac1a451785707c27b6627977,DI_5,68c4c2c9b1a940b28f13f413eb27707c,DI,button,a5dae0000954490cb8953a059f725c19,DO_1,c6a24354fb5f4b5996034afea6ec78c1,DO
磁吸车组态建模.cmodel,proj_38c117d0,IO module,17dd58bbac1a451785707c27b6627977,DO_8,78aa4bf641964650932f4e967ea3b481,DO,lamp,354644473c4a4fe9870e480b3ef26ce7,DI_3,373209ea02d145ea81eac6c157b2bdd3,DI
磁吸车组态建模.cmodel,proj_38c117d0,IO module,17dd58bbac1a451785707c27b6627977,DO_9,dd2a014f74af4aa0a81c03fff5de577a,DO,lamp,354644473c4a4fe9870e480b3ef26ce7,DI_1,1d375c704a934f8590af72fc46f77966,DI
磁吸车组态建模.cmodel,proj_38c117d0,IO module,17dd58bbac1a451785707c27b6627977,DO_10,8d1114f691d944668a2b7e197fe38cc9,DO,lamp,354644473c4a4fe9870e480b3ef26ce7,DI_2,a9dc5bdd529e4beeb2a3736136b08274,DI
5.12_src.cmodel,proj_30fc75fe,MainController,2ad160743bda49a9acf93b3d12fd24df,RS485_0,c09f1037ccd64cb3beb8cdc879f6b00e,RS485,battery,846e55e0f86c4b198f398fd8b5ed358f,RS485_0,3de94074405e4b348581b46666f570c7,RS485
5.12_src.cmodel,proj_30fc75fe,MainController,2ad160743bda49a9acf93b3d12fd24df,CAN_2,68b3bf5dd84a4dd8835d2ac3c189ba7d,CAN,driver_servo,e95f6239ca9a4338ba24aa04aa5bd734,CAN_1,02ff21f229e44094b36b9193be757e6c,CAN
5.12_src.cmodel,proj_30fc75fe,MainController,2ad160743bda49a9acf93b3d12fd24df,CAN_2,68b3bf5dd84a4dd8835d2ac3c189ba7d,CAN,turn_servo,15f6634ea57841a2ba96cf0ffbb4b2eb,CAN_1,d996fddb6389410584a0cb4fa641147d,CAN
5.12_src.cmodel,proj_30fc75fe,MainController,2ad160743bda49a9acf93b3d12fd24df,CAN_3,24fef205f84c4d2caffe91e029223d38,CAN,IO module0,fb46235dbbef4159abd0b18c4fbee58f,CAN_1,c2b9f3d0b26a47ca8cd4946013735d6f,CAN
5.12_src.cmodel,proj_30fc75fe,MainController,2ad160743bda49a9acf93b3d12fd24df,CAN_3,24fef205f84c4d2caffe91e029223d38,CAN,IO module1,cc57f5ebba494d24bc8cd641107cc384,CAN_1,6eb02a1fed604ed1a8bfb1456829c6f8,CAN
5.12_src.cmodel,proj_30fc75fe,MainController,2ad160743bda49a9acf93b3d12fd24df,ETH_0,9c273762a2504970a40cd60760072e35,ETH,mid360dh,b85fa0f7560e47f08315454ae612f372,ETH_0,a4dea87901d6448ab16dfecbd4cce278,ETH
5.12_src.cmodel,proj_30fc75fe,MainController,2ad160743bda49a9acf93b3d12fd24df,ETH_0,9c273762a2504970a40cd60760072e35,ETH,laserZQBZ,5eadafc2479246198ecfe25721830429,ETH_0,94285f65a76e464da6c003ab35381163,ETH
5.12_src.cmodel,proj_30fc75fe,MainController,2ad160743bda49a9acf93b3d12fd24df,ETH_1,79dd94ab73ef46c69f4703b2028a339f,ETH,screen,e2d4a49181ae45fbb2526cbb3739a212,ETH_0,270ef7d0f21148b283353e16eb26f405,ETH
5.12_src.cmodel,proj_30fc75fe,MainController,2ad160743bda49a9acf93b3d12fd24df,ETH_2,d632da8cf7d047db9e973c079852ffb2,ETH,laserYQBZ,e6cf93b440ec443eafa400c38c1da651,ETH_0,c9ccc2b5b70f411ca4d9b924906f5737,ETH
5.12_src.cmodel,proj_30fc75fe,button,9658100415d543b2bda2985adc8b673e,DO_0,10fdfbb05ee04d5bb2a68d56f38dab1a,DO,IO module0,fb46235dbbef4159abd0b18c4fbee58f,DI_0,09e35b9bd5c643019bbc6e37a4c390a6,DI
5.12_src.cmodel,proj_30fc75fe,driver_servo,e95f6239ca9a4338ba24aa04aa5bd734,LINE_0,1c31b6de8a364ff5ba258ed33f660d20,LINE,driver-motor,549efe444e434f4b811fc7ae6b7e59eb,LINE_0,44442f7880524f9ca651f3cc15007acd,LINE
5.12_src.cmodel,proj_30fc75fe,driver_servo,e95f6239ca9a4338ba24aa04aa5bd734,ENCR_0,ae74b0f6c1d4474faa83df0c95e83a0c,ENCR,driver-motor,549efe444e434f4b811fc7ae6b7e59eb,ENCR_0,70d9e8ce40bb45bdb4ba4eb92d415464,ENCR
5.12_src.cmodel,proj_30fc75fe,turn_servo,15f6634ea57841a2ba96cf0ffbb4b2eb,LINE_0,e1ca5c2e71b644c2b9527ed8396c23df,LINE,turn-motor,ff45cdf41c1c4766b6fb32ae93196910,LINE_0,15268f7406c6457d91d6133698630ae0,LINE
5.12_src.cmodel,proj_30fc75fe,turn_servo,15f6634ea57841a2ba96cf0ffbb4b2eb,ENCR_0,211fc62744804f7aa6bfb4e764069839,ENCR,turn-motor,ff45cdf41c1c4766b6fb32ae93196910,ENCR_0,df5f65adf2974c0d9647a6f5591002ad,ENCR
5.12_src.cmodel,proj_30fc75fe,IO module0,fb46235dbbef4159abd0b18c4fbee58f,DI_1,f4784a9c7c83462fabbfa8c744e39996,DI,collision,16aceb1cd7f04880a0e06dffbbf6d971,DO_0,ef85f734cd644710bfd1b1c7abaa4efc,DO
5.12_src.cmodel,proj_30fc75fe,IO module0,fb46235dbbef4159abd0b18c4fbee58f,DI_2,0f6c2f0cb35d44e28e8f878b94bb79c5,DI,lift_down_limit_di,783eb775a3ce47bca62b116958dbce30,DO_0,e663dc2ff36947c899ea9de4ab1adef7,DO
5.12_src.cmodel,proj_30fc75fe,IO module0,fb46235dbbef4159abd0b18c4fbee58f,DI_3,7caa43c55f5e44c796ad12105ec6177e,DI,lift_up_limit_di,32f5997fbc504e88bb9f0360ba8f7238,DO_0,494211a7c4224ea88e26212674cba9f4,DO
5.12_src.cmodel,proj_30fc75fe,IO module0,fb46235dbbef4159abd0b18c4fbee58f,DI_4,9c9c8713a19544fa8c8e4bcfc9f7205e,DI,STEER-PT,5136db53c90544698bcc0bd24e2ece54,DO_0,29d92aa8c9cc410cb81e367697143e7e,DO
5.12_src.cmodel,proj_30fc75fe,IO module0,fb46235dbbef4159abd0b18c4fbee58f,DI_5,33ccab8346c8425eb45e25954501322c,DI,IO-HYD,c3a47e48c7ec42ada5e2f48aca9ac2b2,DO_0,9c6b4eb3ab8d4fe5a2dd625733c46fc9,DO
5.12_src.cmodel,proj_30fc75fe,IO module0,fb46235dbbef4159abd0b18c4fbee58f,DI_6,725ad2449cf8446a8d1f0d2716b610d3,DI,left_cargo_di,70ef523a747446fd9196e803ca96f73a,DO_0,6e002f9cb8874f81bdd0aa32c9c14145,DO
5.12_src.cmodel,proj_30fc75fe,IO module0,fb46235dbbef4159abd0b18c4fbee58f,DI_7,d42a44b7326e43efb8031ef61922b640,DI,right_cargo_di,7b6180df0ea5482c98b120c9144bd24a,DO_0,c849931baeda4894bbed51109d31d918,DO
5.12_src.cmodel,proj_30fc75fe,IO module0,fb46235dbbef4159abd0b18c4fbee58f,DO_0,0db38bfdf577445e8ad5bb87ebf1770f,DO,lampzd,11c9c1f19176484d9c9a7ada89507f8f,DI_0,2bc3384a6d41458f9b644add1cc91069,DI
5.12_src.cmodel,proj_30fc75fe,IO module0,fb46235dbbef4159abd0b18c4fbee58f,DO_1,235669f533924d328a55d3891933a2fd,DO,lampzd,11c9c1f19176484d9c9a7ada89507f8f,DI_1,cde79a118de54c23ad670b6aed755bfc,DI
5.12_src.cmodel,proj_30fc75fe,IO module0,fb46235dbbef4159abd0b18c4fbee58f,DO_2,0ffeedc6832740a1a2d147ca54ed81fa,DO,lampzd,11c9c1f19176484d9c9a7ada89507f8f,DI_2,9a954e45ab6d44c783902cf44cf4b040,DI
5.12_src.cmodel,proj_30fc75fe,IO module0,fb46235dbbef4159abd0b18c4fbee58f,DO_3,0a1cbc991a0d4e8e9f6b168d3cdb8d9b,DO,lampyd,1cc92776246f432583774c693887ea08,DI_0,66bbbc734eec461799545a545174e71f,DI
5.12_src.cmodel,proj_30fc75fe,IO module0,fb46235dbbef4159abd0b18c4fbee58f,DO_4,03814b241d2347ce85b9268978e08fcb,DO,lampyd,1cc92776246f432583774c693887ea08,DI_1,2e822342560c437f8d283f7b4c80ae13,DI
5.12_src.cmodel,proj_30fc75fe,IO module0,fb46235dbbef4159abd0b18c4fbee58f,DO_5,f7bbd65f08384838a29574a5115b2a27,DO,lampyd,1cc92776246f432583774c693887ea08,DI_2,1485a305293243959822620d9b3b121e,DI
5.12_src.cmodel,proj_30fc75fe,IO module0,fb46235dbbef4159abd0b18c4fbee58f,DO_6,6e022e29f5524b209daf53075ba23c40,DO,charger,3864b62919bc40338d0b9ec29d91a9c2,DI_0,bcf8c8a4ee55438f816bd4dca24aaedc,DI
5.12_src.cmodel,proj_30fc75fe,IO module0,fb46235dbbef4159abd0b18c4fbee58f,DO_8,31d639f7329d4d138cc16923d759b0b9,DO,lift_up_do,051efd7782894a0896af49c6b73d1528,DI_0,d62f3910c23b4c1e850a429382114d14,DI
5.12_src.cmodel,proj_30fc75fe,IO module0,fb46235dbbef4159abd0b18c4fbee58f,DO_9,43d047f3287f4fdbbe8bf6fecf862c18,DO,lift_down_do,16a8f719fd1e429589bd734005bba48a,DI_0,4926b02ab48049e6bfe051ea8f380899,DI
5.12_src.cmodel,proj_30fc75fe,IO module1,cc57f5ebba494d24bc8cd641107cc384,DI_0,f3ab655398704e06bba2b2205eac7acf,DI,button,9658100415d543b2bda2985adc8b673e,DO_0,10fdfbb05ee04d5bb2a68d56f38dab1a,DO
5.12_src.cmodel,proj_30fc75fe,IO module1,cc57f5ebba494d24bc8cd641107cc384,DI_0,f3ab655398704e06bba2b2205eac7acf,DI,ho_ahead,9dce087e1cd0419aa0fe5c97d9163f3b,DO_0,894c442abe804db28746a81dd99fda80,DO
5.12_src.cmodel,proj_30fc75fe,IO module1,cc57f5ebba494d24bc8cd641107cc384,DI_1,fd1831ac8b814bd8b08f60f4a86e8097,DI,ho_back,926e4e3ca95147e6bb1301f40469d9a9,DO_0,98b3ed64a1ae4f5893876ff42379c803,DO
5.12_src.cmodel,proj_30fc75fe,IO module1,cc57f5ebba494d24bc8cd641107cc384,DI_2,0a94a8b50c14480d8828401e8f560790,DI,ho_turn_left,686ee42465304b2fb517e5c0a209d6dd,DO_0,358c70a4b5b84380857fbe5cb68a0eb7,DO
5.12_src.cmodel,proj_30fc75fe,IO module1,cc57f5ebba494d24bc8cd641107cc384,DI_3,ed0e1a143c164060a35dffc8dab926d7,DI,ho_turn_right,eeb1685ab35549e98c0d0671a0d0e2da,DO_0,22162276ab574463ab670eb8cdf0bee4,DO
5.12_src.cmodel,proj_30fc75fe,IO module1,cc57f5ebba494d24bc8cd641107cc384,DI_4,447cb683431f4b488a02be6681498152,DI,,,,495c38e09a794dc88a43c0bc8a0a0f67,
5.12_src.cmodel,proj_30fc75fe,IO module1,cc57f5ebba494d24bc8cd641107cc384,DI_4,447cb683431f4b488a02be6681498152,DI,ho_lift_up,34688425902146719e269f2e239c08e3,DO_0,1fac0418b9604da4bf9c9862a1b7cd72,DO
5.12_src.cmodel,proj_30fc75fe,IO module1,cc57f5ebba494d24bc8cd641107cc384,DI_5,2824324747064f7abff95f92a1b6c504,DI,,,,90e8366baf434bda888bc974b88b5a15,
5.12_src.cmodel,proj_30fc75fe,IO module1,cc57f5ebba494d24bc8cd641107cc384,DI_5,2824324747064f7abff95f92a1b6c504,DI,ho_lift_down,4a15720fa290423a94a312632b337d78,DO_0,3168b1da0cb1488395d5db293a714e55,DO
5.12_src.cmodel,proj_30fc75fe,IO module1,cc57f5ebba494d24bc8cd641107cc384,DI_6,e990239e8d894a04b2385604c8c03e5e,DI,ho_access,3ee9ad3c21524590b362231611b95ea6,DO_0,a8e32971dcfa47f194b1cb623a48e5c7,DO
ModelSet-lift-ok.cmodel,proj_b9f7d1d0,motor_L,11383b9195ef420e8acb1c0788fa3a2d,ENCR_1,b8b11858aaf448c9a6ebf55be7949022,ENCR,servo_driver_L,321a37412e024df2bb9338afff2bf63a,ENCR_1,507cfd99b3ca449c9a5c281359ab8ebd,ENCR
ModelSet-lift-ok.cmodel,proj_b9f7d1d0,motor_L,11383b9195ef420e8acb1c0788fa3a2d,LINE_1,c0d3794c947f422bb01afd914a070da1,LINE,servo_driver_L,321a37412e024df2bb9338afff2bf63a,LINE_1,09aa0b6ed4c94ee1945e9a2429d034d1,LINE
ModelSet-lift-ok.cmodel,proj_b9f7d1d0,motor_R,075ffedd1f704725b84fedbea8ee4606,ENCR_1,eef4f2b7240b45bcb54eeef2eeb1a18f,ENCR,servo_driver_R,7eddff6c350f414da2f98f39e3f62e6a,ENCR_1,47fa9ff3d36745e38c2adb6ee61a6e64,ENCR
ModelSet-lift-ok.cmodel,proj_b9f7d1d0,motor_R,075ffedd1f704725b84fedbea8ee4606,LINE_1,7f4562b884ed4fdab58a40d03701a343,LINE,servo_driver_R,7eddff6c350f414da2f98f39e3f62e6a,LINE_1,e78879c1511a4c06ab883084bc5423de,LINE
ModelSet-lift-ok.cmodel,proj_b9f7d1d0,servo_driver_L,321a37412e024df2bb9338afff2bf63a,CAN_1,0e834bd1c4504ed08c344a0a86211881,CAN,MainController,e5515de7015e42769c57ad2700298dfb,CAN_2,b448c871044549e89210afd1224b9fbc,CAN
ModelSet-lift-ok.cmodel,proj_b9f7d1d0,servo_driver_R,7eddff6c350f414da2f98f39e3f62e6a,CAN_1,9e6b1d3901fe4b15a8ff0273fd2ef6bb,CAN,MainController,e5515de7015e42769c57ad2700298dfb,CAN_2,b448c871044549e89210afd1224b9fbc,CAN
ModelSet-lift-ok.cmodel,proj_b9f7d1d0,slaveController-front,1a974e28d37a4743b0e5ea2f80456d43,CAN_1,c30d1195b2c84896b514a4fc2336d838,CAN,MainController,e5515de7015e42769c57ad2700298dfb,CAN_3,82bd01ab452d4c9a9d2f70b69ccaef1e,CAN
ModelSet-lift-ok.cmodel,proj_b9f7d1d0,slaveController-front,1a974e28d37a4743b0e5ea2f80456d43,BAR_1,fbdfac4528ab420cb86bced329620b95,BAR,collision-front,c39b6b7ee7684d5bbb93450788e9ed56,BAR_1,cc7f153e12e0410dbe9ab2719b6b575e,BAR
ModelSet-lift-ok.cmodel,proj_b9f7d1d0,slaveController-front,1a974e28d37a4743b0e5ea2f80456d43,BAR_2,5543c6043ec04b6badc13fd8affa47bd,BAR,collision-front_0,b9208a45575e4ec887f5279728810b31,BAR_1,0e70e165caa94d8a82619bfc2452dd81,BAR
ModelSet-lift-ok.cmodel,proj_b9f7d1d0,safety_slaveController,2815e78c102e4f74987576ab8ddf2fee,CAN_1,99c229d4d8ef472a96b80ea24b4e4140,CAN,MainController,e5515de7015e42769c57ad2700298dfb,CAN_3,82bd01ab452d4c9a9d2f70b69ccaef1e,CAN
ModelSet-lift-ok.cmodel,proj_b9f7d1d0,safety_slaveController,2815e78c102e4f74987576ab8ddf2fee,DO_1,0368e3f934f0465cba7ab40e1571831d,DO,lamp-start,ba2709434c384426a8bbef359e664dbd,DI_1,da9ed869c09e47528dc8f9c95c068e11,DI
ModelSet-lift-ok.cmodel,proj_b9f7d1d0,safety_slaveController,2815e78c102e4f74987576ab8ddf2fee,DO_2,df3596cae2074606871bd7e517b36381,DO,lamp-mode,780a609bd5534726af56aa679d151d35,DI_1,4d434febe5374406b765a66f6bf807a9,DI
ModelSet-lift-ok.cmodel,proj_b9f7d1d0,safety_slaveController,2815e78c102e4f74987576ab8ddf2fee,DO_3,53a858e499b049ec938ac119efe5b7ff,DO,lamp-left,234dfe29f8454cd18924f478099660e6,DI_2,37f674764a1e4159b2f1cffcb58cc5c3,DI
ModelSet-lift-ok.cmodel,proj_b9f7d1d0,safety_slaveController,2815e78c102e4f74987576ab8ddf2fee,DO_4,f730c9f71f554c5a9d5092523725f609,DO,lamp-left,234dfe29f8454cd18924f478099660e6,DI_1,6e8a91cb6da3463ba4fb46253dd77a4c,DI
ModelSet-lift-ok.cmodel,proj_b9f7d1d0,safety_slaveController,2815e78c102e4f74987576ab8ddf2fee,DO_5,c7952fbc309646e4bf1b407ee54c665f,DO,lamp-left,234dfe29f8454cd18924f478099660e6,DI_3,d0a0f3e5f8224a2fa16c1da3fda61592,DI
ModelSet-lift-ok.cmodel,proj_b9f7d1d0,safety_slaveController,2815e78c102e4f74987576ab8ddf2fee,DO_6,fb71a319bcc6424799cc0b07e22d6353,DO,lamp-right,903c90f6ab3f4c058677cff9df25cd8c,DI_2,3ce1539c1a40442a92795c647e21cd7c,DI
ModelSet-lift-ok.cmodel,proj_b9f7d1d0,safety_slaveController,2815e78c102e4f74987576ab8ddf2fee,DO_7,e0d26efb298e4826b7f5a5b7b21b59a4,DO,lamp-right,903c90f6ab3f4c058677cff9df25cd8c,DI_1,a140b7aa79c44654a141f372bf6dff31,DI
ModelSet-lift-ok.cmodel,proj_b9f7d1d0,safety_slaveController,2815e78c102e4f74987576ab8ddf2fee,DO_8,fa119e0800214ba9883667d026ff79e4,DO,lamp-right,903c90f6ab3f4c058677cff9df25cd8c,DI_3,90c953c1fe2a4994a0ae238984283c34,DI
ModelSet-lift-ok.cmodel,proj_b9f7d1d0,safety_slaveController,2815e78c102e4f74987576ab8ddf2fee,DI_11,63d0bebecf1d47d683a88cf180a27a05,DI,button_start,6b8220bddfe243a5919368eb79d4eff2,DO_1,25ed50d0d669479cbcca8f43fea87026,DO
ModelSet-lift-ok.cmodel,proj_b9f7d1d0,safety_slaveController,2815e78c102e4f74987576ab8ddf2fee,DI_3,c2b68619b8fa41219778610b1f5ba8e4,DI,button_mode,90386430ad1048a988f05f2ce8b80370,DO_1,5d3df76188bd4affb4a87e65a9fa99fd,DO
ModelSet-lift-ok.cmodel,proj_b9f7d1d0,safety_slaveController,2815e78c102e4f74987576ab8ddf2fee,DI_5,7788b6ce17644dedb10e71b5ca4f1d60,DI,button-emc-front,2d4637ff62424f2d92654cde031e1afd,DO_1,73430fafb3224b20805df962a7155f01,DO
ModelSet-lift-ok.cmodel,proj_b9f7d1d0,safety_slaveController,2815e78c102e4f74987576ab8ddf2fee,DI_7,c6759b92bd82407ebd119787bc798a05,DI,button-emc-back,2e69d236becd4e029a258feebbb2c0c3,DO_1,30a474a9ee5341ceb8d8314c716c06e6,DO
ModelSet-lift-ok.cmodel,proj_b9f7d1d0,safety_slaveController,2815e78c102e4f74987576ab8ddf2fee,DI_9,de35d56dad494c9494e0baf1365216aa,DI,button_reset,a6428b87be34494c930b765796cdd9b8,DO_1,77ab8fbdb3f145b4acfb8afb134a7469,DO
ModelSet-lift-ok.cmodel,proj_b9f7d1d0,safety_slaveController,2815e78c102e4f74987576ab8ddf2fee,BAR_1,54567e1230494ac5a0bfa085d47e5ee4,BAR,collision-back,0d0f8cdb9e864816b6b3771c48a4d52c,BAR_1,1c144c2010604cec96f7b15b44114a7e,BAR
ModelSet-lift-ok.cmodel,proj_b9f7d1d0,safety_slaveController,2815e78c102e4f74987576ab8ddf2fee,BAR_2,e15db540b0f3470e83549f01c129f387,BAR,collision-back_1,200450c13a8a44e2bb612706d815c3c7,BAR_1,2d984b427cde480d83f087b3570c0cef,BAR
ModelSet-lift-ok.cmodel,proj_b9f7d1d0,laser-Front,19896c078b964dc1bdb986a33033369a,ETH_1,c8bdd97726184c6c81191f8cf4bbc6f3,ETH,MainController,e5515de7015e42769c57ad2700298dfb,ETH_3,238982bd5a654c5cb1828bdea929f92e,ETH
ModelSet-lift-ok.cmodel,proj_b9f7d1d0,battery,d1268cbb7cb44a34adf1b600e2eaa4d6,RS485_1,f5b5309ccc8f403f92e32a067aa1e3e8,RS485,powerController,971879de01c44185878432f1311187ce,RS485_1,047c0762785b4a888048fdcb12af0b84,RS485
ModelSet-lift-ok.cmodel,proj_b9f7d1d0,screen,b51aff74017445d9b8249c42e47c22c8,RS485_1,9c9bcfccf42b49009eac4050a12d1da1,RS485,MainController,e5515de7015e42769c57ad2700298dfb,RS485_1,8e2b042d49a343ec9544c17721eb9891,RS485
ModelSet-lift-ok.cmodel,proj_b9f7d1d0,speaker,26e69a07311a422f9cad1c1ce252f273,SPK_1,561a04d1ef574591b24039ddbaeac353,SPK,MainController,e5515de7015e42769c57ad2700298dfb,SPK_1,d5c1162d843c4f84be870d46d9632fe7,SPK
ModelSet-lift-ok.cmodel,proj_b9f7d1d0,powerController,971879de01c44185878432f1311187ce,CAN_1,aba1ab9f074748e79ff0f3d70e812098,CAN,MainController,e5515de7015e42769c57ad2700298dfb,CAN_1,9b90094d1b874ab68f290c2ba688515c,CAN
ModelSet-lift-ok.cmodel,proj_b9f7d1d0,driver_lift,9b819cf0a8d64d509959ffe4d7aa498f,CAN_1,921d153919104385a2adf2e51049f5f2,CAN,MainController,e5515de7015e42769c57ad2700298dfb,CAN_2,b448c871044549e89210afd1224b9fbc,CAN
ModelSet-lift-ok.cmodel,proj_b9f7d1d0,driver_lift,9b819cf0a8d64d509959ffe4d7aa498f,DI_5,2f63ed0f5cc7403fb75815e3ae77952b,DI,proximitySensor_lift,e026c9ba9bb047faba8677f4d9df6fa1,DO_1,e4201c5facc543ff8e4d69021797fd39,DO
ModelSet-lift-ok.cmodel,proj_b9f7d1d0,driver_lift,9b819cf0a8d64d509959ffe4d7aa498f,LINE_1,02f4d68d82a441c185bb89a04f50fe71,LINE,motor_lift,c3a784e950ac4a8993c1c60cb85b874a,LINE_1,f174adc279d046c987268afd003ebfd3,LINE
ModelSet-lift-ok.cmodel,proj_b9f7d1d0,driver_lift,9b819cf0a8d64d509959ffe4d7aa498f,ENCR_1,f5669a2f80cb417294b850521117feef,ENCR,motor_lift,c3a784e950ac4a8993c1c60cb85b874a,ENCR_1,4a0c5b29b1ef4366ae43116ef8d0805d,ENCR
ModelSet-lift-ok.cmodel,proj_b9f7d1d0,driver_rotate,63530b44418546a09178e543390f0796,CAN_1,9647d962f8d048839b763487c0f4b26a,CAN,MainController,e5515de7015e42769c57ad2700298dfb,CAN_2,b448c871044549e89210afd1224b9fbc,CAN
ModelSet-lift-ok.cmodel,proj_b9f7d1d0,driver_rotate,63530b44418546a09178e543390f0796,DI_5,fa7b63330464450ba53bdf1b893528b5,DI,proximitySensor_rotate,ce9aff286706474d9eb6275f482372df,DO_1,0852dc08c5ca48f7814d897a71b43161,DO
ModelSet-lift-ok.cmodel,proj_b9f7d1d0,driver_rotate,63530b44418546a09178e543390f0796,LINE_1,6c12809c201846b392ab1d1ed12cf03e,LINE,motor_rotate,357078ecd0a04bf6a9c28a3a0ab1bc4f,LINE_1,e83c740e481e4d0188a9c5981acc4249,LINE
ModelSet-lift-ok.cmodel,proj_b9f7d1d0,driver_rotate,63530b44418546a09178e543390f0796,ENCR_1,0fff2a8c15254efd85345b0e26da59a9,ENCR,motor_rotate,357078ecd0a04bf6a9c28a3a0ab1bc4f,ENCR_1,1728f5bd49bf4182a30f7859e9223b0e,ENCR
ModelSet-lift-ok.cmodel,proj_b9f7d1d0,MainController,e5515de7015e42769c57ad2700298dfb,CAN_1,9b90094d1b874ab68f290c2ba688515c,CAN,gyro,2a613797f3be44a4a21a9201410f314a,CAN_1,f1020055a5104eb1914693b8bc955e06,CAN
ModelSet-lift-ok.cmodel,proj_b9f7d1d0,MainController,e5515de7015e42769c57ad2700298dfb,ETH_1,117d2c1992eb44b8bd6950c5f32d0aae,ETH,MainController,e5515de7015e42769c57ad2700298dfb,ETH_1,117d2c1992eb44b8bd6950c5f32d0aae,ETH
ModelSet-lift-ok.cmodel,proj_b9f7d1d0,MainController,e5515de7015e42769c57ad2700298dfb,ETH_1,117d2c1992eb44b8bd6950c5f32d0aae,ETH,MainController,e5515de7015e42769c57ad2700298dfb,ETH_2,de6e83a8718449fe969de4c35e1c67b4,ETH
ModelSet-lift-ok.cmodel,proj_b9f7d1d0,MainController,e5515de7015e42769c57ad2700298dfb,ETH_1,117d2c1992eb44b8bd6950c5f32d0aae,ETH,smart camera1,28c31c37cb844c19a6648f37e3522d67,ETH_1,27398f0661844848a5f0b60e78470848,ETH
校验模型.cmodel,proj_9bbc7fb3,motor_right,a54fff8109d04fd49caab37e90bb1ec1,ENCR_1,90afbd0725c4471796d55ee7933e1bb9,ENCR,driver_right,336a1c5f11e949fb89a10a3e9a6204f0,ENCR_1,e3d37746448644d99b53bf54c376692b,ENCR
校验模型.cmodel,proj_9bbc7fb3,motor_right,a54fff8109d04fd49caab37e90bb1ec1,LINE_1,d90e38639d3540638a7c19dde0e1254b,LINE,driver_right,336a1c5f11e949fb89a10a3e9a6204f0,LINE_1,0831b16d06ed4ada88466805ca019836,LINE
校验模型.cmodel,proj_9bbc7fb3,motor_left,0a90532b1b1f482989a407e42ca1d23f,ENCR_1,c0aa25b3d45643ba8574776751640e0c,ENCR,driver_left,8ad7ec90c48f4da6915c85e8ce608749,ENCR_1,827cce98979f4c6a911dbeb458dd5a4d,ENCR
校验模型.cmodel,proj_9bbc7fb3,motor_left,0a90532b1b1f482989a407e42ca1d23f,LINE_1,a951cb62c68f4d39b492bd49d67bd6ec,LINE,driver_left,8ad7ec90c48f4da6915c85e8ce608749,LINE_1,9debc11185204cb0a5c09d74477e175d,LINE
校验模型.cmodel,proj_9bbc7fb3,driver_right,336a1c5f11e949fb89a10a3e9a6204f0,CAN_1,6d37d1719cac4889a846ece591ee2f8e,CAN,MainController,394ce43d17e148b78050953b0f6b6b9c,CAN_2,7a62c260c067450086a389d6bdfab69b,CAN
校验模型.cmodel,proj_9bbc7fb3,driver_left,8ad7ec90c48f4da6915c85e8ce608749,CAN_1,e3ca674f4fec4518a1b2b184a541872c,CAN,MainController,394ce43d17e148b78050953b0f6b6b9c,CAN_2,7a62c260c067450086a389d6bdfab69b,CAN
校验模型.cmodel,proj_9bbc7fb3,MainController,394ce43d17e148b78050953b0f6b6b9c,RS485_1,6961512acb9447139acfb58ebb2846fe,RS485,battery,a5263c81db204a249ea2ff8f6da5f340,RS485_1,f9002d47275c4c8d9502a9ead8bf746c,RS485
校验模型.cmodel,proj_9bbc7fb3,MainController,394ce43d17e148b78050953b0f6b6b9c,CAN_3,57fb9f37ee0c4278bd17f85cb2e51475,CAN,IO module,17dd58bbac1a451785707c27b6627977,CAN_1,67cc8d8976fd493081504a1a851d9dd5,CAN
校验模型.cmodel,proj_9bbc7fb3,MainController,394ce43d17e148b78050953b0f6b6b9c,ETH_1,22c259d90cf44ad686af7d71b0b4cdab,ETH,MainController,394ce43d17e148b78050953b0f6b6b9c,ETH_1,22c259d90cf44ad686af7d71b0b4cdab,ETH
校验模型.cmodel,proj_9bbc7fb3,MainController,394ce43d17e148b78050953b0f6b6b9c,ETH_1,22c259d90cf44ad686af7d71b0b4cdab,ETH,MainController,394ce43d17e148b78050953b0f6b6b9c,ETH_2,074adbd205db4a0b803488406045b3a4,ETH
校验模型.cmodel,proj_9bbc7fb3,MainController,394ce43d17e148b78050953b0f6b6b9c,ETH_1,22c259d90cf44ad686af7d71b0b4cdab,ETH,MainController,394ce43d17e148b78050953b0f6b6b9c,ETH_3,cf340166bdca4391b908ab26cb7c04a5,ETH
校验模型.cmodel,proj_9bbc7fb3,MainController,394ce43d17e148b78050953b0f6b6b9c,ETH_1,22c259d90cf44ad686af7d71b0b4cdab,ETH,laser-front,03a44e079a114bf1958bd8771f39122a,ETH_1,f10220bfe66b4689b318e3e14a5a4031,ETH
校验模型.cmodel,proj_9bbc7fb3,MainController,394ce43d17e148b78050953b0f6b6b9c,ETH_1,22c259d90cf44ad686af7d71b0b4cdab,ETH,laser-back,7aeead91473f4270bcd04e42fcdddeba,ETH_1,c8ef4ceb9b3a43b88dd3ae1c28396d77,ETH
校验模型.cmodel,proj_9bbc7fb3,MainController,394ce43d17e148b78050953b0f6b6b9c,ETH_1,22c259d90cf44ad686af7d71b0b4cdab,ETH,mid360s,6fbac3232e004c6588e833d79a67bd51,ETH_1,5df2ad80fad147fa9b99f223a153ae04,ETH
校验模型.cmodel,proj_9bbc7fb3,MainController,394ce43d17e148b78050953b0f6b6b9c,USB_1,3b6d756d98e1474bbb5c704c9e3d2370,USB,stereo camera,c9f139e9f11a4274922df029bb885d5b,USB_1,038f1a1545f342d3b0a1be6442a79579,USB
校验模型.cmodel,proj_9bbc7fb3,MainController,394ce43d17e148b78050953b0f6b6b9c,SPK_1,cf393b63bc8e45bc972c91e8129d93a3,SPK,speaker,42eda440c850476689e2903926789c9d,SPK_1,925f19cb79774814adc70a53b01f10ac,SPK
校验模型.cmodel,proj_9bbc7fb3,IO module,17dd58bbac1a451785707c27b6627977,DI_2,d8779a69890d4e23a85979ebaa6eb97c,DI,start,030f2b5e378a41caa30ea4bddb68a850,DO_1,f1d0195398a74aa6a77698a0573f47bf,DO
校验模型.cmodel,proj_9bbc7fb3,IO module,17dd58bbac1a451785707c27b6627977,DI_3,be7e214adcb14724a8eb2122acbca79f,DI,reset,d85b0c7522e24112b30bccb4e8410d5b,DO_1,d03c897964444a9098d25302cdf17449,DO
校验模型.cmodel,proj_9bbc7fb3,IO module,17dd58bbac1a451785707c27b6627977,DI_4,59388de266aa4a8a894e257d9d8b79b9,DI,MA,a5dae0000954490cb8953a059f725c19,DO_1,c6a24354fb5f4b5996034afea6ec78c1,DO
校验模型.cmodel,proj_9bbc7fb3,IO module,17dd58bbac1a451785707c27b6627977,DI_5,68c4c2c9b1a940b28f13f413eb27707c,DI,stop,4d2d3ec659cd4f158b5d900b8c348499,DO_1,e2b816e241604fe9ac0b18c3a9ea922b,DO
校验模型.cmodel,proj_9bbc7fb3,IO module,17dd58bbac1a451785707c27b6627977,DI_6,5c5b1abc149847bda90b5b3fb819c53f,DI,collision_F,9c2c6a18b5ab46b690315043b3b31a88,DO_1,36e4d2fc16a64ccb814df503f7fb0e8c,DO
校验模型.cmodel,proj_9bbc7fb3,IO module,17dd58bbac1a451785707c27b6627977,DO_8,78aa4bf641964650932f4e967ea3b481,DO,lamp,354644473c4a4fe9870e480b3ef26ce7,DI_3,373209ea02d145ea81eac6c157b2bdd3,DI
校验模型.cmodel,proj_9bbc7fb3,IO module,17dd58bbac1a451785707c27b6627977,DO_9,dd2a014f74af4aa0a81c03fff5de577a,DO,lamp,354644473c4a4fe9870e480b3ef26ce7,DI_1,1d375c704a934f8590af72fc46f77966,DI
校验模型.cmodel,proj_9bbc7fb3,IO module,17dd58bbac1a451785707c27b6627977,DO_10,8d1114f691d944668a2b7e197fe38cc9,DO,lamp,354644473c4a4fe9870e480b3ef26ce7,DI_2,a9dc5bdd529e4beeb2a3736136b08274,DI
ModelSet---ok.cmodel,proj_6ef49fdc,motor_L,11383b9195ef420e8acb1c0788fa3a2d,ENCR_1,b8b11858aaf448c9a6ebf55be7949022,ENCR,servo_driver_L,321a37412e024df2bb9338afff2bf63a,ENCR_1,507cfd99b3ca449c9a5c281359ab8ebd,ENCR
ModelSet---ok.cmodel,proj_6ef49fdc,motor_L,11383b9195ef420e8acb1c0788fa3a2d,LINE_1,c0d3794c947f422bb01afd914a070da1,LINE,servo_driver_L,321a37412e024df2bb9338afff2bf63a,LINE_1,09aa0b6ed4c94ee1945e9a2429d034d1,LINE
ModelSet---ok.cmodel,proj_6ef49fdc,motor_R,075ffedd1f704725b84fedbea8ee4606,ENCR_1,eef4f2b7240b45bcb54eeef2eeb1a18f,ENCR,servo_driver_R,7eddff6c350f414da2f98f39e3f62e6a,ENCR_1,47fa9ff3d36745e38c2adb6ee61a6e64,ENCR
ModelSet---ok.cmodel,proj_6ef49fdc,motor_R,075ffedd1f704725b84fedbea8ee4606,LINE_1,7f4562b884ed4fdab58a40d03701a343,LINE,servo_driver_R,7eddff6c350f414da2f98f39e3f62e6a,LINE_1,e78879c1511a4c06ab883084bc5423de,LINE
ModelSet---ok.cmodel,proj_6ef49fdc,servo_driver_L,321a37412e024df2bb9338afff2bf63a,CAN_1,0e834bd1c4504ed08c344a0a86211881,CAN,MainController,e5515de7015e42769c57ad2700298dfb,CAN_2,b448c871044549e89210afd1224b9fbc,CAN
ModelSet---ok.cmodel,proj_6ef49fdc,servo_driver_R,7eddff6c350f414da2f98f39e3f62e6a,CAN_1,9e6b1d3901fe4b15a8ff0273fd2ef6bb,CAN,MainController,e5515de7015e42769c57ad2700298dfb,CAN_2,b448c871044549e89210afd1224b9fbc,CAN
ModelSet---ok.cmodel,proj_6ef49fdc,slaveController-front,1a974e28d37a4743b0e5ea2f80456d43,CAN_1,c30d1195b2c84896b514a4fc2336d838,CAN,MainController,e5515de7015e42769c57ad2700298dfb,CAN_3,82bd01ab452d4c9a9d2f70b69ccaef1e,CAN
ModelSet---ok.cmodel,proj_6ef49fdc,slaveController-front,1a974e28d37a4743b0e5ea2f80456d43,BAR_1,fbdfac4528ab420cb86bced329620b95,BAR,collision-front,c39b6b7ee7684d5bbb93450788e9ed56,BAR_1,cc7f153e12e0410dbe9ab2719b6b575e,BAR
ModelSet---ok.cmodel,proj_6ef49fdc,slaveController-front,1a974e28d37a4743b0e5ea2f80456d43,BAR_2,5543c6043ec04b6badc13fd8affa47bd,BAR,collision-front_0,b9208a45575e4ec887f5279728810b31,BAR_1,0e70e165caa94d8a82619bfc2452dd81,BAR
ModelSet---ok.cmodel,proj_6ef49fdc,safety_slaveController,2815e78c102e4f74987576ab8ddf2fee,CAN_1,99c229d4d8ef472a96b80ea24b4e4140,CAN,MainController,e5515de7015e42769c57ad2700298dfb,CAN_3,82bd01ab452d4c9a9d2f70b69ccaef1e,CAN
ModelSet---ok.cmodel,proj_6ef49fdc,safety_slaveController,2815e78c102e4f74987576ab8ddf2fee,DO_1,0368e3f934f0465cba7ab40e1571831d,DO,lamp-start,ba2709434c384426a8bbef359e664dbd,DI_1,da9ed869c09e47528dc8f9c95c068e11,DI
ModelSet---ok.cmodel,proj_6ef49fdc,safety_slaveController,2815e78c102e4f74987576ab8ddf2fee,DO_2,df3596cae2074606871bd7e517b36381,DO,lamp-mode,780a609bd5534726af56aa679d151d35,DI_1,4d434febe5374406b765a66f6bf807a9,DI
ModelSet---ok.cmodel,proj_6ef49fdc,safety_slaveController,2815e78c102e4f74987576ab8ddf2fee,DO_3,53a858e499b049ec938ac119efe5b7ff,DO,lamp-left,234dfe29f8454cd18924f478099660e6,DI_2,37f674764a1e4159b2f1cffcb58cc5c3,DI
ModelSet---ok.cmodel,proj_6ef49fdc,safety_slaveController,2815e78c102e4f74987576ab8ddf2fee,DO_4,f730c9f71f554c5a9d5092523725f609,DO,lamp-left,234dfe29f8454cd18924f478099660e6,DI_1,6e8a91cb6da3463ba4fb46253dd77a4c,DI
ModelSet---ok.cmodel,proj_6ef49fdc,safety_slaveController,2815e78c102e4f74987576ab8ddf2fee,DO_5,c7952fbc309646e4bf1b407ee54c665f,DO,lamp-left,234dfe29f8454cd18924f478099660e6,DI_3,d0a0f3e5f8224a2fa16c1da3fda61592,DI
ModelSet---ok.cmodel,proj_6ef49fdc,safety_slaveController,2815e78c102e4f74987576ab8ddf2fee,DO_6,fb71a319bcc6424799cc0b07e22d6353,DO,lamp-right,903c90f6ab3f4c058677cff9df25cd8c,DI_2,3ce1539c1a40442a92795c647e21cd7c,DI
ModelSet---ok.cmodel,proj_6ef49fdc,safety_slaveController,2815e78c102e4f74987576ab8ddf2fee,DO_7,e0d26efb298e4826b7f5a5b7b21b59a4,DO,lamp-right,903c90f6ab3f4c058677cff9df25cd8c,DI_1,a140b7aa79c44654a141f372bf6dff31,DI
ModelSet---ok.cmodel,proj_6ef49fdc,safety_slaveController,2815e78c102e4f74987576ab8ddf2fee,DO_8,fa119e0800214ba9883667d026ff79e4,DO,lamp-right,903c90f6ab3f4c058677cff9df25cd8c,DI_3,90c953c1fe2a4994a0ae238984283c34,DI
ModelSet---ok.cmodel,proj_6ef49fdc,safety_slaveController,2815e78c102e4f74987576ab8ddf2fee,DI_11,63d0bebecf1d47d683a88cf180a27a05,DI,button_start,6b8220bddfe243a5919368eb79d4eff2,DO_1,25ed50d0d669479cbcca8f43fea87026,DO
ModelSet---ok.cmodel,proj_6ef49fdc,safety_slaveController,2815e78c102e4f74987576ab8ddf2fee,DI_3,c2b68619b8fa41219778610b1f5ba8e4,DI,button_mode,90386430ad1048a988f05f2ce8b80370,DO_1,5d3df76188bd4affb4a87e65a9fa99fd,DO
ModelSet---ok.cmodel,proj_6ef49fdc,safety_slaveController,2815e78c102e4f74987576ab8ddf2fee,DI_5,7788b6ce17644dedb10e71b5ca4f1d60,DI,button-emc-front,2d4637ff62424f2d92654cde031e1afd,DO_1,73430fafb3224b20805df962a7155f01,DO
ModelSet---ok.cmodel,proj_6ef49fdc,safety_slaveController,2815e78c102e4f74987576ab8ddf2fee,DI_7,c6759b92bd82407ebd119787bc798a05,DI,button-emc-back,2e69d236becd4e029a258feebbb2c0c3,DO_1,30a474a9ee5341ceb8d8314c716c06e6,DO
ModelSet---ok.cmodel,proj_6ef49fdc,safety_slaveController,2815e78c102e4f74987576ab8ddf2fee,DI_9,de35d56dad494c9494e0baf1365216aa,DI,button_reset,a6428b87be34494c930b765796cdd9b8,DO_1,77ab8fbdb3f145b4acfb8afb134a7469,DO
ModelSet---ok.cmodel,proj_6ef49fdc,safety_slaveController,2815e78c102e4f74987576ab8ddf2fee,BAR_1,54567e1230494ac5a0bfa085d47e5ee4,BAR,collision-back,0d0f8cdb9e864816b6b3771c48a4d52c,BAR_1,1c144c2010604cec96f7b15b44114a7e,BAR
ModelSet---ok.cmodel,proj_6ef49fdc,safety_slaveController,2815e78c102e4f74987576ab8ddf2fee,BAR_2,e15db540b0f3470e83549f01c129f387,BAR,collision-back_1,200450c13a8a44e2bb612706d815c3c7,BAR_1,2d984b427cde480d83f087b3570c0cef,BAR
ModelSet---ok.cmodel,proj_6ef49fdc,laser-Front,19896c078b964dc1bdb986a33033369a,ETH_1,c8bdd97726184c6c81191f8cf4bbc6f3,ETH,MainController,e5515de7015e42769c57ad2700298dfb,ETH_3,238982bd5a654c5cb1828bdea929f92e,ETH
ModelSet---ok.cmodel,proj_6ef49fdc,battery,d1268cbb7cb44a34adf1b600e2eaa4d6,RS485_1,f5b5309ccc8f403f92e32a067aa1e3e8,RS485,powerController,971879de01c44185878432f1311187ce,RS485_1,047c0762785b4a888048fdcb12af0b84,RS485
ModelSet---ok.cmodel,proj_6ef49fdc,screen,b51aff74017445d9b8249c42e47c22c8,RS485_1,9c9bcfccf42b49009eac4050a12d1da1,RS485,MainController,e5515de7015e42769c57ad2700298dfb,RS485_1,8e2b042d49a343ec9544c17721eb9891,RS485
ModelSet---ok.cmodel,proj_6ef49fdc,speaker,26e69a07311a422f9cad1c1ce252f273,SPK_1,561a04d1ef574591b24039ddbaeac353,SPK,MainController,e5515de7015e42769c57ad2700298dfb,SPK_1,d5c1162d843c4f84be870d46d9632fe7,SPK
ModelSet---ok.cmodel,proj_6ef49fdc,powerController,971879de01c44185878432f1311187ce,CAN_1,aba1ab9f074748e79ff0f3d70e812098,CAN,MainController,e5515de7015e42769c57ad2700298dfb,CAN_1,9b90094d1b874ab68f290c2ba688515c,CAN
ModelSet---ok.cmodel,proj_6ef49fdc,driver_lift,9b819cf0a8d64d509959ffe4d7aa498f,CAN_1,921d153919104385a2adf2e51049f5f2,CAN,MainController,e5515de7015e42769c57ad2700298dfb,CAN_2,b448c871044549e89210afd1224b9fbc,CAN
ModelSet---ok.cmodel,proj_6ef49fdc,driver_lift,9b819cf0a8d64d509959ffe4d7aa498f,DI_6,df0079eedb2d439ab3f2e035e7e493d9,DI,proximitySensor_lift,e026c9ba9bb047faba8677f4d9df6fa1,DO_1,e4201c5facc543ff8e4d69021797fd39,DO
ModelSet---ok.cmodel,proj_6ef49fdc,driver_lift,9b819cf0a8d64d509959ffe4d7aa498f,LINE_1,02f4d68d82a441c185bb89a04f50fe71,LINE,motor_lift,c3a784e950ac4a8993c1c60cb85b874a,LINE_1,f174adc279d046c987268afd003ebfd3,LINE
ModelSet---ok.cmodel,proj_6ef49fdc,driver_lift,9b819cf0a8d64d509959ffe4d7aa498f,ENCR_1,f5669a2f80cb417294b850521117feef,ENCR,motor_lift,c3a784e950ac4a8993c1c60cb85b874a,ENCR_1,4a0c5b29b1ef4366ae43116ef8d0805d,ENCR
ModelSet---ok.cmodel,proj_6ef49fdc,driver_rotate,63530b44418546a09178e543390f0796,CAN_1,9647d962f8d048839b763487c0f4b26a,CAN,MainController,e5515de7015e42769c57ad2700298dfb,CAN_2,b448c871044549e89210afd1224b9fbc,CAN
ModelSet---ok.cmodel,proj_6ef49fdc,driver_rotate,63530b44418546a09178e543390f0796,DI_5,fa7b63330464450ba53bdf1b893528b5,DI,proximitySensor_rotate,ce9aff286706474d9eb6275f482372df,DO_1,0852dc08c5ca48f7814d897a71b43161,DO
ModelSet---ok.cmodel,proj_6ef49fdc,driver_rotate,63530b44418546a09178e543390f0796,LINE_1,6c12809c201846b392ab1d1ed12cf03e,LINE,motor_rotate,357078ecd0a04bf6a9c28a3a0ab1bc4f,LINE_1,e83c740e481e4d0188a9c5981acc4249,LINE
ModelSet---ok.cmodel,proj_6ef49fdc,driver_rotate,63530b44418546a09178e543390f0796,ENCR_1,0fff2a8c15254efd85345b0e26da59a9,ENCR,motor_rotate,357078ecd0a04bf6a9c28a3a0ab1bc4f,ENCR_1,1728f5bd49bf4182a30f7859e9223b0e,ENCR
ModelSet---ok.cmodel,proj_6ef49fdc,MainController,e5515de7015e42769c57ad2700298dfb,CAN_1,9b90094d1b874ab68f290c2ba688515c,CAN,gyro,2a613797f3be44a4a21a9201410f314a,CAN_1,f1020055a5104eb1914693b8bc955e06,CAN
ModelSet---ok.cmodel,proj_6ef49fdc,MainController,e5515de7015e42769c57ad2700298dfb,ETH_1,117d2c1992eb44b8bd6950c5f32d0aae,ETH,MainController,e5515de7015e42769c57ad2700298dfb,ETH_1,117d2c1992eb44b8bd6950c5f32d0aae,ETH
ModelSet---ok.cmodel,proj_6ef49fdc,MainController,e5515de7015e42769c57ad2700298dfb,ETH_1,117d2c1992eb44b8bd6950c5f32d0aae,ETH,MainController,e5515de7015e42769c57ad2700298dfb,ETH_2,de6e83a8718449fe969de4c35e1c67b4,ETH
ModelSet---ok.cmodel,proj_6ef49fdc,MainController,e5515de7015e42769c57ad2700298dfb,ETH_1,117d2c1992eb44b8bd6950c5f32d0aae,ETH,smart camera1,28c31c37cb844c19a6648f37e3522d67,ETH_1,27398f0661844848a5f0b60e78470848,ETH
5_11_ModelSet.cmodel,proj_c4a3c4a7,motor_L,11383b9195ef420e8acb1c0788fa3a2d,ENCR_1,b8b11858aaf448c9a6ebf55be7949022,ENCR,servo_driver_L,321a37412e024df2bb9338afff2bf63a,ENCR_1,507cfd99b3ca449c9a5c281359ab8ebd,ENCR
5_11_ModelSet.cmodel,proj_c4a3c4a7,motor_L,11383b9195ef420e8acb1c0788fa3a2d,LINE_1,c0d3794c947f422bb01afd914a070da1,LINE,servo_driver_L,321a37412e024df2bb9338afff2bf63a,LINE_1,09aa0b6ed4c94ee1945e9a2429d034d1,LINE
5_11_ModelSet.cmodel,proj_c4a3c4a7,motor_R,075ffedd1f704725b84fedbea8ee4606,ENCR_1,eef4f2b7240b45bcb54eeef2eeb1a18f,ENCR,servo_driver_R,7eddff6c350f414da2f98f39e3f62e6a,ENCR_1,47fa9ff3d36745e38c2adb6ee61a6e64,ENCR
5_11_ModelSet.cmodel,proj_c4a3c4a7,motor_R,075ffedd1f704725b84fedbea8ee4606,LINE_1,7f4562b884ed4fdab58a40d03701a343,LINE,servo_driver_R,7eddff6c350f414da2f98f39e3f62e6a,LINE_1,e78879c1511a4c06ab883084bc5423de,LINE
5_11_ModelSet.cmodel,proj_c4a3c4a7,servo_driver_L,321a37412e024df2bb9338afff2bf63a,CAN_1,0e834bd1c4504ed08c344a0a86211881,CAN,MainController,e5515de7015e42769c57ad2700298dfb,CAN_2,b448c871044549e89210afd1224b9fbc,CAN
5_11_ModelSet.cmodel,proj_c4a3c4a7,servo_driver_R,7eddff6c350f414da2f98f39e3f62e6a,CAN_1,9e6b1d3901fe4b15a8ff0273fd2ef6bb,CAN,MainController,e5515de7015e42769c57ad2700298dfb,CAN_2,b448c871044549e89210afd1224b9fbc,CAN
5_11_ModelSet.cmodel,proj_c4a3c4a7,slaveController-front,1a974e28d37a4743b0e5ea2f80456d43,CAN_1,c30d1195b2c84896b514a4fc2336d838,CAN,MainController,e5515de7015e42769c57ad2700298dfb,CAN_3,82bd01ab452d4c9a9d2f70b69ccaef1e,CAN
5_11_ModelSet.cmodel,proj_c4a3c4a7,slaveController-front,1a974e28d37a4743b0e5ea2f80456d43,BAR_1,fbdfac4528ab420cb86bced329620b95,BAR,collision-front,c39b6b7ee7684d5bbb93450788e9ed56,BAR_1,cc7f153e12e0410dbe9ab2719b6b575e,BAR
5_11_ModelSet.cmodel,proj_c4a3c4a7,slaveController-front,1a974e28d37a4743b0e5ea2f80456d43,BAR_2,5543c6043ec04b6badc13fd8affa47bd,BAR,collision-front_0,b9208a45575e4ec887f5279728810b31,BAR_1,0e70e165caa94d8a82619bfc2452dd81,BAR
5_11_ModelSet.cmodel,proj_c4a3c4a7,safety_slaveController,2815e78c102e4f74987576ab8ddf2fee,CAN_1,99c229d4d8ef472a96b80ea24b4e4140,CAN,MainController,e5515de7015e42769c57ad2700298dfb,CAN_3,82bd01ab452d4c9a9d2f70b69ccaef1e,CAN
5_11_ModelSet.cmodel,proj_c4a3c4a7,safety_slaveController,2815e78c102e4f74987576ab8ddf2fee,DO_1,0368e3f934f0465cba7ab40e1571831d,DO,lamp-start,ba2709434c384426a8bbef359e664dbd,DI_1,da9ed869c09e47528dc8f9c95c068e11,DI
5_11_ModelSet.cmodel,proj_c4a3c4a7,safety_slaveController,2815e78c102e4f74987576ab8ddf2fee,DO_2,df3596cae2074606871bd7e517b36381,DO,lamp-mode,780a609bd5534726af56aa679d151d35,DI_1,4d434febe5374406b765a66f6bf807a9,DI
5_11_ModelSet.cmodel,proj_c4a3c4a7,safety_slaveController,2815e78c102e4f74987576ab8ddf2fee,DO_3,53a858e499b049ec938ac119efe5b7ff,DO,lamp-left,234dfe29f8454cd18924f478099660e6,DI_2,37f674764a1e4159b2f1cffcb58cc5c3,DI
5_11_ModelSet.cmodel,proj_c4a3c4a7,safety_slaveController,2815e78c102e4f74987576ab8ddf2fee,DO_4,f730c9f71f554c5a9d5092523725f609,DO,lamp-left,234dfe29f8454cd18924f478099660e6,DI_1,6e8a91cb6da3463ba4fb46253dd77a4c,DI
5_11_ModelSet.cmodel,proj_c4a3c4a7,safety_slaveController,2815e78c102e4f74987576ab8ddf2fee,DO_5,c7952fbc309646e4bf1b407ee54c665f,DO,lamp-left,234dfe29f8454cd18924f478099660e6,DI_3,d0a0f3e5f8224a2fa16c1da3fda61592,DI
5_11_ModelSet.cmodel,proj_c4a3c4a7,safety_slaveController,2815e78c102e4f74987576ab8ddf2fee,DO_6,fb71a319bcc6424799cc0b07e22d6353,DO,lamp-right,903c90f6ab3f4c058677cff9df25cd8c,DI_2,3ce1539c1a40442a92795c647e21cd7c,DI
5_11_ModelSet.cmodel,proj_c4a3c4a7,safety_slaveController,2815e78c102e4f74987576ab8ddf2fee,DO_7,e0d26efb298e4826b7f5a5b7b21b59a4,DO,lamp-right,903c90f6ab3f4c058677cff9df25cd8c,DI_1,a140b7aa79c44654a141f372bf6dff31,DI
5_11_ModelSet.cmodel,proj_c4a3c4a7,safety_slaveController,2815e78c102e4f74987576ab8ddf2fee,DO_8,fa119e0800214ba9883667d026ff79e4,DO,lamp-right,903c90f6ab3f4c058677cff9df25cd8c,DI_3,90c953c1fe2a4994a0ae238984283c34,DI
5_11_ModelSet.cmodel,proj_c4a3c4a7,safety_slaveController,2815e78c102e4f74987576ab8ddf2fee,DI_11,63d0bebecf1d47d683a88cf180a27a05,DI,button_start,6b8220bddfe243a5919368eb79d4eff2,DO_1,25ed50d0d669479cbcca8f43fea87026,DO
5_11_ModelSet.cmodel,proj_c4a3c4a7,safety_slaveController,2815e78c102e4f74987576ab8ddf2fee,DI_3,c2b68619b8fa41219778610b1f5ba8e4,DI,button_mode,90386430ad1048a988f05f2ce8b80370,DO_1,5d3df76188bd4affb4a87e65a9fa99fd,DO
5_11_ModelSet.cmodel,proj_c4a3c4a7,safety_slaveController,2815e78c102e4f74987576ab8ddf2fee,DI_5,7788b6ce17644dedb10e71b5ca4f1d60,DI,button-emc-front,2d4637ff62424f2d92654cde031e1afd,DO_1,73430fafb3224b20805df962a7155f01,DO
5_11_ModelSet.cmodel,proj_c4a3c4a7,safety_slaveController,2815e78c102e4f74987576ab8ddf2fee,DI_7,c6759b92bd82407ebd119787bc798a05,DI,button-emc-back,2e69d236becd4e029a258feebbb2c0c3,DO_1,30a474a9ee5341ceb8d8314c716c06e6,DO
5_11_ModelSet.cmodel,proj_c4a3c4a7,safety_slaveController,2815e78c102e4f74987576ab8ddf2fee,DI_9,de35d56dad494c9494e0baf1365216aa,DI,button_reset,a6428b87be34494c930b765796cdd9b8,DO_1,77ab8fbdb3f145b4acfb8afb134a7469,DO
5_11_ModelSet.cmodel,proj_c4a3c4a7,safety_slaveController,2815e78c102e4f74987576ab8ddf2fee,BAR_1,54567e1230494ac5a0bfa085d47e5ee4,BAR,collision-back,0d0f8cdb9e864816b6b3771c48a4d52c,BAR_1,1c144c2010604cec96f7b15b44114a7e,BAR
5_11_ModelSet.cmodel,proj_c4a3c4a7,safety_slaveController,2815e78c102e4f74987576ab8ddf2fee,BAR_2,e15db540b0f3470e83549f01c129f387,BAR,collision-back_1,200450c13a8a44e2bb612706d815c3c7,BAR_1,2d984b427cde480d83f087b3570c0cef,BAR
5_11_ModelSet.cmodel,proj_c4a3c4a7,laser-Front,19896c078b964dc1bdb986a33033369a,ETH_1,c8bdd97726184c6c81191f8cf4bbc6f3,ETH,MainController,e5515de7015e42769c57ad2700298dfb,ETH_3,238982bd5a654c5cb1828bdea929f92e,ETH
5_11_ModelSet.cmodel,proj_c4a3c4a7,battery,d1268cbb7cb44a34adf1b600e2eaa4d6,RS485_1,f5b5309ccc8f403f92e32a067aa1e3e8,RS485,powerController,971879de01c44185878432f1311187ce,RS485_1,047c0762785b4a888048fdcb12af0b84,RS485
5_11_ModelSet.cmodel,proj_c4a3c4a7,screen,b51aff74017445d9b8249c42e47c22c8,RS485_1,9c9bcfccf42b49009eac4050a12d1da1,RS485,MainController,e5515de7015e42769c57ad2700298dfb,RS485_1,8e2b042d49a343ec9544c17721eb9891,RS485
5_11_ModelSet.cmodel,proj_c4a3c4a7,speaker,26e69a07311a422f9cad1c1ce252f273,SPK_1,561a04d1ef574591b24039ddbaeac353,SPK,MainController,e5515de7015e42769c57ad2700298dfb,SPK_1,d5c1162d843c4f84be870d46d9632fe7,SPK
5_11_ModelSet.cmodel,proj_c4a3c4a7,powerController,971879de01c44185878432f1311187ce,CAN_1,aba1ab9f074748e79ff0f3d70e812098,CAN,MainController,e5515de7015e42769c57ad2700298dfb,CAN_1,9b90094d1b874ab68f290c2ba688515c,CAN
5_11_ModelSet.cmodel,proj_c4a3c4a7,driver_lift,9b819cf0a8d64d509959ffe4d7aa498f,CAN_1,921d153919104385a2adf2e51049f5f2,CAN,MainController,e5515de7015e42769c57ad2700298dfb,CAN_2,b448c871044549e89210afd1224b9fbc,CAN
5_11_ModelSet.cmodel,proj_c4a3c4a7,driver_lift,9b819cf0a8d64d509959ffe4d7aa498f,DI_6,df0079eedb2d439ab3f2e035e7e493d9,DI,proximitySensor_lift,e026c9ba9bb047faba8677f4d9df6fa1,DO_1,e4201c5facc543ff8e4d69021797fd39,DO
5_11_ModelSet.cmodel,proj_c4a3c4a7,driver_lift,9b819cf0a8d64d509959ffe4d7aa498f,LINE_1,02f4d68d82a441c185bb89a04f50fe71,LINE,motor_lift,c3a784e950ac4a8993c1c60cb85b874a,LINE_1,f174adc279d046c987268afd003ebfd3,LINE
5_11_ModelSet.cmodel,proj_c4a3c4a7,driver_lift,9b819cf0a8d64d509959ffe4d7aa498f,ENCR_1,f5669a2f80cb417294b850521117feef,ENCR,motor_lift,c3a784e950ac4a8993c1c60cb85b874a,ENCR_1,4a0c5b29b1ef4366ae43116ef8d0805d,ENCR
5_11_ModelSet.cmodel,proj_c4a3c4a7,driver_rotate,63530b44418546a09178e543390f0796,CAN_1,9647d962f8d048839b763487c0f4b26a,CAN,MainController,e5515de7015e42769c57ad2700298dfb,CAN_2,b448c871044549e89210afd1224b9fbc,CAN
5_11_ModelSet.cmodel,proj_c4a3c4a7,driver_rotate,63530b44418546a09178e543390f0796,DI_5,fa7b63330464450ba53bdf1b893528b5,DI,proximitySensor_rotate,ce9aff286706474d9eb6275f482372df,DO_1,0852dc08c5ca48f7814d897a71b43161,DO
5_11_ModelSet.cmodel,proj_c4a3c4a7,driver_rotate,63530b44418546a09178e543390f0796,LINE_1,6c12809c201846b392ab1d1ed12cf03e,LINE,motor_rotate,357078ecd0a04bf6a9c28a3a0ab1bc4f,LINE_1,e83c740e481e4d0188a9c5981acc4249,LINE
5_11_ModelSet.cmodel,proj_c4a3c4a7,driver_rotate,63530b44418546a09178e543390f0796,ENCR_1,0fff2a8c15254efd85345b0e26da59a9,ENCR,motor_rotate,357078ecd0a04bf6a9c28a3a0ab1bc4f,ENCR_1,1728f5bd49bf4182a30f7859e9223b0e,ENCR
5_11_ModelSet.cmodel,proj_c4a3c4a7,MainController,e5515de7015e42769c57ad2700298dfb,CAN_1,9b90094d1b874ab68f290c2ba688515c,CAN,gyro,2a613797f3be44a4a21a9201410f314a,CAN_1,f1020055a5104eb1914693b8bc955e06,CAN
5_11_ModelSet.cmodel,proj_c4a3c4a7,MainController,e5515de7015e42769c57ad2700298dfb,ETH_1,117d2c1992eb44b8bd6950c5f32d0aae,ETH,MainController,e5515de7015e42769c57ad2700298dfb,ETH_1,117d2c1992eb44b8bd6950c5f32d0aae,ETH
5_11_ModelSet.cmodel,proj_c4a3c4a7,MainController,e5515de7015e42769c57ad2700298dfb,ETH_1,117d2c1992eb44b8bd6950c5f32d0aae,ETH,MainController,e5515de7015e42769c57ad2700298dfb,ETH_2,de6e83a8718449fe969de4c35e1c67b4,ETH
5_11_ModelSet.cmodel,proj_c4a3c4a7,MainController,e5515de7015e42769c57ad2700298dfb,ETH_1,117d2c1992eb44b8bd6950c5f32d0aae,ETH,smart camera1,28c31c37cb844c19a6648f37e3522d67,ETH_1,27398f0661844848a5f0b60e78470848,ETH
ModelSet1.cmodel,proj_50384670,motor_right,a54fff8109d04fd49caab37e90bb1ec1,ENCR_1,90afbd0725c4471796d55ee7933e1bb9,ENCR,driver_right,336a1c5f11e949fb89a10a3e9a6204f0,ENCR_1,e3d37746448644d99b53bf54c376692b,ENCR
ModelSet1.cmodel,proj_50384670,motor_right,a54fff8109d04fd49caab37e90bb1ec1,LINE_1,d90e38639d3540638a7c19dde0e1254b,LINE,driver_right,336a1c5f11e949fb89a10a3e9a6204f0,LINE_1,0831b16d06ed4ada88466805ca019836,LINE
ModelSet1.cmodel,proj_50384670,motor_left,0a90532b1b1f482989a407e42ca1d23f,ENCR_1,c0aa25b3d45643ba8574776751640e0c,ENCR,driver_left,8ad7ec90c48f4da6915c85e8ce608749,ENCR_1,827cce98979f4c6a911dbeb458dd5a4d,ENCR
ModelSet1.cmodel,proj_50384670,motor_left,0a90532b1b1f482989a407e42ca1d23f,LINE_1,a951cb62c68f4d39b492bd49d67bd6ec,LINE,driver_left,8ad7ec90c48f4da6915c85e8ce608749,LINE_1,9debc11185204cb0a5c09d74477e175d,LINE
ModelSet1.cmodel,proj_50384670,driver_right,336a1c5f11e949fb89a10a3e9a6204f0,CAN_1,6d37d1719cac4889a846ece591ee2f8e,CAN,MainController,394ce43d17e148b78050953b0f6b6b9c,CAN_2,7a62c260c067450086a389d6bdfab69b,CAN
ModelSet1.cmodel,proj_50384670,driver_left,8ad7ec90c48f4da6915c85e8ce608749,CAN_1,e3ca674f4fec4518a1b2b184a541872c,CAN,MainController,394ce43d17e148b78050953b0f6b6b9c,CAN_2,7a62c260c067450086a389d6bdfab69b,CAN
ModelSet1.cmodel,proj_50384670,MainController,394ce43d17e148b78050953b0f6b6b9c,RS485_2,b26e3987067a49efae8affdbf466f84d,RS485,battery,1f61a36a83e347c385c43b3eff6f9859,RS485_1,b19ef60c83374b26826e24b33a3f1c39,RS485
ModelSet1.cmodel,proj_50384670,MainController,394ce43d17e148b78050953b0f6b6b9c,CAN_3,57fb9f37ee0c4278bd17f85cb2e51475,CAN,IO module,17dd58bbac1a451785707c27b6627977,CAN_1,67cc8d8976fd493081504a1a851d9dd5,CAN
ModelSet1.cmodel,proj_50384670,MainController,394ce43d17e148b78050953b0f6b6b9c,ETH_1,22c259d90cf44ad686af7d71b0b4cdab,ETH,MainController,394ce43d17e148b78050953b0f6b6b9c,ETH_1,22c259d90cf44ad686af7d71b0b4cdab,ETH
ModelSet1.cmodel,proj_50384670,MainController,394ce43d17e148b78050953b0f6b6b9c,ETH_1,22c259d90cf44ad686af7d71b0b4cdab,ETH,MainController,394ce43d17e148b78050953b0f6b6b9c,ETH_2,074adbd205db4a0b803488406045b3a4,ETH
ModelSet1.cmodel,proj_50384670,MainController,394ce43d17e148b78050953b0f6b6b9c,ETH_1,22c259d90cf44ad686af7d71b0b4cdab,ETH,MainController,394ce43d17e148b78050953b0f6b6b9c,ETH_3,cf340166bdca4391b908ab26cb7c04a5,ETH
ModelSet1.cmodel,proj_50384670,MainController,394ce43d17e148b78050953b0f6b6b9c,ETH_1,22c259d90cf44ad686af7d71b0b4cdab,ETH,laser-back,7aeead91473f4270bcd04e42fcdddeba,ETH_1,c8ef4ceb9b3a43b88dd3ae1c28396d77,ETH
ModelSet1.cmodel,proj_50384670,MainController,394ce43d17e148b78050953b0f6b6b9c,ETH_1,22c259d90cf44ad686af7d71b0b4cdab,ETH,mid360s,6fbac3232e004c6588e833d79a67bd51,ETH_1,5df2ad80fad147fa9b99f223a153ae04,ETH
ModelSet1.cmodel,proj_50384670,MainController,394ce43d17e148b78050953b0f6b6b9c,ETH_1,22c259d90cf44ad686af7d71b0b4cdab,ETH,laser-front,511a343193ec46379d5858488077b7ef,ETH_1,985d5b0271a24027b35c03aded2ff24d,ETH
ModelSet1.cmodel,proj_50384670,MainController,394ce43d17e148b78050953b0f6b6b9c,USB_1,3b6d756d98e1474bbb5c704c9e3d2370,USB,stereo camera,c9f139e9f11a4274922df029bb885d5b,USB_1,038f1a1545f342d3b0a1be6442a79579,USB
ModelSet1.cmodel,proj_50384670,MainController,394ce43d17e148b78050953b0f6b6b9c,SPK_1,cf393b63bc8e45bc972c91e8129d93a3,SPK,speaker,42eda440c850476689e2903926789c9d,SPK_1,925f19cb79774814adc70a53b01f10ac,SPK
ModelSet1.cmodel,proj_50384670,IO module,17dd58bbac1a451785707c27b6627977,DI_2,d8779a69890d4e23a85979ebaa6eb97c,DI,start,030f2b5e378a41caa30ea4bddb68a850,DO_1,f1d0195398a74aa6a77698a0573f47bf,DO
ModelSet1.cmodel,proj_50384670,IO module,17dd58bbac1a451785707c27b6627977,DI_3,be7e214adcb14724a8eb2122acbca79f,DI,reset,d85b0c7522e24112b30bccb4e8410d5b,DO_1,d03c897964444a9098d25302cdf17449,DO
ModelSet1.cmodel,proj_50384670,IO module,17dd58bbac1a451785707c27b6627977,DI_4,59388de266aa4a8a894e257d9d8b79b9,DI,MA,a5dae0000954490cb8953a059f725c19,DO_1,c6a24354fb5f4b5996034afea6ec78c1,DO
ModelSet1.cmodel,proj_50384670,IO module,17dd58bbac1a451785707c27b6627977,DI_5,68c4c2c9b1a940b28f13f413eb27707c,DI,stop,4d2d3ec659cd4f158b5d900b8c348499,DO_1,e2b816e241604fe9ac0b18c3a9ea922b,DO
ModelSet1.cmodel,proj_50384670,IO module,17dd58bbac1a451785707c27b6627977,DI_6,5c5b1abc149847bda90b5b3fb819c53f,DI,collision_F,9c2c6a18b5ab46b690315043b3b31a88,DO_1,36e4d2fc16a64ccb814df503f7fb0e8c,DO
ModelSet1.cmodel,proj_50384670,IO module,17dd58bbac1a451785707c27b6627977,DI_7,d545eef062f846f8a97b54be8238f617,DI,proximitySensor,e4202229ca0944d095f21e96381932ba,DO_1,98f83a1747374085a0ac85ce34a57c04,DO
ModelSet1.cmodel,proj_50384670,IO module,17dd58bbac1a451785707c27b6627977,DO_1,fec21b1db4014f02bd6e3a51b1381ca3,DO,charger,cc784c6265674081b5dbfc7dff2e30e8,DI_1,52aba386df5a42fa926966b27cad6dec,DI
ModelSet1.cmodel,proj_50384670,IO module,17dd58bbac1a451785707c27b6627977,DO_2,9933eac777284cae9e72a06e107ee2dc,DO,cixi,0df232e6329b4964b8a10c4a5274eb5e,DI_1,f86fbd241d6245e0a345e4e4ef927089,DI
ModelSet1.cmodel,proj_50384670,IO module,17dd58bbac1a451785707c27b6627977,DO_3,78c27283a477450bbeb463a7651736d6,DO,lamp,eebefdd18b96484b800518e7ba0ddce6,DI_2,d24672bb388f4d919b6d3c62e841a402,DI
ModelSet1.cmodel,proj_50384670,IO module,17dd58bbac1a451785707c27b6627977,DO_4,ad69225eea8f41eea690b140a6f33a40,DO,lamp,eebefdd18b96484b800518e7ba0ddce6,DI_3,4996be1bcc594e6c8a49be2d06f0ff0c,DI
ModelSet1.cmodel,proj_50384670,IO module,17dd58bbac1a451785707c27b6627977,DO_5,530f046bee4146be86324133fedf7032,DO,lamp,eebefdd18b96484b800518e7ba0ddce6,DI_1,ef7640ed5fa448c58384b678ab38421a,DI
ModelSet3.cmodel,proj_8d7c0a2a,walk-motor,c99f14197a1a4b96ba19e8ce014f02cd,LINE_1,b539e863807749828e4a477ffeded075,LINE,zapi walk driver,8ea84f50acf7499da0a90813eac543f1,LINE_1,ad14b00351824aa7a885975eff54d129,LINE
ModelSet3.cmodel,proj_8d7c0a2a,walk-motor,c99f14197a1a4b96ba19e8ce014f02cd,ENCR_1,5648811dddf64253b389c15ba9fb4356,ENCR,zapi walk driver,8ea84f50acf7499da0a90813eac543f1,ENCR_1,d4418a4532d7477f99e4eb03416a54b9,ENCR
ModelSet3.cmodel,proj_8d7c0a2a,steer-motor,18acf723445c4a67b4c275be56dae497,LINE_1,340d3306a38b49998b1329bcfa221c0a,LINE,kinco steer driver,ec8782d2d2034a79aef255ebe50dc646,LINE_1,c3575db5c1cd4827b664146330cd1684,LINE
ModelSet3.cmodel,proj_8d7c0a2a,steer-motor,18acf723445c4a67b4c275be56dae497,ENCR_1,91725272012a43f2958c6d47bc133fdc,ENCR,kinco steer driver,ec8782d2d2034a79aef255ebe50dc646,ENCR_1,89f6aca03d5244ff9580a8e06edb769f,ENCR
ModelSet3.cmodel,proj_8d7c0a2a,MainController,354410b3fb8d4f92b236c6934930e4df,CAN_2,b7706ac95d0d4aad9ca7b94680dfa652,CAN,zapi walk driver,8ea84f50acf7499da0a90813eac543f1,CAN_1,c4789c7c2e7d4685b75bad5efc3abfcd,CAN
ModelSet3.cmodel,proj_8d7c0a2a,MainController,354410b3fb8d4f92b236c6934930e4df,CAN_2,b7706ac95d0d4aad9ca7b94680dfa652,CAN,kinco steer driver,ec8782d2d2034a79aef255ebe50dc646,CAN_1,c5c980329bc54be9ace336696b7c0c03,CAN
ModelSet3.cmodel,proj_8d7c0a2a,MainController,354410b3fb8d4f92b236c6934930e4df,CAN_3,645cb8a270de4ec0963f1271d0579ad9,CAN,IO module,a7ae59e9a9634e9a8aff4b8fdf6de98b,CAN_1,87443755f6c34b6db04dc9a5242e93f8,CAN
ModelSet3.cmodel,proj_8d7c0a2a,MainController,354410b3fb8d4f92b236c6934930e4df,ETH_3,1cdbda5cd3ee46ebbc0643159177183c,ETH,laser,b3d1c692f20d4e44981f34fb990f490a,ETH_1,84fbb35ab69b4a819cbfad0c54b2d68b,ETH
ModelSet3.cmodel,proj_8d7c0a2a,MainController,354410b3fb8d4f92b236c6934930e4df,ETH_3,1cdbda5cd3ee46ebbc0643159177183c,ETH,laser0,35167f88b00d4b08aa92bda9808e7efe,ETH_1,30eb9485d9ed4109a3f97bb4cdd66123,ETH
ModelSet3.cmodel,proj_8d7c0a2a,IO module,a7ae59e9a9634e9a8aff4b8fdf6de98b,DI_1,d9703b6afb8d4c40805d083036e03f27,DI,button,47a46043c58546789bd1a0a034113db4,DO_1,891be3b48c374640a134bd5c7478b7b9,DO
Q7MZD.cmodel,proj_272fe7a9,motor_L,11383b9195ef420e8acb1c0788fa3a2d,ENCR_1,b8b11858aaf448c9a6ebf55be7949022,ENCR,servo_driver_L,321a37412e024df2bb9338afff2bf63a,ENCR_1,507cfd99b3ca449c9a5c281359ab8ebd,ENCR
Q7MZD.cmodel,proj_272fe7a9,motor_L,11383b9195ef420e8acb1c0788fa3a2d,LINE_1,c0d3794c947f422bb01afd914a070da1,LINE,servo_driver_L,321a37412e024df2bb9338afff2bf63a,LINE_1,09aa0b6ed4c94ee1945e9a2429d034d1,LINE
Q7MZD.cmodel,proj_272fe7a9,motor_R,075ffedd1f704725b84fedbea8ee4606,ENCR_1,eef4f2b7240b45bcb54eeef2eeb1a18f,ENCR,servo_driver_R,7eddff6c350f414da2f98f39e3f62e6a,ENCR_1,47fa9ff3d36745e38c2adb6ee61a6e64,ENCR
Q7MZD.cmodel,proj_272fe7a9,motor_R,075ffedd1f704725b84fedbea8ee4606,LINE_1,7f4562b884ed4fdab58a40d03701a343,LINE,servo_driver_R,7eddff6c350f414da2f98f39e3f62e6a,LINE_1,e78879c1511a4c06ab883084bc5423de,LINE
Q7MZD.cmodel,proj_272fe7a9,servo_driver_L,321a37412e024df2bb9338afff2bf63a,CAN_1,0e834bd1c4504ed08c344a0a86211881,CAN,MainController,e5515de7015e42769c57ad2700298dfb,CAN_2,b448c871044549e89210afd1224b9fbc,CAN
Q7MZD.cmodel,proj_272fe7a9,servo_driver_R,7eddff6c350f414da2f98f39e3f62e6a,CAN_1,9e6b1d3901fe4b15a8ff0273fd2ef6bb,CAN,MainController,e5515de7015e42769c57ad2700298dfb,CAN_2,b448c871044549e89210afd1224b9fbc,CAN
Q7MZD.cmodel,proj_272fe7a9,slaveController-front,1a974e28d37a4743b0e5ea2f80456d43,CAN_1,c30d1195b2c84896b514a4fc2336d838,CAN,MainController,e5515de7015e42769c57ad2700298dfb,CAN_3,82bd01ab452d4c9a9d2f70b69ccaef1e,CAN
Q7MZD.cmodel,proj_272fe7a9,slaveController-front,1a974e28d37a4743b0e5ea2f80456d43,PZTB_1,a39700b5dc7a401c90341b72a8936210,PZTB,collision-front,2166c33740fa4d62a0b7af39e79adebc,PZTB_1,fc812898ccb34acf862f1f8cfe5f5274,PZTB
Q7MZD.cmodel,proj_272fe7a9,safety_slaveController,2815e78c102e4f74987576ab8ddf2fee,CAN_1,99c229d4d8ef472a96b80ea24b4e4140,CAN,MainController,e5515de7015e42769c57ad2700298dfb,CAN_3,82bd01ab452d4c9a9d2f70b69ccaef1e,CAN
Q7MZD.cmodel,proj_272fe7a9,safety_slaveController,2815e78c102e4f74987576ab8ddf2fee,DO_1,0368e3f934f0465cba7ab40e1571831d,DO,lamp-start,ba2709434c384426a8bbef359e664dbd,DI_1,da9ed869c09e47528dc8f9c95c068e11,DI
Q7MZD.cmodel,proj_272fe7a9,safety_slaveController,2815e78c102e4f74987576ab8ddf2fee,DO_2,df3596cae2074606871bd7e517b36381,DO,lamp-mode,780a609bd5534726af56aa679d151d35,DI_1,4d434febe5374406b765a66f6bf807a9,DI
Q7MZD.cmodel,proj_272fe7a9,safety_slaveController,2815e78c102e4f74987576ab8ddf2fee,DO_3,53a858e499b049ec938ac119efe5b7ff,DO,lamp-left,234dfe29f8454cd18924f478099660e6,DI_2,37f674764a1e4159b2f1cffcb58cc5c3,DI
Q7MZD.cmodel,proj_272fe7a9,safety_slaveController,2815e78c102e4f74987576ab8ddf2fee,DO_4,f730c9f71f554c5a9d5092523725f609,DO,lamp-left,234dfe29f8454cd18924f478099660e6,DI_1,6e8a91cb6da3463ba4fb46253dd77a4c,DI
Q7MZD.cmodel,proj_272fe7a9,safety_slaveController,2815e78c102e4f74987576ab8ddf2fee,DO_5,c7952fbc309646e4bf1b407ee54c665f,DO,lamp-left,234dfe29f8454cd18924f478099660e6,DI_3,d0a0f3e5f8224a2fa16c1da3fda61592,DI
Q7MZD.cmodel,proj_272fe7a9,safety_slaveController,2815e78c102e4f74987576ab8ddf2fee,DO_6,fb71a319bcc6424799cc0b07e22d6353,DO,lamp-right,903c90f6ab3f4c058677cff9df25cd8c,DI_2,3ce1539c1a40442a92795c647e21cd7c,DI
Q7MZD.cmodel,proj_272fe7a9,safety_slaveController,2815e78c102e4f74987576ab8ddf2fee,DO_7,e0d26efb298e4826b7f5a5b7b21b59a4,DO,lamp-right,903c90f6ab3f4c058677cff9df25cd8c,DI_1,a140b7aa79c44654a141f372bf6dff31,DI
Q7MZD.cmodel,proj_272fe7a9,safety_slaveController,2815e78c102e4f74987576ab8ddf2fee,DO_8,fa119e0800214ba9883667d026ff79e4,DO,lamp-right,903c90f6ab3f4c058677cff9df25cd8c,DI_3,90c953c1fe2a4994a0ae238984283c34,DI
Q7MZD.cmodel,proj_272fe7a9,safety_slaveController,2815e78c102e4f74987576ab8ddf2fee,DI_11,63d0bebecf1d47d683a88cf180a27a05,DI,button_start,6b8220bddfe243a5919368eb79d4eff2,DO_1,25ed50d0d669479cbcca8f43fea87026,DO
Q7MZD.cmodel,proj_272fe7a9,safety_slaveController,2815e78c102e4f74987576ab8ddf2fee,DI_3,c2b68619b8fa41219778610b1f5ba8e4,DI,button_mode,90386430ad1048a988f05f2ce8b80370,DO_1,5d3df76188bd4affb4a87e65a9fa99fd,DO
Q7MZD.cmodel,proj_272fe7a9,safety_slaveController,2815e78c102e4f74987576ab8ddf2fee,DI_5,7788b6ce17644dedb10e71b5ca4f1d60,DI,button-emc-front,2d4637ff62424f2d92654cde031e1afd,DO_1,73430fafb3224b20805df962a7155f01,DO
Q7MZD.cmodel,proj_272fe7a9,safety_slaveController,2815e78c102e4f74987576ab8ddf2fee,DI_7,c6759b92bd82407ebd119787bc798a05,DI,button-emc-back,2e69d236becd4e029a258feebbb2c0c3,DO_1,30a474a9ee5341ceb8d8314c716c06e6,DO
Q7MZD.cmodel,proj_272fe7a9,safety_slaveController,2815e78c102e4f74987576ab8ddf2fee,DI_9,de35d56dad494c9494e0baf1365216aa,DI,button_reset,a6428b87be34494c930b765796cdd9b8,DO_1,77ab8fbdb3f145b4acfb8afb134a7469,DO
Q7MZD.cmodel,proj_272fe7a9,safety_slaveController,2815e78c102e4f74987576ab8ddf2fee,PZTB_1,6c35aeade477462caf4a46e87dee4b83,PZTB,collision-back,a369787b8da8452198fafb605bc2aeaf,PZTB_1,5da9094ebb4d4208bd6b34a261f65ea6,PZTB
Q7MZD.cmodel,proj_272fe7a9,laser-Front,19896c078b964dc1bdb986a33033369a,ETH_1,c8bdd97726184c6c81191f8cf4bbc6f3,ETH,MainController,e5515de7015e42769c57ad2700298dfb,ETH_3,238982bd5a654c5cb1828bdea929f92e,ETH
Q7MZD.cmodel,proj_272fe7a9,battery,d1268cbb7cb44a34adf1b600e2eaa4d6,RS485_1,f5b5309ccc8f403f92e32a067aa1e3e8,RS485,powerController,971879de01c44185878432f1311187ce,RS485_1,047c0762785b4a888048fdcb12af0b84,RS485
Q7MZD.cmodel,proj_272fe7a9,screen,b51aff74017445d9b8249c42e47c22c8,RS485_1,9c9bcfccf42b49009eac4050a12d1da1,RS485,MainController,e5515de7015e42769c57ad2700298dfb,RS485_1,8e2b042d49a343ec9544c17721eb9891,RS485
Q7MZD.cmodel,proj_272fe7a9,speaker,26e69a07311a422f9cad1c1ce252f273,SPK_1,561a04d1ef574591b24039ddbaeac353,SPK,MainController,e5515de7015e42769c57ad2700298dfb,SPK_1,d5c1162d843c4f84be870d46d9632fe7,SPK
Q7MZD.cmodel,proj_272fe7a9,powerController,971879de01c44185878432f1311187ce,CAN_1,aba1ab9f074748e79ff0f3d70e812098,CAN,MainController,e5515de7015e42769c57ad2700298dfb,CAN_1,9b90094d1b874ab68f290c2ba688515c,CAN
Q7MZD.cmodel,proj_272fe7a9,driver_lift,9b819cf0a8d64d509959ffe4d7aa498f,CAN_1,921d153919104385a2adf2e51049f5f2,CAN,MainController,e5515de7015e42769c57ad2700298dfb,CAN_2,b448c871044549e89210afd1224b9fbc,CAN
Q7MZD.cmodel,proj_272fe7a9,driver_lift,9b819cf0a8d64d509959ffe4d7aa498f,DI_5,2f63ed0f5cc7403fb75815e3ae77952b,DI,proximitySensor_lift,e026c9ba9bb047faba8677f4d9df6fa1,DO_1,e4201c5facc543ff8e4d69021797fd39,DO
Q7MZD.cmodel,proj_272fe7a9,driver_lift,9b819cf0a8d64d509959ffe4d7aa498f,LINE_1,02f4d68d82a441c185bb89a04f50fe71,LINE,motor_lift,c3a784e950ac4a8993c1c60cb85b874a,LINE_1,f174adc279d046c987268afd003ebfd3,LINE
Q7MZD.cmodel,proj_272fe7a9,driver_lift,9b819cf0a8d64d509959ffe4d7aa498f,ENCR_1,f5669a2f80cb417294b850521117feef,ENCR,motor_lift,c3a784e950ac4a8993c1c60cb85b874a,ENCR_1,4a0c5b29b1ef4366ae43116ef8d0805d,ENCR
Q7MZD.cmodel,proj_272fe7a9,driver_rotate,63530b44418546a09178e543390f0796,CAN_1,9647d962f8d048839b763487c0f4b26a,CAN,MainController,e5515de7015e42769c57ad2700298dfb,CAN_2,b448c871044549e89210afd1224b9fbc,CAN
Q7MZD.cmodel,proj_272fe7a9,driver_rotate,63530b44418546a09178e543390f0796,DI_5,fa7b63330464450ba53bdf1b893528b5,DI,proximitySensor_rotate,ce9aff286706474d9eb6275f482372df,DO_1,0852dc08c5ca48f7814d897a71b43161,DO
Q7MZD.cmodel,proj_272fe7a9,driver_rotate,63530b44418546a09178e543390f0796,LINE_1,6c12809c201846b392ab1d1ed12cf03e,LINE,motor_rotate,357078ecd0a04bf6a9c28a3a0ab1bc4f,LINE_1,e83c740e481e4d0188a9c5981acc4249,LINE
Q7MZD.cmodel,proj_272fe7a9,driver_rotate,63530b44418546a09178e543390f0796,ENCR_1,0fff2a8c15254efd85345b0e26da59a9,ENCR,motor_rotate,357078ecd0a04bf6a9c28a3a0ab1bc4f,ENCR_1,1728f5bd49bf4182a30f7859e9223b0e,ENCR
Q7MZD.cmodel,proj_272fe7a9,MainController,e5515de7015e42769c57ad2700298dfb,CAN_1,9b90094d1b874ab68f290c2ba688515c,CAN,gyro,2a613797f3be44a4a21a9201410f314a,CAN_1,f1020055a5104eb1914693b8bc955e06,CAN
Q7MZD.cmodel,proj_272fe7a9,MainController,e5515de7015e42769c57ad2700298dfb,ETH_1,117d2c1992eb44b8bd6950c5f32d0aae,ETH,MainController,e5515de7015e42769c57ad2700298dfb,ETH_1,117d2c1992eb44b8bd6950c5f32d0aae,ETH
Q7MZD.cmodel,proj_272fe7a9,MainController,e5515de7015e42769c57ad2700298dfb,ETH_1,117d2c1992eb44b8bd6950c5f32d0aae,ETH,MainController,e5515de7015e42769c57ad2700298dfb,ETH_2,de6e83a8718449fe969de4c35e1c67b4,ETH
7米四舵轮_260418.cmodel,proj_35a0b82a,turn_driver_front_left,637e6ec4cf7344f9882707e84cee6a9b,CAN_1,c1c37e5f6f0c49c0b708e33bcf721803,CAN,MainController,4cabba351c4747a9b794a82def30dabf,CAN_2,cdcd75d4cca641aabf5f5f35e3bc1df7,CAN
7米四舵轮_260418.cmodel,proj_35a0b82a,turn_driver_front_left,637e6ec4cf7344f9882707e84cee6a9b,LINE_1,952cad8caacd4d75828dd063011a4007,LINE,turn_motor_front_left,e9f13b89d6a84dcab13836d31a5d90be,LINE_1,73a3e2d2118c4fb2ad2b5e2824180d4b,LINE
7米四舵轮_260418.cmodel,proj_35a0b82a,turn_driver_front_left,637e6ec4cf7344f9882707e84cee6a9b,ENCR_1,4f03261157624e9e8e2da909bd0afa58,ENCR,turn_motor_front_left,e9f13b89d6a84dcab13836d31a5d90be,ENCR_1,06b9dfa6db2e4fb8bd45f0d2cb4c4098,ENCR
7米四舵轮_260418.cmodel,proj_35a0b82a,walk_driver_wheel_front_right,dcafd13fdc8c4d3c8fbfde7bb75cf197,CAN_1,f4779444f2104f7686ae7a725d2f8b55,CAN,MainController,4cabba351c4747a9b794a82def30dabf,CAN_2,cdcd75d4cca641aabf5f5f35e3bc1df7,CAN
7米四舵轮_260418.cmodel,proj_35a0b82a,walk_driver_wheel_front_right,dcafd13fdc8c4d3c8fbfde7bb75cf197,LINE_1,f044653b59a6413ab929826d8de1df69,LINE,walk_motor_wheel_front_right,0adedf3bf829404ca6eb8e17e14422fa,LINE_1,baa0092ed4b34dcab48495d3375aa639,LINE
7米四舵轮_260418.cmodel,proj_35a0b82a,walk_driver_wheel_front_right,dcafd13fdc8c4d3c8fbfde7bb75cf197,ENCR_1,f40a93e026ff462dbc001fb9b34ca83c,ENCR,walk_motor_wheel_front_right,0adedf3bf829404ca6eb8e17e14422fa,ENCR_1,e6785a10a56849a7aa3b60a30e2552c6,ENCR
7米四舵轮_260418.cmodel,proj_35a0b82a,turn_driver_wheel_front_right,06ef2e74bc93439f92d28cc752b7087a,CAN_1,70fa8522d58443ed81141fd6331f096d,CAN,MainController,4cabba351c4747a9b794a82def30dabf,CAN_2,cdcd75d4cca641aabf5f5f35e3bc1df7,CAN
7米四舵轮_260418.cmodel,proj_35a0b82a,turn_driver_wheel_front_right,06ef2e74bc93439f92d28cc752b7087a,LINE_1,bdf93d573cc44dd894cc03869b84d8a2,LINE,turn_motor_wheel_front_right,46326c1173ff480db7e9c1ff7be0248d,LINE_1,d9c1e78af19b40c0b9aa89a184544103,LINE
7米四舵轮_260418.cmodel,proj_35a0b82a,turn_driver_wheel_front_right,06ef2e74bc93439f92d28cc752b7087a,ENCR_1,1ea09f4d556441cc860e33c9b77e11b0,ENCR,turn_motor_wheel_front_right,46326c1173ff480db7e9c1ff7be0248d,ENCR_1,27674a2677ea4ad294f77a0f52838b53,ENCR
7米四舵轮_260418.cmodel,proj_35a0b82a,walk_driver_wheel_back_left,7115ffe73a744d6a9037847747d5ede7,CAN_1,34a0d1af55a042478d84a47de9e0b62b,CAN,MainController,4cabba351c4747a9b794a82def30dabf,CAN_2,cdcd75d4cca641aabf5f5f35e3bc1df7,CAN
7米四舵轮_260418.cmodel,proj_35a0b82a,walk_driver_wheel_back_left,7115ffe73a744d6a9037847747d5ede7,LINE_1,2cb62ee6edf24460bbfa14dc89270559,LINE,walk_motor_wheel_back_left,90535fa99dbe4042bbea08f01febba30,LINE_1,4e025d4b8c4049399a3dd63220568b74,LINE
7米四舵轮_260418.cmodel,proj_35a0b82a,walk_driver_wheel_back_left,7115ffe73a744d6a9037847747d5ede7,ENCR_1,4b52f1a322a54de38b0d2a707bd7fa19,ENCR,walk_motor_wheel_back_left,90535fa99dbe4042bbea08f01febba30,ENCR_1,d076de79bff4419eaaa01f784fd0a5b4,ENCR
7米四舵轮_260418.cmodel,proj_35a0b82a,turn_driver_wheel_back_left,ac7e327af9fc4bdda727d0daa6614840,CAN_1,d8076602888f441dbb274dfc7a901c79,CAN,MainController,4cabba351c4747a9b794a82def30dabf,CAN_2,cdcd75d4cca641aabf5f5f35e3bc1df7,CAN
7米四舵轮_260418.cmodel,proj_35a0b82a,turn_driver_wheel_back_left,ac7e327af9fc4bdda727d0daa6614840,LINE_1,b472f4e4de4049d4add25143076b483c,LINE,turn_motor_wheel_back_left,4a19df9078a94689810ffe6c066b8ba0,LINE_1,5de4088ff5f54fe1b41ecb2e1e3c71b7,LINE
7米四舵轮_260418.cmodel,proj_35a0b82a,turn_driver_wheel_back_left,ac7e327af9fc4bdda727d0daa6614840,ENCR_1,ea05d929497746eea826c01dfb6850d5,ENCR,turn_motor_wheel_back_left,4a19df9078a94689810ffe6c066b8ba0,ENCR_1,18edcd148f334260a5786c372d467d3e,ENCR
7米四舵轮_260418.cmodel,proj_35a0b82a,turn_driver_back_right,fdf262c2858649c6be384dce2d6194d5,CAN_1,309ab31b383a4fa5ab605fa72d292612,CAN,MainController,4cabba351c4747a9b794a82def30dabf,CAN_2,cdcd75d4cca641aabf5f5f35e3bc1df7,CAN
7米四舵轮_260418.cmodel,proj_35a0b82a,turn_driver_back_right,fdf262c2858649c6be384dce2d6194d5,LINE_1,5b2362df126d4f908ed45b7d6a410617,LINE,turn_motor_back_right,f15fe480dd614996b0232956819d6b0d,LINE_1,9c6ee615f831437085defac1bad0f285,LINE
7米四舵轮_260418.cmodel,proj_35a0b82a,turn_driver_back_right,fdf262c2858649c6be384dce2d6194d5,ENCR_1,765a70cf28df44b2982af0c12b0ff61e,ENCR,turn_motor_back_right,f15fe480dd614996b0232956819d6b0d,ENCR_1,c89b596d9e6047fd9bee883d71943438,ENCR
7米四舵轮_260418.cmodel,proj_35a0b82a,MainController,4cabba351c4747a9b794a82def30dabf,RS485_1,bfd34168cc8640c580b56b0bff271936,RS485,battery,60d0d8c31d204b9f85465e95df160895,RS485_1,7713b5e6d89741b7b4d5ef8f806e9301,RS485
7米四舵轮_260418.cmodel,proj_35a0b82a,MainController,4cabba351c4747a9b794a82def30dabf,CAN_3,5136a076a41f49bf911b23a4fd4bbb35,CAN,IO module 110,618849f3693b421f958f4257937089ee,CAN_1,900984c5d6084799aa29c92440cb1e22,CAN
7米四舵轮_260418.cmodel,proj_35a0b82a,MainController,4cabba351c4747a9b794a82def30dabf,CAN_3,5136a076a41f49bf911b23a4fd4bbb35,CAN,IO module 111,d91767d1c2bb4c298f82050051bb219e,CAN_1,572336a84d9c42e79fa6b7c23beacf8e,CAN
7米四舵轮_260418.cmodel,proj_35a0b82a,MainController,4cabba351c4747a9b794a82def30dabf,ETH_1,a555435fce7b408db029986a23caccc6,ETH,MainController,4cabba351c4747a9b794a82def30dabf,ETH_1,a555435fce7b408db029986a23caccc6,ETH
7米四舵轮_260418.cmodel,proj_35a0b82a,MainController,4cabba351c4747a9b794a82def30dabf,ETH_1,a555435fce7b408db029986a23caccc6,ETH,MainController,4cabba351c4747a9b794a82def30dabf,ETH_2,71f18d13f29349dc923c7d89d6b5fbb3,ETH
7米四舵轮_260418.cmodel,proj_35a0b82a,MainController,4cabba351c4747a9b794a82def30dabf,ETH_1,a555435fce7b408db029986a23caccc6,ETH,MainController,4cabba351c4747a9b794a82def30dabf,ETH_3,597050ee39fa4772b76fb3946e3f115c,ETH
7米四舵轮_260418.cmodel,proj_35a0b82a,MainController,4cabba351c4747a9b794a82def30dabf,ETH_1,a555435fce7b408db029986a23caccc6,ETH,DHlaser,84f21c629e7c443798473ff9710fad40,ETH_1,f13cc1b376a847bea29f5f84c218501f,ETH
7米四舵轮_260418.cmodel,proj_35a0b82a,MainController,4cabba351c4747a9b794a82def30dabf,ETH_1,a555435fce7b408db029986a23caccc6,ETH,BZ_laser,303753befd284b9e92e0daa06caddd6f,ETH_1,4e2becb32b594fcfa04a12b4d27f2fe6,ETH
7米四舵轮_260418.cmodel,proj_35a0b82a,MainController,4cabba351c4747a9b794a82def30dabf,ETH_1,a555435fce7b408db029986a23caccc6,ETH,screen,898cec96e57142f68156d73fd2dc1c73,ETH_1,be580e6212644013bcbd71bba628f559,ETH
7米四舵轮_260418.cmodel,proj_35a0b82a,MainController,4cabba351c4747a9b794a82def30dabf,SPK_1,b372998d43ce4619a265e7bb3ee2a339,SPK,speaker,a7ec7fbbb34943c994b287dfdb09e43b,SPK_1,3739034032c246bda8ae28f9ca707c9a,SPK
7米四舵轮_260418.cmodel,proj_35a0b82a,IO module 110,618849f3693b421f958f4257937089ee,DI_1,0f72e03ad5fe477388388456e38cb1c6,DI,EmergencyStop,fbbe087d6de14367bf4b0e3f4a87ac5e,DO_1,c58b681691104efca91f4651edb21845,DO
7米四舵轮_260418.cmodel,proj_35a0b82a,IO module 110,618849f3693b421f958f4257937089ee,DI_2,c5e32241090844ada36f8861a275ec32,DI,collision,19a1bbecb4534ca18ebc6e8d3cedb660,DO_1,d7c57a9323554624b8976a2250a09637,DO
7米四舵轮_260418.cmodel,proj_35a0b82a,IO module 110,618849f3693b421f958f4257937089ee,DI_3,9657af9b7e4d4cb0b3e80bbe425e4b3b,DI,up_limit1,af2f3a2bd35d4833ba64b2afd9eee6e0,DO_1,cb990d6fb7d34c95bf02a3faf69f99c9,DO
7米四舵轮_260418.cmodel,proj_35a0b82a,IO module 110,618849f3693b421f958f4257937089ee,DI_4,3f784ad063f44dceaa46b68ac7195010,DI,up_limit2,6af429c219d74fd4a02ce020dc25806d,DO_1,4bad8830866f4282a24d341c0b814afd,DO
7米四舵轮_260418.cmodel,proj_35a0b82a,IO module 110,618849f3693b421f958f4257937089ee,DI_5,36effda477af466690252204d093e472,DI,down_limit1,888bd0a54f4944e6b0add985b00c5b80,DO_1,a3dc398fbd5c4f95a337eb112f02f7e3,DO
7米四舵轮_260418.cmodel,proj_35a0b82a,IO module 110,618849f3693b421f958f4257937089ee,DI_6,05ac8ad0b83e44aba889bca787f235f9,DI,down_limit2,77d421accc5a418eb2f74e981ef8303e,DO_1,9b0f1466f8b443beadb4ba82dd65f4ff,DO
7米四舵轮_260418.cmodel,proj_35a0b82a,IO module 110,618849f3693b421f958f4257937089ee,DI_7,dc71575f809e4679aa061f4306c99e7b,DI,auto_manual,687d34817e56450996238ca2c8ae3d56,DO_1,ca1de03b6fb84202bddc61608b5d97a1,DO
7米四舵轮_260418.cmodel,proj_35a0b82a,IO module 110,618849f3693b421f958f4257937089ee,DO_1,68059190d4dd4820ad962bbb36a2d8f8,DO,lamp_left,a80315cf89574f669f2f0d27f5309e0d,DI_1,188ea6f86e7c490383b591e5da16e0ec,DI
7米四舵轮_260418.cmodel,proj_35a0b82a,IO module 110,618849f3693b421f958f4257937089ee,DO_2,5c40e0169feb4a468289f31d4c8a4534,DO,lamp_left,a80315cf89574f669f2f0d27f5309e0d,DI_2,be74fcaf374542b8bc0f25e5238f425d,DI
7米四舵轮_260418.cmodel,proj_35a0b82a,IO module 110,618849f3693b421f958f4257937089ee,DO_3,423a963a7eae4212a8d86ca005250a7f,DO,lamp_left,a80315cf89574f669f2f0d27f5309e0d,DI_3,86064723796f4673ab1745ee989c52cb,DI
7米四舵轮_260418.cmodel,proj_35a0b82a,IO module 110,618849f3693b421f958f4257937089ee,DO_4,347eb488889b41d29b1cf0c347ca8ede,DO,lamp_right,c4c28437d7fe4ce2a7b6f20d6031a0e4,DI_1,9d7017bd6cf74ab0a5ff004b5db662b2,DI
7米四舵轮_260418.cmodel,proj_35a0b82a,IO module 110,618849f3693b421f958f4257937089ee,DO_5,a5037c3386414350aa36c87e53b0b21a,DO,lamp_right,c4c28437d7fe4ce2a7b6f20d6031a0e4,DI_2,a3500786c147410aa88f737500fa835a,DI
7米四舵轮_260418.cmodel,proj_35a0b82a,IO module 110,618849f3693b421f958f4257937089ee,DO_6,8f7a89ad51154fe19b048cb720a93d80,DO,lamp_right,c4c28437d7fe4ce2a7b6f20d6031a0e4,DI_3,974bfee9e84d4b6b9beb61ba50ab5fa3,DI
7米四舵轮_260418.cmodel,proj_35a0b82a,IO module 110,618849f3693b421f958f4257937089ee,DO_7,283006cf16004e8ebbbadec35203c645,DO,charger,7f4081a0ca19431e90dbbcd671de0675,DI_1,fc3c33d281c74050a5b2daacc66b72a5,DI
7米四舵轮_260418.cmodel,proj_35a0b82a,IO module 111,d91767d1c2bb4c298f82050051bb219e,DI_1,0fde712f25d44dd887146dacdbee04e2,DI,ho_ahead,b5662f0a32314133a2401109c3b10323,DO_1,b3cfd2646758462bbe05baeedbe27604,DO
7米四舵轮_260418.cmodel,proj_35a0b82a,IO module 111,d91767d1c2bb4c298f82050051bb219e,DI_2,f26202bcde2343628feeddede3e20e49,DI,ho_back,f0e3f146e2d54ccebb152cea9224979f,DO_1,1176d372dcf94081a1346bdecdbbc913,DO
7米四舵轮_260418.cmodel,proj_35a0b82a,IO module 111,d91767d1c2bb4c298f82050051bb219e,DI_3,d7a3c9d7e0ab477e806763bac898afb2,DI,ho_left,21ea9ad37f634e169baa93f70cd0d95a,DO_1,cd885cafc1c949159f7c0017fb4f30b5,DO
7米四舵轮_260418.cmodel,proj_35a0b82a,IO module 111,d91767d1c2bb4c298f82050051bb219e,DI_4,896452654d134cf5beb27236b00720d1,DI,ho_right,4714dc5d93a44d26bb43b47cc96c8cab,DO_1,9f08f0a059d048b6b140003a4fc82e71,DO
7米四舵轮_260418.cmodel,proj_35a0b82a,IO module 111,d91767d1c2bb4c298f82050051bb219e,DI_5,14f7f42e68ba4c7ca70c8a656ad3c207,DI,ho_lift_up,92aa9b0273e8454fbd8f8c8eb000712f,DO_1,2a6287463a004629879520b6e08c93e3,DO
7米四舵轮_260418.cmodel,proj_35a0b82a,IO module 111,d91767d1c2bb4c298f82050051bb219e,DI_6,02e991079d9742289d67f24fe416d89e,DI,ho_lift_down,4b4149ab2fb74f40aced9128a52a4bf5,DO_1,bb53b5c9513840b0a7e4bc3359e5c05e,DO
7米四舵轮_260418.cmodel,proj_35a0b82a,IO module 111,d91767d1c2bb4c298f82050051bb219e,DI_7,e1084f0896ca4d489500cd2d7f0fdc84,DI,ho_turn_left,2dc5c6bedc384b228ccb8b64cdf724ec,DO_1,880a267dc0f1476c81a38d6b71b325c8,DO
7米四舵轮_260418.cmodel,proj_35a0b82a,IO module 111,d91767d1c2bb4c298f82050051bb219e,DI_8,8fb0813b52444bfb938b7944e7e4c14f,DI,ho_turn_right,86df3bb09ef347998e61f1cfe7021c44,DO_1,6330c1c2002643d7937bbbce390f8345,DO
7米四舵轮_260418.cmodel,proj_35a0b82a,IO module 111,d91767d1c2bb4c298f82050051bb219e,DO_1,9beaba2b1dfe4dce83208764a5a9ad71,DO,UP-RELAY1,dd34247f06d542e881882cf2f78afaee,DI_1,ba19db88717e4c62b578a01a55dde02d,DI
7米四舵轮_260418.cmodel,proj_35a0b82a,IO module 111,d91767d1c2bb4c298f82050051bb219e,DO_2,5a76b05da9534b5d83b0a66ac3baf142,DO,DOWN-RELAY1,ccdb76fa3c6f454ba83af8b5cdf8cf30,DI_1,68f8fb53d14645b5b6286f34fc1bd1eb,DI
7米四舵轮_260418.cmodel,proj_35a0b82a,IO module 111,d91767d1c2bb4c298f82050051bb219e,DO_3,c70f3da5174e4a01be75f49019d950d2,DO,UP-RELAY2,d59e6873a7de43269b8ed5fa6c99cf2f,DI_1,3eac356cd0794a3ab1794c22ec5b9e6e,DI
7米四舵轮_260418.cmodel,proj_35a0b82a,IO module 111,d91767d1c2bb4c298f82050051bb219e,DO_4,14834f251a7f404587ce8ae5429c613f,DO,DOWN-RELAY2,c2054793e763460b87ab73dc2b3a5259,DI_1,0df5676afae049e0a38fbf5ac7467c82,DI
proj_robot01_mocmdhzf_packed (4).cmodel,proj_52c7da75,MCPU-RA-MC-R318BN,50b7d78f-da88-4383-ac5c-303e13770bac,CAN_3,8442add7-2e7c-4cf5-b8bc-575cc1927000,CAN,IO-lnterface board,66154fce-9766-45a7-991f-0c14d597bc80,CAN_1,1b6533a6-bbd2-491b-8c40-b265716bb7a6,CAN
proj_robot01_mocmdhzf_packed (4).cmodel,proj_52c7da75,IO-lnterface board,66154fce-9766-45a7-991f-0c14d597bc80,DI_2,75e8b215-680c-448b-8866-b10379c8ee28,DI,emc,93d257b8-c8d8-45bd-b5db-32cc7674baa9,DO_1,aa66d14d-ebb4-4473-a4c7-1dfd68f34683,DO
proj_robot01_mocmdhzf_packed (4).cmodel,proj_52c7da75,IO-lnterface board,66154fce-9766-45a7-991f-0c14d597bc80,DI_3,0d2167ce-22d6-4294-beb9-582d7420fb87,DI,start,ac40db3a-9afc-4387-a68f-f5cba991128a,DO_1,4ddad8cf-1151-4563-87f7-4c107d0f1210,DO
proj_robot01_mocmdhzf_packed (4).cmodel,proj_52c7da75,IO-lnterface board,66154fce-9766-45a7-991f-0c14d597bc80,DI_4,d346f024-d631-4bcb-b717-55e5cfd2f51e,DI,reset,107b4e06-b18b-42dd-bb51-0bf413367d73,DO_1,4683c8c0-ec07-41d1-b615-522926b6b8f3,DO
AoBo1.cmodel,proj_f6585928,driver_BR_left,2578fcd3a0dc46f6bb9291e728046619,CAN_1,f6c23797169348b090bc701625f19ac6,CAN,MainController,1393d6e420b447efb2b74dec43fc8857,CAN_2,01bdbf7242a74f04a89cf96cfb49835d,CAN
AoBo1.cmodel,proj_f6585928,driver_BR_left,2578fcd3a0dc46f6bb9291e728046619,LINE_1,115c01decf594001ba32434e272ea883,LINE,motor_BR_left,a6f20fb7a6044377b5560fae2c46fcae,LINE_1,946dc4dbd6e44457a0f61694846acf21,LINE
AoBo1.cmodel,proj_f6585928,driver_BR_left,2578fcd3a0dc46f6bb9291e728046619,ENCR_1,1b37a0ebdb9d4872870501ef715c4c35,ENCR,motor_BR_left,a6f20fb7a6044377b5560fae2c46fcae,ENCR_1,f70d25185a6340a6b5e1f636fd0d776e,ENCR
AoBo1.cmodel,proj_f6585928,driver_BR_right,50785cd68f6b46cbb0e1a4e138311b36,CAN_1,61261bfd8fee4912b2a44003e30e0d75,CAN,MainController,1393d6e420b447efb2b74dec43fc8857,CAN_2,01bdbf7242a74f04a89cf96cfb49835d,CAN
AoBo1.cmodel,proj_f6585928,driver_BR_right,50785cd68f6b46cbb0e1a4e138311b36,LINE_1,8f75713e80484893b4fc471306b66c97,LINE,motor_BR_right,3ce4e55a955543b6a5309fc08cc8abea,LINE_1,562cd0f0a6bd47d196ebcf95e525e777,LINE
AoBo1.cmodel,proj_f6585928,driver_BR_right,50785cd68f6b46cbb0e1a4e138311b36,ENCR_1,625fc926461a49f9b3a800efa5cb9932,ENCR,motor_BR_right,3ce4e55a955543b6a5309fc08cc8abea,ENCR_1,fc9e188da3444e7c87953a2ea1258e08,ENCR
AoBo1.cmodel,proj_f6585928,driver_FL_right,25530f4dbb3343f287f0116b976e8bf8,CAN_1,9ee587a7abc84ccda58e6fd9f45025f5,CAN,MainController,1393d6e420b447efb2b74dec43fc8857,CAN_2,01bdbf7242a74f04a89cf96cfb49835d,CAN
AoBo1.cmodel,proj_f6585928,driver_FL_right,25530f4dbb3343f287f0116b976e8bf8,LINE_1,45896b813dbb4d61be36f92b2e9141f9,LINE,motor_FL_right,7a7d3ff53be149e293f0eb03de13d5d0,LINE_1,625f8e28e91c4369b2a0e90da105fe05,LINE
AoBo1.cmodel,proj_f6585928,driver_FL_right,25530f4dbb3343f287f0116b976e8bf8,ENCR_1,045021089b494fc5801c78ee5e257e01,ENCR,motor_FL_right,7a7d3ff53be149e293f0eb03de13d5d0,ENCR_1,acbbc9719d9c45e1bd29478217c5b23e,ENCR
AoBo1.cmodel,proj_f6585928,driver_FL_left,806c17a8259846eab16878155559ec25,CAN_1,cff2f50a99de4b4aa8d710024b848dbe,CAN,MainController,1393d6e420b447efb2b74dec43fc8857,CAN_2,01bdbf7242a74f04a89cf96cfb49835d,CAN
AoBo1.cmodel,proj_f6585928,driver_FL_left,806c17a8259846eab16878155559ec25,LINE_1,8bf5bf41571b42a3867938885c0a4812,LINE,motor_FL_left,a640fbe578e9421b9fb9574fca9a6efd,LINE_1,a0ab0e1bacd341a4915235eb29d4bcb2,LINE
AoBo1.cmodel,proj_f6585928,driver_FL_left,806c17a8259846eab16878155559ec25,ENCR_1,4c60556056894cb385e0de14dc3b883c,ENCR,motor_FL_left,a640fbe578e9421b9fb9574fca9a6efd,ENCR_1,67a524a3bf894388a14c20747dc72b24,ENCR
AoBo1.cmodel,proj_f6585928,MainController,1393d6e420b447efb2b74dec43fc8857,RS485_1,91bd53cb95b041ffa1faca92b5cd1f3c,RS485,screen,d56a970d235949ed9016f3e9006eae51,RS485_1,6699b297e7bc4e68a05efc7c215772f2,RS485
AoBo1.cmodel,proj_f6585928,MainController,1393d6e420b447efb2b74dec43fc8857,RS485_2,b2ff46a2a2a748528d67ee25a0641009,RS485,battery,3665660bcfd142d4be5361b21a035b81,RS485_1,40894260da4d494ab949c5f445b97011,RS485
AoBo1.cmodel,proj_f6585928,MainController,1393d6e420b447efb2b74dec43fc8857,CAN_2,01bdbf7242a74f04a89cf96cfb49835d,CAN,driver_DoorFrame,b29206124e7949eabd2f002b850a25c4,CAN_1,3b7fd0188bb6428ca80ad33bd8248c74,CAN
AoBo1.cmodel,proj_f6585928,MainController,1393d6e420b447efb2b74dec43fc8857,CAN_3,b188441d876a42608b0144ca77abf6ca,CAN,IO module,db0ce767a9c24eda874b8845e03ecfe1,CAN_1,5d6d855beb6146d590e197a6701c315b,CAN
AoBo1.cmodel,proj_f6585928,MainController,1393d6e420b447efb2b74dec43fc8857,CAN_3,b188441d876a42608b0144ca77abf6ca,CAN,IO module0,4d96da68ce984898882901cf44903402,CAN_1,fdefdc77ead44a01aa54bc9a2e952b05,CAN
AoBo1.cmodel,proj_f6585928,MainController,1393d6e420b447efb2b74dec43fc8857,CAN_3,b188441d876a42608b0144ca77abf6ca,CAN,FL_Encoder,5a21bb43a5524307ab59a5d4a62095d8,CAN_1,1f62fe6b74924967a78de2f22e474667,CAN
AoBo1.cmodel,proj_f6585928,MainController,1393d6e420b447efb2b74dec43fc8857,CAN_3,b188441d876a42608b0144ca77abf6ca,CAN,BR_Encoder,4b5392e7b3f6478cbc9c9e661e709617,CAN_1,7c1539acf1264e2d8828085833d1f800,CAN
AoBo1.cmodel,proj_f6585928,MainController,1393d6e420b447efb2b74dec43fc8857,CAN_3,b188441d876a42608b0144ca77abf6ca,CAN,DoorFrame_Encoder,909c99cb46734793bc14bcbf29450f02,CAN_1,aaeb70ee9b954158a0f6186d9449859f,CAN
AoBo1.cmodel,proj_f6585928,MainController,1393d6e420b447efb2b74dec43fc8857,CAN_3,b188441d876a42608b0144ca77abf6ca,CAN,UpDown_Encoder,1954ffbafe1047d08679ae1a0f724b4d,CAN_1,e41996db4b3341bb8e60a72d7f1f59a8,CAN
AoBo1.cmodel,proj_f6585928,MainController,1393d6e420b447efb2b74dec43fc8857,ETH_1,010700cc459f41eaa084ab46b4b5831a,ETH,MainController,1393d6e420b447efb2b74dec43fc8857,ETH_1,010700cc459f41eaa084ab46b4b5831a,ETH
AoBo1.cmodel,proj_f6585928,MainController,1393d6e420b447efb2b74dec43fc8857,ETH_1,010700cc459f41eaa084ab46b4b5831a,ETH,MainController,1393d6e420b447efb2b74dec43fc8857,ETH_2,fd57f73288034f48a7b7f2f65defacfd,ETH
AoBo1.cmodel,proj_f6585928,MainController,1393d6e420b447efb2b74dec43fc8857,ETH_1,010700cc459f41eaa084ab46b4b5831a,ETH,MainController,1393d6e420b447efb2b74dec43fc8857,ETH_3,33fd24e3026442d4b45467a68974011e,ETH
AoBo1.cmodel,proj_f6585928,MainController,1393d6e420b447efb2b74dec43fc8857,ETH_1,010700cc459f41eaa084ab46b4b5831a,ETH,smart camera,3b2829d4c4654b61b784be5eb124139a,ETH_1,9f33e44a134e479596d018b80316c024,ETH
AoBo1.cmodel,proj_f6585928,MainController,1393d6e420b447efb2b74dec43fc8857,ETH_1,010700cc459f41eaa084ab46b4b5831a,ETH,laser_350,b8642a986400458eadc1905f2d7a7abf,ETH_1,7c50c866873a4d0a8ec6de41d1f28ce6,ETH
AoBo1.cmodel,proj_f6585928,MainController,1393d6e420b447efb2b74dec43fc8857,ETH_1,010700cc459f41eaa084ab46b4b5831a,ETH,laser_left,12ff35682f434010a2cd0088e4de35a0,ETH_1,d88b2e628f1846ed81013579e2b737fb,ETH
AoBo1.cmodel,proj_f6585928,MainController,1393d6e420b447efb2b74dec43fc8857,ETH_1,010700cc459f41eaa084ab46b4b5831a,ETH,laser_right,9aaf117a373f40f6927c24003d541d6f,ETH_1,458e8e40f1ff430d8205b2f3fd19d166,ETH
AoBo1.cmodel,proj_f6585928,MainController,1393d6e420b447efb2b74dec43fc8857,ETH_3,33fd24e3026442d4b45467a68974011e,ETH,laser,192fdfadc8d943d8a53b1ca1cb367093,ETH_1,48e3c4e373f84941b9bc398dea54f41b,ETH
AoBo1.cmodel,proj_f6585928,MainController,1393d6e420b447efb2b74dec43fc8857,SPK_1,fd7b257484ae488dbcbc9b64601b3f7f,SPK,speaker,c8f9c3194c3b4e63bb3f73866db964e2,SPK_1,fa203ab714d444f48fac702bf02d1369,SPK
AoBo1.cmodel,proj_f6585928,IO module,db0ce767a9c24eda874b8845e03ecfe1,DI_1,f6885cae09ab427ebf94dc0bb3d3b64f,DI,button,c3437b779106460f8cdc21a841413eee,DO_1,9d54fad2ec85428dba40e6b6f7c33165,DO
AoBo1.cmodel,proj_f6585928,IO module,db0ce767a9c24eda874b8845e03ecfe1,DI_2,dc44fa366db94c54b79d0df8036981d6,DI,up_limit,a03612270bd345b49987f49764726142,DO_1,4475743a8cc44c1d8f8af7c51dda439d,DO
AoBo1.cmodel,proj_f6585928,IO module,db0ce767a9c24eda874b8845e03ecfe1,DI_3,6d3e439d3d98464186b722053f17633c,DI,down_limit,9067b899088c4071952670666dccf6a1,DO_1,8b82e326ab714e8fb09ef2f914fc6365,DO
AoBo1.cmodel,proj_f6585928,IO module,db0ce767a9c24eda874b8845e03ecfe1,DI_4,46aa36ab2b5044e3962133b5fe510a66,DI,CB_Back_in_pace,c560964776b747e3a9d07d0d55348495,DO_1,920a02cb2b654e18ad4b6dee8d9cf0ec,DO
AoBo1.cmodel,proj_f6585928,IO module,db0ce767a9c24eda874b8845e03ecfe1,DI_5,239cdc72be174c0694c741043de9bd53,DI,CB_Front_in_pace,a71becc5ebca4e678678b394f073495d,DO_1,068659a9b5b54a4e986f2f0c899a87e0,DO
AoBo1.cmodel,proj_f6585928,IO module,db0ce767a9c24eda874b8845e03ecfe1,DI_7,80848037b1684a0a81c0bb78e738a796,DI,CB_Front,63f0f3997af344c0ab40749f5d4a1c8e,DO_1,f2b68a133afc49b1b51fe789a44bf696,DO
AoBo1.cmodel,proj_f6585928,IO module,db0ce767a9c24eda874b8845e03ecfe1,DO_1,ae811f7b75d6426188601cda6db4fad0,DO,Charging_relay,d80631bb245b4a74b17a976a64f71b06,DI_1,b79ca7f3266e4bc9a6950a571255185c,DI
AoBo1.cmodel,proj_f6585928,IO module,db0ce767a9c24eda874b8845e03ecfe1,DO_2,55f9a9bef43949cbb99876edda2f5fa6,DO,Oil_pump_up,e6b2feec1c684a2b9998b2908c74951a,DI_1,211f2b0bbeda457095b6ebb35a639d8e,DI
AoBo1.cmodel,proj_f6585928,IO module,db0ce767a9c24eda874b8845e03ecfe1,DO_3,9ee8f788095148d8ae6734a5199e1f09,DO,Oil_pump_down,d858276af9264e788002afe464b86a15,DI_1,564f81f04fc24ce5a70db5c38e99d9b8,DI
AoBo1.cmodel,proj_f6585928,IO module,db0ce767a9c24eda874b8845e03ecfe1,DO_4,6d422185e9cb49bf9c7bec841b5c2159,DO,Oil_main_switch,14c890716d4f498a97e898417275abe3,DI_1,c2b86507d6b34d2c8f9d1a86d2c8d269,DI
AoBo1.cmodel,proj_f6585928,IO module,db0ce767a9c24eda874b8845e03ecfe1,DO_5,26679d071c2f479090d8186d5075d633,DO,lamp,6953bad0e1024369a6a7c723125d600d,DI_1,0bf5f42798be480d9facc89081dcc542,DI
AoBo1.cmodel,proj_f6585928,IO module,db0ce767a9c24eda874b8845e03ecfe1,DO_6,1d22e7022bea40568957912706d0b984,DO,lamp,6953bad0e1024369a6a7c723125d600d,DI_3,70f475f9900c4976b1f1b7adeae76092,DI
AoBo1.cmodel,proj_f6585928,IO module,db0ce767a9c24eda874b8845e03ecfe1,DO_7,e0379d1f04f545c6a572da87260265d5,DO,lamp,6953bad0e1024369a6a7c723125d600d,DI_2,1ed76127acbe4d8aad52fb548f61f78f,DI
AoBo1.cmodel,proj_f6585928,IO module,db0ce767a9c24eda874b8845e03ecfe1,DO_8,3cfc284305d6498696bee18294533082,DO,comDo,b4af4e756f0a4a7badae92baff7a7811,DI_1,571ea6d9178a4999acfdf9ddd67ffe13,DI
AoBo1.cmodel,proj_f6585928,IO module0,4d96da68ce984898882901cf44903402,DI_1,b2ab28cb80874bc1a74df2d627eb0463,DI,DoorFrame_origin,44f8c92361904e94bef151cb0220170f,DO_1,dbc2bce123e84cf0adc8e4551353f1b8,DO
AoBo1.cmodel,proj_f6585928,IO module0,4d96da68ce984898882901cf44903402,DI_2,11b209655f314d2c9591e04df62fc063,DI,DoorFrame_limit,ceea780c43ea4c07a6d3b6b94d04b0a3,DO_1,073a30ec174546669c5f99effeb51b1c,DO
AoBo1.cmodel,proj_f6585928,IO module0,4d96da68ce984898882901cf44903402,DI_3,039581607e6745b3b6bf03f0d0efe9e6,DI,BR_left_limit,40f05dd4757b46de85d55cafa943c3d9,DO_1,a7de53718acb410fb7f51b636387a5ed,DO
AoBo1.cmodel,proj_f6585928,IO module0,4d96da68ce984898882901cf44903402,DI_4,0cc7e18fc2024d5db2d6e9c20239eb7f,DI,BR_right_limit,6442697a82d94fc4a94e1e497e6fd3af,DO_1,b5950d38bee94e118a321f9080899dbc,DO
AoBo1.cmodel,proj_f6585928,IO module0,4d96da68ce984898882901cf44903402,DI_8,87baa7d5b0a041d3b9bfa8d603907682,DI,CB_Back,062943f1b25b47a79a3e27d334301835,DO_1,2e102d3bf3354109ab55eb3eecc7ae22,DO
AoBo1.cmodel,proj_f6585928,driver_DoorFrame,b29206124e7949eabd2f002b850a25c4,LINE_1,c37f05c243c041b6a5b92444b71671bd,LINE,motor_DoorFrame,bbe50c1b1f71431ea24cb69d19173b2c,LINE_1,e23b994052b346cdbbf857403c941500,LINE
AoBo1.cmodel,proj_f6585928,driver_DoorFrame,b29206124e7949eabd2f002b850a25c4,ENCR_1,bec9ad4ea9f345de911ac75b87202ee9,ENCR,motor_DoorFrame,bbe50c1b1f71431ea24cb69d19173b2c,ENCR_1,1518206452f04708bb1309a8f80dfb40,ENCR
AoBo3.cmodel,proj_f446a19c,driver_BR_left,2578fcd3a0dc46f6bb9291e728046619,CAN_1,f6c23797169348b090bc701625f19ac6,CAN,MainController,1393d6e420b447efb2b74dec43fc8857,CAN_2,01bdbf7242a74f04a89cf96cfb49835d,CAN
AoBo3.cmodel,proj_f446a19c,driver_BR_left,2578fcd3a0dc46f6bb9291e728046619,LINE_1,115c01decf594001ba32434e272ea883,LINE,motor_BR_left,a6f20fb7a6044377b5560fae2c46fcae,LINE_1,946dc4dbd6e44457a0f61694846acf21,LINE
AoBo3.cmodel,proj_f446a19c,driver_BR_left,2578fcd3a0dc46f6bb9291e728046619,ENCR_1,1b37a0ebdb9d4872870501ef715c4c35,ENCR,motor_BR_left,a6f20fb7a6044377b5560fae2c46fcae,ENCR_1,f70d25185a6340a6b5e1f636fd0d776e,ENCR
AoBo3.cmodel,proj_f446a19c,driver_BR_right,50785cd68f6b46cbb0e1a4e138311b36,CAN_1,61261bfd8fee4912b2a44003e30e0d75,CAN,MainController,1393d6e420b447efb2b74dec43fc8857,CAN_2,01bdbf7242a74f04a89cf96cfb49835d,CAN
AoBo3.cmodel,proj_f446a19c,driver_BR_right,50785cd68f6b46cbb0e1a4e138311b36,LINE_1,8f75713e80484893b4fc471306b66c97,LINE,motor_BR_right,3ce4e55a955543b6a5309fc08cc8abea,LINE_1,562cd0f0a6bd47d196ebcf95e525e777,LINE
AoBo3.cmodel,proj_f446a19c,driver_BR_right,50785cd68f6b46cbb0e1a4e138311b36,ENCR_1,625fc926461a49f9b3a800efa5cb9932,ENCR,motor_BR_right,3ce4e55a955543b6a5309fc08cc8abea,ENCR_1,fc9e188da3444e7c87953a2ea1258e08,ENCR
AoBo3.cmodel,proj_f446a19c,driver_FL_right,25530f4dbb3343f287f0116b976e8bf8,CAN_1,9ee587a7abc84ccda58e6fd9f45025f5,CAN,MainController,1393d6e420b447efb2b74dec43fc8857,CAN_2,01bdbf7242a74f04a89cf96cfb49835d,CAN
AoBo3.cmodel,proj_f446a19c,driver_FL_right,25530f4dbb3343f287f0116b976e8bf8,LINE_1,45896b813dbb4d61be36f92b2e9141f9,LINE,motor_FL_right,7a7d3ff53be149e293f0eb03de13d5d0,LINE_1,625f8e28e91c4369b2a0e90da105fe05,LINE
AoBo3.cmodel,proj_f446a19c,driver_FL_right,25530f4dbb3343f287f0116b976e8bf8,ENCR_1,045021089b494fc5801c78ee5e257e01,ENCR,motor_FL_right,7a7d3ff53be149e293f0eb03de13d5d0,ENCR_1,acbbc9719d9c45e1bd29478217c5b23e,ENCR
AoBo3.cmodel,proj_f446a19c,driver_FL_left,806c17a8259846eab16878155559ec25,CAN_1,cff2f50a99de4b4aa8d710024b848dbe,CAN,MainController,1393d6e420b447efb2b74dec43fc8857,CAN_2,01bdbf7242a74f04a89cf96cfb49835d,CAN
AoBo3.cmodel,proj_f446a19c,driver_FL_left,806c17a8259846eab16878155559ec25,LINE_1,8bf5bf41571b42a3867938885c0a4812,LINE,motor_FL_left,a640fbe578e9421b9fb9574fca9a6efd,LINE_1,a0ab0e1bacd341a4915235eb29d4bcb2,LINE
AoBo3.cmodel,proj_f446a19c,driver_FL_left,806c17a8259846eab16878155559ec25,ENCR_1,4c60556056894cb385e0de14dc3b883c,ENCR,motor_FL_left,a640fbe578e9421b9fb9574fca9a6efd,ENCR_1,67a524a3bf894388a14c20747dc72b24,ENCR
AoBo3.cmodel,proj_f446a19c,MainController,1393d6e420b447efb2b74dec43fc8857,RS485_1,91bd53cb95b041ffa1faca92b5cd1f3c,RS485,screen,d56a970d235949ed9016f3e9006eae51,RS485_1,6699b297e7bc4e68a05efc7c215772f2,RS485
AoBo3.cmodel,proj_f446a19c,MainController,1393d6e420b447efb2b74dec43fc8857,RS485_2,b2ff46a2a2a748528d67ee25a0641009,RS485,battery,3c431c2de8db4669812332de9d4fbd40,RS485_1,9a3e228e9e704be6916ee8ec055c1415,RS485
AoBo3.cmodel,proj_f446a19c,MainController,1393d6e420b447efb2b74dec43fc8857,CAN_2,01bdbf7242a74f04a89cf96cfb49835d,CAN,driver_DoorFrame,b29206124e7949eabd2f002b850a25c4,CAN_1,3b7fd0188bb6428ca80ad33bd8248c74,CAN
AoBo3.cmodel,proj_f446a19c,MainController,1393d6e420b447efb2b74dec43fc8857,CAN_3,b188441d876a42608b0144ca77abf6ca,CAN,IO module,db0ce767a9c24eda874b8845e03ecfe1,CAN_1,5d6d855beb6146d590e197a6701c315b,CAN
AoBo3.cmodel,proj_f446a19c,MainController,1393d6e420b447efb2b74dec43fc8857,CAN_3,b188441d876a42608b0144ca77abf6ca,CAN,IO module0,4d96da68ce984898882901cf44903402,CAN_1,fdefdc77ead44a01aa54bc9a2e952b05,CAN
AoBo3.cmodel,proj_f446a19c,MainController,1393d6e420b447efb2b74dec43fc8857,CAN_3,b188441d876a42608b0144ca77abf6ca,CAN,FL_Encoder,5a21bb43a5524307ab59a5d4a62095d8,CAN_1,1f62fe6b74924967a78de2f22e474667,CAN
AoBo3.cmodel,proj_f446a19c,MainController,1393d6e420b447efb2b74dec43fc8857,CAN_3,b188441d876a42608b0144ca77abf6ca,CAN,BR_Encoder,4b5392e7b3f6478cbc9c9e661e709617,CAN_1,7c1539acf1264e2d8828085833d1f800,CAN
AoBo3.cmodel,proj_f446a19c,MainController,1393d6e420b447efb2b74dec43fc8857,CAN_3,b188441d876a42608b0144ca77abf6ca,CAN,DoorFrame_Encoder,909c99cb46734793bc14bcbf29450f02,CAN_1,aaeb70ee9b954158a0f6186d9449859f,CAN
AoBo3.cmodel,proj_f446a19c,MainController,1393d6e420b447efb2b74dec43fc8857,CAN_3,b188441d876a42608b0144ca77abf6ca,CAN,UpDown_Encoder,1954ffbafe1047d08679ae1a0f724b4d,CAN_1,e41996db4b3341bb8e60a72d7f1f59a8,CAN
AoBo3.cmodel,proj_f446a19c,MainController,1393d6e420b447efb2b74dec43fc8857,ETH_1,010700cc459f41eaa084ab46b4b5831a,ETH,MainController,1393d6e420b447efb2b74dec43fc8857,ETH_1,010700cc459f41eaa084ab46b4b5831a,ETH
AoBo3.cmodel,proj_f446a19c,MainController,1393d6e420b447efb2b74dec43fc8857,ETH_1,010700cc459f41eaa084ab46b4b5831a,ETH,MainController,1393d6e420b447efb2b74dec43fc8857,ETH_2,fd57f73288034f48a7b7f2f65defacfd,ETH
AoBo3.cmodel,proj_f446a19c,MainController,1393d6e420b447efb2b74dec43fc8857,ETH_1,010700cc459f41eaa084ab46b4b5831a,ETH,MainController,1393d6e420b447efb2b74dec43fc8857,ETH_3,33fd24e3026442d4b45467a68974011e,ETH
AoBo3.cmodel,proj_f446a19c,MainController,1393d6e420b447efb2b74dec43fc8857,ETH_1,010700cc459f41eaa084ab46b4b5831a,ETH,smart camera,3b2829d4c4654b61b784be5eb124139a,ETH_1,9f33e44a134e479596d018b80316c024,ETH
AoBo3.cmodel,proj_f446a19c,MainController,1393d6e420b447efb2b74dec43fc8857,ETH_1,010700cc459f41eaa084ab46b4b5831a,ETH,laser_350,b8642a986400458eadc1905f2d7a7abf,ETH_1,7c50c866873a4d0a8ec6de41d1f28ce6,ETH
AoBo3.cmodel,proj_f446a19c,MainController,1393d6e420b447efb2b74dec43fc8857,ETH_1,010700cc459f41eaa084ab46b4b5831a,ETH,laser_left,12ff35682f434010a2cd0088e4de35a0,ETH_1,d88b2e628f1846ed81013579e2b737fb,ETH
AoBo3.cmodel,proj_f446a19c,MainController,1393d6e420b447efb2b74dec43fc8857,ETH_1,010700cc459f41eaa084ab46b4b5831a,ETH,laser_right,9aaf117a373f40f6927c24003d541d6f,ETH_1,458e8e40f1ff430d8205b2f3fd19d166,ETH
AoBo3.cmodel,proj_f446a19c,MainController,1393d6e420b447efb2b74dec43fc8857,ETH_3,33fd24e3026442d4b45467a68974011e,ETH,laser,192fdfadc8d943d8a53b1ca1cb367093,ETH_1,48e3c4e373f84941b9bc398dea54f41b,ETH
AoBo3.cmodel,proj_f446a19c,MainController,1393d6e420b447efb2b74dec43fc8857,SPK_1,fd7b257484ae488dbcbc9b64601b3f7f,SPK,speaker,cf7be1a7cbe746908d9238eeffae0296,SPK_1,a901ee38263e467ea230431c132138e3,SPK
AoBo3.cmodel,proj_f446a19c,IO module,db0ce767a9c24eda874b8845e03ecfe1,DI_1,f6885cae09ab427ebf94dc0bb3d3b64f,DI,button,c3437b779106460f8cdc21a841413eee,DO_1,9d54fad2ec85428dba40e6b6f7c33165,DO
AoBo3.cmodel,proj_f446a19c,IO module,db0ce767a9c24eda874b8845e03ecfe1,DI_2,dc44fa366db94c54b79d0df8036981d6,DI,down_limit,a03612270bd345b49987f49764726142,DO_1,4475743a8cc44c1d8f8af7c51dda439d,DO
AoBo3.cmodel,proj_f446a19c,IO module,db0ce767a9c24eda874b8845e03ecfe1,DI_3,6d3e439d3d98464186b722053f17633c,DI,up_limit,9067b899088c4071952670666dccf6a1,DO_1,8b82e326ab714e8fb09ef2f914fc6365,DO
AoBo3.cmodel,proj_f446a19c,IO module,db0ce767a9c24eda874b8845e03ecfe1,DI_4,46aa36ab2b5044e3962133b5fe510a66,DI,CB_Back_in_pace,c560964776b747e3a9d07d0d55348495,DO_1,920a02cb2b654e18ad4b6dee8d9cf0ec,DO
AoBo3.cmodel,proj_f446a19c,IO module,db0ce767a9c24eda874b8845e03ecfe1,DI_5,239cdc72be174c0694c741043de9bd53,DI,CB_Front_in_pace,a71becc5ebca4e678678b394f073495d,DO_1,068659a9b5b54a4e986f2f0c899a87e0,DO
AoBo3.cmodel,proj_f446a19c,IO module,db0ce767a9c24eda874b8845e03ecfe1,DI_7,80848037b1684a0a81c0bb78e738a796,DI,CB_Front,63f0f3997af344c0ab40749f5d4a1c8e,DO_1,f2b68a133afc49b1b51fe789a44bf696,DO
AoBo3.cmodel,proj_f446a19c,IO module,db0ce767a9c24eda874b8845e03ecfe1,DI_8,2ff45ed9c05f43ae9ff33b296217919b,DI,collision,e2b4210f53b34510a3842252fcc811c6,DO_1,4f78b4b3814446f7b312a386fa8c6594,DO
AoBo3.cmodel,proj_f446a19c,IO module,db0ce767a9c24eda874b8845e03ecfe1,DO_1,ae811f7b75d6426188601cda6db4fad0,DO,Charging_relay,d80631bb245b4a74b17a976a64f71b06,DI_1,b79ca7f3266e4bc9a6950a571255185c,DI
AoBo3.cmodel,proj_f446a19c,IO module,db0ce767a9c24eda874b8845e03ecfe1,DO_2,55f9a9bef43949cbb99876edda2f5fa6,DO,Oil_pump_up,e6b2feec1c684a2b9998b2908c74951a,DI_1,211f2b0bbeda457095b6ebb35a639d8e,DI
AoBo3.cmodel,proj_f446a19c,IO module,db0ce767a9c24eda874b8845e03ecfe1,DO_3,9ee8f788095148d8ae6734a5199e1f09,DO,Oil_pump_down,d858276af9264e788002afe464b86a15,DI_1,564f81f04fc24ce5a70db5c38e99d9b8,DI
AoBo3.cmodel,proj_f446a19c,IO module,db0ce767a9c24eda874b8845e03ecfe1,DO_4,6d422185e9cb49bf9c7bec841b5c2159,DO,Oil_main_switch,14c890716d4f498a97e898417275abe3,DI_1,c2b86507d6b34d2c8f9d1a86d2c8d269,DI
AoBo3.cmodel,proj_f446a19c,IO module,db0ce767a9c24eda874b8845e03ecfe1,DO_5,26679d071c2f479090d8186d5075d633,DO,lamp,6953bad0e1024369a6a7c723125d600d,DI_1,0bf5f42798be480d9facc89081dcc542,DI
AoBo3.cmodel,proj_f446a19c,IO module,db0ce767a9c24eda874b8845e03ecfe1,DO_6,1d22e7022bea40568957912706d0b984,DO,lamp,6953bad0e1024369a6a7c723125d600d,DI_2,1ed76127acbe4d8aad52fb548f61f78f,DI
AoBo3.cmodel,proj_f446a19c,IO module,db0ce767a9c24eda874b8845e03ecfe1,DO_7,e0379d1f04f545c6a572da87260265d5,DO,lamp,6953bad0e1024369a6a7c723125d600d,DI_3,70f475f9900c4976b1f1b7adeae76092,DI
AoBo3.cmodel,proj_f446a19c,IO module,db0ce767a9c24eda874b8845e03ecfe1,DO_8,3cfc284305d6498696bee18294533082,DO,comDo,b4af4e756f0a4a7badae92baff7a7811,DI_1,571ea6d9178a4999acfdf9ddd67ffe13,DI
AoBo3.cmodel,proj_f446a19c,IO module0,4d96da68ce984898882901cf44903402,DI_1,b2ab28cb80874bc1a74df2d627eb0463,DI,DoorFrame_origin,44f8c92361904e94bef151cb0220170f,DO_1,dbc2bce123e84cf0adc8e4551353f1b8,DO
AoBo3.cmodel,proj_f446a19c,IO module0,4d96da68ce984898882901cf44903402,DI_2,11b209655f314d2c9591e04df62fc063,DI,DoorFrame_limit,ceea780c43ea4c07a6d3b6b94d04b0a3,DO_1,073a30ec174546669c5f99effeb51b1c,DO
AoBo3.cmodel,proj_f446a19c,IO module0,4d96da68ce984898882901cf44903402,DI_3,039581607e6745b3b6bf03f0d0efe9e6,DI,BR_left_limit,40f05dd4757b46de85d55cafa943c3d9,DO_1,a7de53718acb410fb7f51b636387a5ed,DO
AoBo3.cmodel,proj_f446a19c,IO module0,4d96da68ce984898882901cf44903402,DI_4,0cc7e18fc2024d5db2d6e9c20239eb7f,DI,BR_right_limit,6442697a82d94fc4a94e1e497e6fd3af,DO_1,b5950d38bee94e118a321f9080899dbc,DO
AoBo3.cmodel,proj_f446a19c,IO module0,4d96da68ce984898882901cf44903402,DI_8,87baa7d5b0a041d3b9bfa8d603907682,DI,CB_Back,062943f1b25b47a79a3e27d334301835,DO_1,2e102d3bf3354109ab55eb3eecc7ae22,DO
AoBo3.cmodel,proj_f446a19c,driver_DoorFrame,b29206124e7949eabd2f002b850a25c4,LINE_1,c37f05c243c041b6a5b92444b71671bd,LINE,motor_DoorFrame,bbe50c1b1f71431ea24cb69d19173b2c,LINE_1,e23b994052b346cdbbf857403c941500,LINE
AoBo3.cmodel,proj_f446a19c,driver_DoorFrame,b29206124e7949eabd2f002b850a25c4,ENCR_1,bec9ad4ea9f345de911ac75b87202ee9,ENCR,motor_DoorFrame,bbe50c1b1f71431ea24cb69d19173b2c,ENCR_1,1518206452f04708bb1309a8f80dfb40,ENCR
BackupTemp.cmodel,proj_bdc08b3d,turn_driver_front_left,637e6ec4cf7344f9882707e84cee6a9b,CAN_1,c1c37e5f6f0c49c0b708e33bcf721803,CAN,MainController,4cabba351c4747a9b794a82def30dabf,CAN_2,cdcd75d4cca641aabf5f5f35e3bc1df7,CAN
BackupTemp.cmodel,proj_bdc08b3d,turn_driver_front_left,637e6ec4cf7344f9882707e84cee6a9b,LINE_1,952cad8caacd4d75828dd063011a4007,LINE,turn_motor_front_left,e9f13b89d6a84dcab13836d31a5d90be,LINE_1,73a3e2d2118c4fb2ad2b5e2824180d4b,LINE
BackupTemp.cmodel,proj_bdc08b3d,turn_driver_front_left,637e6ec4cf7344f9882707e84cee6a9b,ENCR_1,4f03261157624e9e8e2da909bd0afa58,ENCR,turn_motor_front_left,e9f13b89d6a84dcab13836d31a5d90be,ENCR_1,06b9dfa6db2e4fb8bd45f0d2cb4c4098,ENCR
BackupTemp.cmodel,proj_bdc08b3d,walk_driver_wheel_front_right,dcafd13fdc8c4d3c8fbfde7bb75cf197,CAN_1,f4779444f2104f7686ae7a725d2f8b55,CAN,MainController,4cabba351c4747a9b794a82def30dabf,CAN_2,cdcd75d4cca641aabf5f5f35e3bc1df7,CAN
BackupTemp.cmodel,proj_bdc08b3d,walk_driver_wheel_front_right,dcafd13fdc8c4d3c8fbfde7bb75cf197,LINE_1,f044653b59a6413ab929826d8de1df69,LINE,walk_motor_wheel_front_right,0adedf3bf829404ca6eb8e17e14422fa,LINE_1,baa0092ed4b34dcab48495d3375aa639,LINE
BackupTemp.cmodel,proj_bdc08b3d,walk_driver_wheel_front_right,dcafd13fdc8c4d3c8fbfde7bb75cf197,ENCR_1,f40a93e026ff462dbc001fb9b34ca83c,ENCR,walk_motor_wheel_front_right,0adedf3bf829404ca6eb8e17e14422fa,ENCR_1,e6785a10a56849a7aa3b60a30e2552c6,ENCR
BackupTemp.cmodel,proj_bdc08b3d,turn_driver_wheel_front_right,06ef2e74bc93439f92d28cc752b7087a,CAN_1,70fa8522d58443ed81141fd6331f096d,CAN,MainController,4cabba351c4747a9b794a82def30dabf,CAN_2,cdcd75d4cca641aabf5f5f35e3bc1df7,CAN
BackupTemp.cmodel,proj_bdc08b3d,turn_driver_wheel_front_right,06ef2e74bc93439f92d28cc752b7087a,LINE_1,bdf93d573cc44dd894cc03869b84d8a2,LINE,turn_motor_wheel_front_right,46326c1173ff480db7e9c1ff7be0248d,LINE_1,d9c1e78af19b40c0b9aa89a184544103,LINE
BackupTemp.cmodel,proj_bdc08b3d,turn_driver_wheel_front_right,06ef2e74bc93439f92d28cc752b7087a,ENCR_1,1ea09f4d556441cc860e33c9b77e11b0,ENCR,turn_motor_wheel_front_right,46326c1173ff480db7e9c1ff7be0248d,ENCR_1,27674a2677ea4ad294f77a0f52838b53,ENCR
BackupTemp.cmodel,proj_bdc08b3d,walk_driver_wheel_back_left,7115ffe73a744d6a9037847747d5ede7,CAN_1,34a0d1af55a042478d84a47de9e0b62b,CAN,MainController,4cabba351c4747a9b794a82def30dabf,CAN_2,cdcd75d4cca641aabf5f5f35e3bc1df7,CAN
BackupTemp.cmodel,proj_bdc08b3d,walk_driver_wheel_back_left,7115ffe73a744d6a9037847747d5ede7,LINE_1,2cb62ee6edf24460bbfa14dc89270559,LINE,walk_motor_wheel_back_left,90535fa99dbe4042bbea08f01febba30,LINE_1,4e025d4b8c4049399a3dd63220568b74,LINE
BackupTemp.cmodel,proj_bdc08b3d,walk_driver_wheel_back_left,7115ffe73a744d6a9037847747d5ede7,ENCR_1,4b52f1a322a54de38b0d2a707bd7fa19,ENCR,walk_motor_wheel_back_left,90535fa99dbe4042bbea08f01febba30,ENCR_1,d076de79bff4419eaaa01f784fd0a5b4,ENCR
BackupTemp.cmodel,proj_bdc08b3d,turn_driver_wheel_back_left,ac7e327af9fc4bdda727d0daa6614840,CAN_1,d8076602888f441dbb274dfc7a901c79,CAN,MainController,4cabba351c4747a9b794a82def30dabf,CAN_2,cdcd75d4cca641aabf5f5f35e3bc1df7,CAN
BackupTemp.cmodel,proj_bdc08b3d,turn_driver_wheel_back_left,ac7e327af9fc4bdda727d0daa6614840,LINE_1,b472f4e4de4049d4add25143076b483c,LINE,turn_motor_wheel_back_left,4a19df9078a94689810ffe6c066b8ba0,LINE_1,5de4088ff5f54fe1b41ecb2e1e3c71b7,LINE
BackupTemp.cmodel,proj_bdc08b3d,turn_driver_wheel_back_left,ac7e327af9fc4bdda727d0daa6614840,ENCR_1,ea05d929497746eea826c01dfb6850d5,ENCR,turn_motor_wheel_back_left,4a19df9078a94689810ffe6c066b8ba0,ENCR_1,18edcd148f334260a5786c372d467d3e,ENCR
BackupTemp.cmodel,proj_bdc08b3d,turn_driver_back_right,fdf262c2858649c6be384dce2d6194d5,CAN_1,309ab31b383a4fa5ab605fa72d292612,CAN,MainController,4cabba351c4747a9b794a82def30dabf,CAN_2,cdcd75d4cca641aabf5f5f35e3bc1df7,CAN
BackupTemp.cmodel,proj_bdc08b3d,turn_driver_back_right,fdf262c2858649c6be384dce2d6194d5,LINE_1,5b2362df126d4f908ed45b7d6a410617,LINE,turn_motor_back_right,f15fe480dd614996b0232956819d6b0d,LINE_1,9c6ee615f831437085defac1bad0f285,LINE
BackupTemp.cmodel,proj_bdc08b3d,turn_driver_back_right,fdf262c2858649c6be384dce2d6194d5,ENCR_1,765a70cf28df44b2982af0c12b0ff61e,ENCR,turn_motor_back_right,f15fe480dd614996b0232956819d6b0d,ENCR_1,c89b596d9e6047fd9bee883d71943438,ENCR
BackupTemp.cmodel,proj_bdc08b3d,MainController,4cabba351c4747a9b794a82def30dabf,RS485_1,bfd34168cc8640c580b56b0bff271936,RS485,battery,60d0d8c31d204b9f85465e95df160895,RS485_1,7713b5e6d89741b7b4d5ef8f806e9301,RS485
BackupTemp.cmodel,proj_bdc08b3d,MainController,4cabba351c4747a9b794a82def30dabf,CAN_3,5136a076a41f49bf911b23a4fd4bbb35,CAN,IO module 110,618849f3693b421f958f4257937089ee,CAN_1,900984c5d6084799aa29c92440cb1e22,CAN
BackupTemp.cmodel,proj_bdc08b3d,MainController,4cabba351c4747a9b794a82def30dabf,CAN_3,5136a076a41f49bf911b23a4fd4bbb35,CAN,IO module 111,d91767d1c2bb4c298f82050051bb219e,CAN_1,572336a84d9c42e79fa6b7c23beacf8e,CAN
BackupTemp.cmodel,proj_bdc08b3d,MainController,4cabba351c4747a9b794a82def30dabf,ETH_1,a555435fce7b408db029986a23caccc6,ETH,MainController,4cabba351c4747a9b794a82def30dabf,ETH_1,a555435fce7b408db029986a23caccc6,ETH
BackupTemp.cmodel,proj_bdc08b3d,MainController,4cabba351c4747a9b794a82def30dabf,ETH_1,a555435fce7b408db029986a23caccc6,ETH,MainController,4cabba351c4747a9b794a82def30dabf,ETH_2,71f18d13f29349dc923c7d89d6b5fbb3,ETH
BackupTemp.cmodel,proj_bdc08b3d,MainController,4cabba351c4747a9b794a82def30dabf,ETH_1,a555435fce7b408db029986a23caccc6,ETH,MainController,4cabba351c4747a9b794a82def30dabf,ETH_3,597050ee39fa4772b76fb3946e3f115c,ETH
BackupTemp.cmodel,proj_bdc08b3d,MainController,4cabba351c4747a9b794a82def30dabf,ETH_1,a555435fce7b408db029986a23caccc6,ETH,DHlaser,84f21c629e7c443798473ff9710fad40,ETH_1,f13cc1b376a847bea29f5f84c218501f,ETH
BackupTemp.cmodel,proj_bdc08b3d,MainController,4cabba351c4747a9b794a82def30dabf,ETH_1,a555435fce7b408db029986a23caccc6,ETH,BZ_laser,303753befd284b9e92e0daa06caddd6f,ETH_1,4e2becb32b594fcfa04a12b4d27f2fe6,ETH
BackupTemp.cmodel,proj_bdc08b3d,MainController,4cabba351c4747a9b794a82def30dabf,ETH_1,a555435fce7b408db029986a23caccc6,ETH,screen,898cec96e57142f68156d73fd2dc1c73,ETH_1,be580e6212644013bcbd71bba628f559,ETH
BackupTemp.cmodel,proj_bdc08b3d,MainController,4cabba351c4747a9b794a82def30dabf,SPK_1,b372998d43ce4619a265e7bb3ee2a339,SPK,speaker,a7ec7fbbb34943c994b287dfdb09e43b,SPK_1,3739034032c246bda8ae28f9ca707c9a,SPK
BackupTemp.cmodel,proj_bdc08b3d,IO module 110,618849f3693b421f958f4257937089ee,DI_1,0f72e03ad5fe477388388456e38cb1c6,DI,EmergencyStop,fbbe087d6de14367bf4b0e3f4a87ac5e,DO_1,c58b681691104efca91f4651edb21845,DO
BackupTemp.cmodel,proj_bdc08b3d,IO module 110,618849f3693b421f958f4257937089ee,DI_2,c5e32241090844ada36f8861a275ec32,DI,collision,19a1bbecb4534ca18ebc6e8d3cedb660,DO_1,d7c57a9323554624b8976a2250a09637,DO
BackupTemp.cmodel,proj_bdc08b3d,IO module 110,618849f3693b421f958f4257937089ee,DI_3,9657af9b7e4d4cb0b3e80bbe425e4b3b,DI,up_limit1,af2f3a2bd35d4833ba64b2afd9eee6e0,DO_1,cb990d6fb7d34c95bf02a3faf69f99c9,DO
BackupTemp.cmodel,proj_bdc08b3d,IO module 110,618849f3693b421f958f4257937089ee,DI_4,3f784ad063f44dceaa46b68ac7195010,DI,up_limit2,6af429c219d74fd4a02ce020dc25806d,DO_1,4bad8830866f4282a24d341c0b814afd,DO
BackupTemp.cmodel,proj_bdc08b3d,IO module 110,618849f3693b421f958f4257937089ee,DI_5,36effda477af466690252204d093e472,DI,down_limit1,888bd0a54f4944e6b0add985b00c5b80,DO_1,a3dc398fbd5c4f95a337eb112f02f7e3,DO
BackupTemp.cmodel,proj_bdc08b3d,IO module 110,618849f3693b421f958f4257937089ee,DI_6,05ac8ad0b83e44aba889bca787f235f9,DI,down_limit2,77d421accc5a418eb2f74e981ef8303e,DO_1,9b0f1466f8b443beadb4ba82dd65f4ff,DO
BackupTemp.cmodel,proj_bdc08b3d,IO module 110,618849f3693b421f958f4257937089ee,DI_7,dc71575f809e4679aa061f4306c99e7b,DI,auto_manual,687d34817e56450996238ca2c8ae3d56,DO_1,ca1de03b6fb84202bddc61608b5d97a1,DO
BackupTemp.cmodel,proj_bdc08b3d,IO module 110,618849f3693b421f958f4257937089ee,DO_1,68059190d4dd4820ad962bbb36a2d8f8,DO,lamp_left,a80315cf89574f669f2f0d27f5309e0d,DI_1,188ea6f86e7c490383b591e5da16e0ec,DI
BackupTemp.cmodel,proj_bdc08b3d,IO module 110,618849f3693b421f958f4257937089ee,DO_2,5c40e0169feb4a468289f31d4c8a4534,DO,lamp_left,a80315cf89574f669f2f0d27f5309e0d,DI_2,be74fcaf374542b8bc0f25e5238f425d,DI
BackupTemp.cmodel,proj_bdc08b3d,IO module 110,618849f3693b421f958f4257937089ee,DO_3,423a963a7eae4212a8d86ca005250a7f,DO,lamp_left,a80315cf89574f669f2f0d27f5309e0d,DI_3,86064723796f4673ab1745ee989c52cb,DI
BackupTemp.cmodel,proj_bdc08b3d,IO module 110,618849f3693b421f958f4257937089ee,DO_4,347eb488889b41d29b1cf0c347ca8ede,DO,lamp_right,c4c28437d7fe4ce2a7b6f20d6031a0e4,DI_1,9d7017bd6cf74ab0a5ff004b5db662b2,DI
BackupTemp.cmodel,proj_bdc08b3d,IO module 110,618849f3693b421f958f4257937089ee,DO_5,a5037c3386414350aa36c87e53b0b21a,DO,lamp_right,c4c28437d7fe4ce2a7b6f20d6031a0e4,DI_2,a3500786c147410aa88f737500fa835a,DI
BackupTemp.cmodel,proj_bdc08b3d,IO module 110,618849f3693b421f958f4257937089ee,DO_6,8f7a89ad51154fe19b048cb720a93d80,DO,lamp_right,c4c28437d7fe4ce2a7b6f20d6031a0e4,DI_3,974bfee9e84d4b6b9beb61ba50ab5fa3,DI
BackupTemp.cmodel,proj_bdc08b3d,IO module 110,618849f3693b421f958f4257937089ee,DO_7,283006cf16004e8ebbbadec35203c645,DO,charger,7f4081a0ca19431e90dbbcd671de0675,DI_1,fc3c33d281c74050a5b2daacc66b72a5,DI
BackupTemp.cmodel,proj_bdc08b3d,IO module 111,d91767d1c2bb4c298f82050051bb219e,DI_1,0fde712f25d44dd887146dacdbee04e2,DI,ho_ahead,b5662f0a32314133a2401109c3b10323,DO_1,b3cfd2646758462bbe05baeedbe27604,DO
BackupTemp.cmodel,proj_bdc08b3d,IO module 111,d91767d1c2bb4c298f82050051bb219e,DI_2,f26202bcde2343628feeddede3e20e49,DI,ho_back,f0e3f146e2d54ccebb152cea9224979f,DO_1,1176d372dcf94081a1346bdecdbbc913,DO
BackupTemp.cmodel,proj_bdc08b3d,IO module 111,d91767d1c2bb4c298f82050051bb219e,DI_3,d7a3c9d7e0ab477e806763bac898afb2,DI,ho_left,21ea9ad37f634e169baa93f70cd0d95a,DO_1,cd885cafc1c949159f7c0017fb4f30b5,DO
BackupTemp.cmodel,proj_bdc08b3d,IO module 111,d91767d1c2bb4c298f82050051bb219e,DI_4,896452654d134cf5beb27236b00720d1,DI,ho_right,4714dc5d93a44d26bb43b47cc96c8cab,DO_1,9f08f0a059d048b6b140003a4fc82e71,DO
BackupTemp.cmodel,proj_bdc08b3d,IO module 111,d91767d1c2bb4c298f82050051bb219e,DI_5,14f7f42e68ba4c7ca70c8a656ad3c207,DI,ho_lift_up,92aa9b0273e8454fbd8f8c8eb000712f,DO_1,2a6287463a004629879520b6e08c93e3,DO
BackupTemp.cmodel,proj_bdc08b3d,IO module 111,d91767d1c2bb4c298f82050051bb219e,DI_6,02e991079d9742289d67f24fe416d89e,DI,ho_lift_down,4b4149ab2fb74f40aced9128a52a4bf5,DO_1,bb53b5c9513840b0a7e4bc3359e5c05e,DO
BackupTemp.cmodel,proj_bdc08b3d,IO module 111,d91767d1c2bb4c298f82050051bb219e,DI_7,e1084f0896ca4d489500cd2d7f0fdc84,DI,ho_turn_left,2dc5c6bedc384b228ccb8b64cdf724ec,DO_1,880a267dc0f1476c81a38d6b71b325c8,DO
BackupTemp.cmodel,proj_bdc08b3d,IO module 111,d91767d1c2bb4c298f82050051bb219e,DI_8,8fb0813b52444bfb938b7944e7e4c14f,DI,ho_turn_right,86df3bb09ef347998e61f1cfe7021c44,DO_1,6330c1c2002643d7937bbbce390f8345,DO
BackupTemp.cmodel,proj_bdc08b3d,IO module 111,d91767d1c2bb4c298f82050051bb219e,DO_1,9beaba2b1dfe4dce83208764a5a9ad71,DO,UP-RELAY1,dd34247f06d542e881882cf2f78afaee,DI_1,ba19db88717e4c62b578a01a55dde02d,DI
BackupTemp.cmodel,proj_bdc08b3d,IO module 111,d91767d1c2bb4c298f82050051bb219e,DO_2,5a76b05da9534b5d83b0a66ac3baf142,DO,DOWN-RELAY1,ccdb76fa3c6f454ba83af8b5cdf8cf30,DI_1,68f8fb53d14645b5b6286f34fc1bd1eb,DI
BackupTemp.cmodel,proj_bdc08b3d,IO module 111,d91767d1c2bb4c298f82050051bb219e,DO_3,c70f3da5174e4a01be75f49019d950d2,DO,UP-RELAY2,d59e6873a7de43269b8ed5fa6c99cf2f,DI_1,3eac356cd0794a3ab1794c22ec5b9e6e,DI
BackupTemp.cmodel,proj_bdc08b3d,IO module 111,d91767d1c2bb4c298f82050051bb219e,DO_4,14834f251a7f404587ce8ae5429c613f,DO,DOWN-RELAY2,c2054793e763460b87ab73dc2b3a5259,DI_1,0df5676afae049e0a38fbf5ac7467c82,DI
zshy_AMR20260430.cmodel,proj_50f298eb,motor_right,a54fff8109d04fd49caab37e90bb1ec1,ENCR_1,90afbd0725c4471796d55ee7933e1bb9,ENCR,driver_right,336a1c5f11e949fb89a10a3e9a6204f0,ENCR_1,e3d37746448644d99b53bf54c376692b,ENCR
zshy_AMR20260430.cmodel,proj_50f298eb,motor_right,a54fff8109d04fd49caab37e90bb1ec1,LINE_1,d90e38639d3540638a7c19dde0e1254b,LINE,driver_right,336a1c5f11e949fb89a10a3e9a6204f0,LINE_1,0831b16d06ed4ada88466805ca019836,LINE
zshy_AMR20260430.cmodel,proj_50f298eb,motor_left,0a90532b1b1f482989a407e42ca1d23f,ENCR_1,c0aa25b3d45643ba8574776751640e0c,ENCR,driver_left,8ad7ec90c48f4da6915c85e8ce608749,ENCR_1,827cce98979f4c6a911dbeb458dd5a4d,ENCR
zshy_AMR20260430.cmodel,proj_50f298eb,motor_left,0a90532b1b1f482989a407e42ca1d23f,LINE_1,a951cb62c68f4d39b492bd49d67bd6ec,LINE,driver_left,8ad7ec90c48f4da6915c85e8ce608749,LINE_1,9debc11185204cb0a5c09d74477e175d,LINE
zshy_AMR20260430.cmodel,proj_50f298eb,driver_right,336a1c5f11e949fb89a10a3e9a6204f0,CAN_1,6d37d1719cac4889a846ece591ee2f8e,CAN,MainController,394ce43d17e148b78050953b0f6b6b9c,CAN_2,7a62c260c067450086a389d6bdfab69b,CAN
zshy_AMR20260430.cmodel,proj_50f298eb,driver_left,8ad7ec90c48f4da6915c85e8ce608749,CAN_1,e3ca674f4fec4518a1b2b184a541872c,CAN,MainController,394ce43d17e148b78050953b0f6b6b9c,CAN_2,7a62c260c067450086a389d6bdfab69b,CAN
zshy_AMR20260430.cmodel,proj_50f298eb,MainController,394ce43d17e148b78050953b0f6b6b9c,RS485_1,6961512acb9447139acfb58ebb2846fe,RS485,battery,a5263c81db204a249ea2ff8f6da5f340,RS485_1,f9002d47275c4c8d9502a9ead8bf746c,RS485
zshy_AMR20260430.cmodel,proj_50f298eb,MainController,394ce43d17e148b78050953b0f6b6b9c,RS485_2,b26e3987067a49efae8affdbf466f84d,RS485,screen,853aaea264e94a58a696aa2e29c6280b,RS485_1,31242f841d5d4e708983ddf049408dd6,RS485
zshy_AMR20260430.cmodel,proj_50f298eb,MainController,394ce43d17e148b78050953b0f6b6b9c,CAN_3,57fb9f37ee0c4278bd17f85cb2e51475,CAN,IO module,17dd58bbac1a451785707c27b6627977,CAN_1,67cc8d8976fd493081504a1a851d9dd5,CAN
zshy_AMR20260430.cmodel,proj_50f298eb,MainController,394ce43d17e148b78050953b0f6b6b9c,ETH_1,22c259d90cf44ad686af7d71b0b4cdab,ETH,MainController,394ce43d17e148b78050953b0f6b6b9c,ETH_1,22c259d90cf44ad686af7d71b0b4cdab,ETH
zshy_AMR20260430.cmodel,proj_50f298eb,MainController,394ce43d17e148b78050953b0f6b6b9c,ETH_1,22c259d90cf44ad686af7d71b0b4cdab,ETH,MainController,394ce43d17e148b78050953b0f6b6b9c,ETH_2,074adbd205db4a0b803488406045b3a4,ETH
zshy_AMR20260430.cmodel,proj_50f298eb,MainController,394ce43d17e148b78050953b0f6b6b9c,ETH_1,22c259d90cf44ad686af7d71b0b4cdab,ETH,MainController,394ce43d17e148b78050953b0f6b6b9c,ETH_3,cf340166bdca4391b908ab26cb7c04a5,ETH
zshy_AMR20260430.cmodel,proj_50f298eb,MainController,394ce43d17e148b78050953b0f6b6b9c,ETH_1,22c259d90cf44ad686af7d71b0b4cdab,ETH,smart camera,30ce6328d7ba4586901b45c930c04acf,ETH_1,b9c3acb6cf96489c9c2215e4d540dd9b,ETH
zshy_AMR20260430.cmodel,proj_50f298eb,MainController,394ce43d17e148b78050953b0f6b6b9c,ETH_1,22c259d90cf44ad686af7d71b0b4cdab,ETH,laser,03a44e079a114bf1958bd8771f39122a,ETH_1,f10220bfe66b4689b318e3e14a5a4031,ETH
zshy_AMR20260430.cmodel,proj_50f298eb,MainController,394ce43d17e148b78050953b0f6b6b9c,ETH_1,22c259d90cf44ad686af7d71b0b4cdab,ETH,laser0,7aeead91473f4270bcd04e42fcdddeba,ETH_1,c8ef4ceb9b3a43b88dd3ae1c28396d77,ETH
zshy_AMR20260430.cmodel,proj_50f298eb,MainController,394ce43d17e148b78050953b0f6b6b9c,SPK_1,cf393b63bc8e45bc972c91e8129d93a3,SPK,speaker,42eda440c850476689e2903926789c9d,SPK_1,925f19cb79774814adc70a53b01f10ac,SPK
zshy_AMR20260430.cmodel,proj_50f298eb,IO module,17dd58bbac1a451785707c27b6627977,DI_1,c92f4bca86d143418d1ada3752a237ae,DI,button_L,4d2d3ec659cd4f158b5d900b8c348499,DO_1,e2b816e241604fe9ac0b18c3a9ea922b,DO
zshy_AMR20260430.cmodel,proj_50f298eb,IO module,17dd58bbac1a451785707c27b6627977,DI_2,d8779a69890d4e23a85979ebaa6eb97c,DI,button_R,030f2b5e378a41caa30ea4bddb68a850,DO_1,f1d0195398a74aa6a77698a0573f47bf,DO
zshy_AMR20260430.cmodel,proj_50f298eb,IO module,17dd58bbac1a451785707c27b6627977,DI_3,be7e214adcb14724a8eb2122acbca79f,DI,collision_B,c2ce210dfbea45148f3fdb6049e8c2a2,DO_1,5dcd7a033d4c4669b476ca4686c9c890,DO
zshy_AMR20260430.cmodel,proj_50f298eb,IO module,17dd58bbac1a451785707c27b6627977,DI_4,59388de266aa4a8a894e257d9d8b79b9,DI,collision_F,9c2c6a18b5ab46b690315043b3b31a88,DO_1,36e4d2fc16a64ccb814df503f7fb0e8c,DO
zshy_AMR20260430.cmodel,proj_50f298eb,IO module,17dd58bbac1a451785707c27b6627977,DI_5,68c4c2c9b1a940b28f13f413eb27707c,DI,button,a5dae0000954490cb8953a059f725c19,DO_1,c6a24354fb5f4b5996034afea6ec78c1,DO
zshy_AMR20260430.cmodel,proj_50f298eb,IO module,17dd58bbac1a451785707c27b6627977,DO_8,78aa4bf641964650932f4e967ea3b481,DO,lamp,354644473c4a4fe9870e480b3ef26ce7,DI_3,373209ea02d145ea81eac6c157b2bdd3,DI
zshy_AMR20260430.cmodel,proj_50f298eb,IO module,17dd58bbac1a451785707c27b6627977,DO_9,dd2a014f74af4aa0a81c03fff5de577a,DO,lamp,354644473c4a4fe9870e480b3ef26ce7,DI_1,1d375c704a934f8590af72fc46f77966,DI
zshy_AMR20260430.cmodel,proj_50f298eb,IO module,17dd58bbac1a451785707c27b6627977,DO_10,8d1114f691d944668a2b7e197fe38cc9,DO,lamp,354644473c4a4fe9870e480b3ef26ce7,DI_2,a9dc5bdd529e4beeb2a3736136b08274,DI
proj_robot01_mocmdhzf_packed.cmodel,proj_7bcdf420,MCPU-RA-MC-R318BN,50b7d78f-da88-4383-ac5c-303e13770bac,CAN_3,8442add7-2e7c-4cf5-b8bc-575cc1927000,CAN,IO-lnterface board,66154fce-9766-45a7-991f-0c14d597bc80,CAN_1,1b6533a6-bbd2-491b-8c40-b265716bb7a6,CAN
proj_robot01_mocmdhzf_packed.cmodel,proj_7bcdf420,IO-lnterface board,66154fce-9766-45a7-991f-0c14d597bc80,DI_2,75e8b215-680c-448b-8866-b10379c8ee28,DI,emc,93d257b8-c8d8-45bd-b5db-32cc7674baa9,DO_1,aa66d14d-ebb4-4473-a4c7-1dfd68f34683,DO
proj_robot01_mocmdhzf_packed.cmodel,proj_7bcdf420,IO-lnterface board,66154fce-9766-45a7-991f-0c14d597bc80,DI_3,0d2167ce-22d6-4294-beb9-582d7420fb87,DI,start,ac40db3a-9afc-4387-a68f-f5cba991128a,DO_1,4ddad8cf-1151-4563-87f7-4c107d0f1210,DO
proj_robot01_mocmdhzf_packed.cmodel,proj_7bcdf420,IO-lnterface board,66154fce-9766-45a7-991f-0c14d597bc80,DI_4,d346f024-d631-4bcb-b717-55e5cfd2f51e,DI,reset,107b4e06-b18b-42dd-bb51-0bf413367d73,DO_1,4683c8c0-ec07-41d1-b615-522926b6b8f3,DO
proj_robot01_mocmdhzf_packed (3).cmodel,proj_58b4e04a,MCPU-RA-MC-R318BN,50b7d78f-da88-4383-ac5c-303e13770bac,CAN_3,8442add7-2e7c-4cf5-b8bc-575cc1927000,CAN,IO-lnterface board,66154fce-9766-45a7-991f-0c14d597bc80,CAN_1,1b6533a6-bbd2-491b-8c40-b265716bb7a6,CAN
proj_robot01_mocmdhzf_packed (3).cmodel,proj_58b4e04a,IO-lnterface board,66154fce-9766-45a7-991f-0c14d597bc80,DI_2,75e8b215-680c-448b-8866-b10379c8ee28,DI,emc,93d257b8-c8d8-45bd-b5db-32cc7674baa9,DO_1,aa66d14d-ebb4-4473-a4c7-1dfd68f34683,DO
proj_robot01_mocmdhzf_packed (3).cmodel,proj_58b4e04a,IO-lnterface board,66154fce-9766-45a7-991f-0c14d597bc80,DI_3,0d2167ce-22d6-4294-beb9-582d7420fb87,DI,start,ac40db3a-9afc-4387-a68f-f5cba991128a,DO_1,4ddad8cf-1151-4563-87f7-4c107d0f1210,DO
proj_robot01_mocmdhzf_packed (3).cmodel,proj_58b4e04a,IO-lnterface board,66154fce-9766-45a7-991f-0c14d597bc80,DI_4,d346f024-d631-4bcb-b717-55e5cfd2f51e,DI,reset,107b4e06-b18b-42dd-bb51-0bf413367d73,DO_1,4683c8c0-ec07-41d1-b615-522926b6b8f3,DO
proj_robot01_mocmdhzf_packed (2)(1).cmodel,proj_6a9ca2b9,MCPU-RA-MC-R318BN,50b7d78f-da88-4383-ac5c-303e13770bac,CAN_3,8442add7-2e7c-4cf5-b8bc-575cc1927000,CAN,IO-lnterface board,66154fce-9766-45a7-991f-0c14d597bc80,CAN_1,1b6533a6-bbd2-491b-8c40-b265716bb7a6,CAN
proj_robot01_mocmdhzf_packed (2)(1).cmodel,proj_6a9ca2b9,IO-lnterface board,66154fce-9766-45a7-991f-0c14d597bc80,DI_2,75e8b215-680c-448b-8866-b10379c8ee28,DI,emc,93d257b8-c8d8-45bd-b5db-32cc7674baa9,DO_1,aa66d14d-ebb4-4473-a4c7-1dfd68f34683,DO
proj_robot01_mocmdhzf_packed (2)(1).cmodel,proj_6a9ca2b9,IO-lnterface board,66154fce-9766-45a7-991f-0c14d597bc80,DI_3,0d2167ce-22d6-4294-beb9-582d7420fb87,DI,start,ac40db3a-9afc-4387-a68f-f5cba991128a,DO_1,4ddad8cf-1151-4563-87f7-4c107d0f1210,DO
proj_robot01_mocmdhzf_packed (2)(1).cmodel,proj_6a9ca2b9,IO-lnterface board,66154fce-9766-45a7-991f-0c14d597bc80,DI_4,d346f024-d631-4bcb-b717-55e5cfd2f51e,DI,reset,107b4e06-b18b-42dd-bb51-0bf413367d73,DO_1,4683c8c0-ec07-41d1-b615-522926b6b8f3,DO
新ModelSet.cmodel,proj_9d5f243d,turn_driver_front_left,637e6ec4cf7344f9882707e84cee6a9b,CAN_1,c1c37e5f6f0c49c0b708e33bcf721803,CAN,MainController,4cabba351c4747a9b794a82def30dabf,CAN_2,cdcd75d4cca641aabf5f5f35e3bc1df7,CAN
新ModelSet.cmodel,proj_9d5f243d,turn_driver_front_left,637e6ec4cf7344f9882707e84cee6a9b,LINE_1,952cad8caacd4d75828dd063011a4007,LINE,turn_motor_front_left,e9f13b89d6a84dcab13836d31a5d90be,LINE_1,73a3e2d2118c4fb2ad2b5e2824180d4b,LINE
新ModelSet.cmodel,proj_9d5f243d,turn_driver_front_left,637e6ec4cf7344f9882707e84cee6a9b,ENCR_1,4f03261157624e9e8e2da909bd0afa58,ENCR,turn_motor_front_left,e9f13b89d6a84dcab13836d31a5d90be,ENCR_1,06b9dfa6db2e4fb8bd45f0d2cb4c4098,ENCR
新ModelSet.cmodel,proj_9d5f243d,walk_driver_wheel_front_right,dcafd13fdc8c4d3c8fbfde7bb75cf197,CAN_1,f4779444f2104f7686ae7a725d2f8b55,CAN,MainController,4cabba351c4747a9b794a82def30dabf,CAN_2,cdcd75d4cca641aabf5f5f35e3bc1df7,CAN
新ModelSet.cmodel,proj_9d5f243d,walk_driver_wheel_front_right,dcafd13fdc8c4d3c8fbfde7bb75cf197,LINE_1,f044653b59a6413ab929826d8de1df69,LINE,walk_motor_wheel_front_right,0adedf3bf829404ca6eb8e17e14422fa,LINE_1,baa0092ed4b34dcab48495d3375aa639,LINE
新ModelSet.cmodel,proj_9d5f243d,walk_driver_wheel_front_right,dcafd13fdc8c4d3c8fbfde7bb75cf197,ENCR_1,f40a93e026ff462dbc001fb9b34ca83c,ENCR,walk_motor_wheel_front_right,0adedf3bf829404ca6eb8e17e14422fa,ENCR_1,e6785a10a56849a7aa3b60a30e2552c6,ENCR
新ModelSet.cmodel,proj_9d5f243d,turn_driver_wheel_front_right,06ef2e74bc93439f92d28cc752b7087a,CAN_1,70fa8522d58443ed81141fd6331f096d,CAN,MainController,4cabba351c4747a9b794a82def30dabf,CAN_2,cdcd75d4cca641aabf5f5f35e3bc1df7,CAN
新ModelSet.cmodel,proj_9d5f243d,turn_driver_wheel_front_right,06ef2e74bc93439f92d28cc752b7087a,LINE_1,bdf93d573cc44dd894cc03869b84d8a2,LINE,turn_motor_wheel_front_right,46326c1173ff480db7e9c1ff7be0248d,LINE_1,d9c1e78af19b40c0b9aa89a184544103,LINE
新ModelSet.cmodel,proj_9d5f243d,turn_driver_wheel_front_right,06ef2e74bc93439f92d28cc752b7087a,ENCR_1,1ea09f4d556441cc860e33c9b77e11b0,ENCR,turn_motor_wheel_front_right,46326c1173ff480db7e9c1ff7be0248d,ENCR_1,27674a2677ea4ad294f77a0f52838b53,ENCR
新ModelSet.cmodel,proj_9d5f243d,walk_driver_wheel_back_left,7115ffe73a744d6a9037847747d5ede7,CAN_1,34a0d1af55a042478d84a47de9e0b62b,CAN,MainController,4cabba351c4747a9b794a82def30dabf,CAN_2,cdcd75d4cca641aabf5f5f35e3bc1df7,CAN
新ModelSet.cmodel,proj_9d5f243d,walk_driver_wheel_back_left,7115ffe73a744d6a9037847747d5ede7,LINE_1,2cb62ee6edf24460bbfa14dc89270559,LINE,walk_motor_wheel_back_left,90535fa99dbe4042bbea08f01febba30,LINE_1,4e025d4b8c4049399a3dd63220568b74,LINE
新ModelSet.cmodel,proj_9d5f243d,walk_driver_wheel_back_left,7115ffe73a744d6a9037847747d5ede7,ENCR_1,4b52f1a322a54de38b0d2a707bd7fa19,ENCR,walk_motor_wheel_back_left,90535fa99dbe4042bbea08f01febba30,ENCR_1,d076de79bff4419eaaa01f784fd0a5b4,ENCR
新ModelSet.cmodel,proj_9d5f243d,turn_driver_wheel_back_left,ac7e327af9fc4bdda727d0daa6614840,CAN_1,d8076602888f441dbb274dfc7a901c79,CAN,MainController,4cabba351c4747a9b794a82def30dabf,CAN_2,cdcd75d4cca641aabf5f5f35e3bc1df7,CAN
新ModelSet.cmodel,proj_9d5f243d,turn_driver_wheel_back_left,ac7e327af9fc4bdda727d0daa6614840,LINE_1,b472f4e4de4049d4add25143076b483c,LINE,turn_motor_wheel_back_left,4a19df9078a94689810ffe6c066b8ba0,LINE_1,5de4088ff5f54fe1b41ecb2e1e3c71b7,LINE
新ModelSet.cmodel,proj_9d5f243d,turn_driver_wheel_back_left,ac7e327af9fc4bdda727d0daa6614840,ENCR_1,ea05d929497746eea826c01dfb6850d5,ENCR,turn_motor_wheel_back_left,4a19df9078a94689810ffe6c066b8ba0,ENCR_1,18edcd148f334260a5786c372d467d3e,ENCR
新ModelSet.cmodel,proj_9d5f243d,turn_driver_back_right,fdf262c2858649c6be384dce2d6194d5,CAN_1,309ab31b383a4fa5ab605fa72d292612,CAN,MainController,4cabba351c4747a9b794a82def30dabf,CAN_2,cdcd75d4cca641aabf5f5f35e3bc1df7,CAN
新ModelSet.cmodel,proj_9d5f243d,turn_driver_back_right,fdf262c2858649c6be384dce2d6194d5,LINE_1,5b2362df126d4f908ed45b7d6a410617,LINE,turn_motor_back_right,f15fe480dd614996b0232956819d6b0d,LINE_1,9c6ee615f831437085defac1bad0f285,LINE
新ModelSet.cmodel,proj_9d5f243d,turn_driver_back_right,fdf262c2858649c6be384dce2d6194d5,ENCR_1,765a70cf28df44b2982af0c12b0ff61e,ENCR,turn_motor_back_right,f15fe480dd614996b0232956819d6b0d,ENCR_1,c89b596d9e6047fd9bee883d71943438,ENCR
新ModelSet.cmodel,proj_9d5f243d,MainController,4cabba351c4747a9b794a82def30dabf,RS485_1,bfd34168cc8640c580b56b0bff271936,RS485,battery,60d0d8c31d204b9f85465e95df160895,RS485_1,7713b5e6d89741b7b4d5ef8f806e9301,RS485
新ModelSet.cmodel,proj_9d5f243d,MainController,4cabba351c4747a9b794a82def30dabf,CAN_3,5136a076a41f49bf911b23a4fd4bbb35,CAN,IO module 110,618849f3693b421f958f4257937089ee,CAN_1,900984c5d6084799aa29c92440cb1e22,CAN
新ModelSet.cmodel,proj_9d5f243d,MainController,4cabba351c4747a9b794a82def30dabf,CAN_3,5136a076a41f49bf911b23a4fd4bbb35,CAN,IO module 111,d91767d1c2bb4c298f82050051bb219e,CAN_1,572336a84d9c42e79fa6b7c23beacf8e,CAN
新ModelSet.cmodel,proj_9d5f243d,MainController,4cabba351c4747a9b794a82def30dabf,ETH_1,a555435fce7b408db029986a23caccc6,ETH,MainController,4cabba351c4747a9b794a82def30dabf,ETH_1,a555435fce7b408db029986a23caccc6,ETH
新ModelSet.cmodel,proj_9d5f243d,MainController,4cabba351c4747a9b794a82def30dabf,ETH_1,a555435fce7b408db029986a23caccc6,ETH,MainController,4cabba351c4747a9b794a82def30dabf,ETH_2,71f18d13f29349dc923c7d89d6b5fbb3,ETH
新ModelSet.cmodel,proj_9d5f243d,MainController,4cabba351c4747a9b794a82def30dabf,ETH_1,a555435fce7b408db029986a23caccc6,ETH,MainController,4cabba351c4747a9b794a82def30dabf,ETH_3,597050ee39fa4772b76fb3946e3f115c,ETH
新ModelSet.cmodel,proj_9d5f243d,MainController,4cabba351c4747a9b794a82def30dabf,ETH_1,a555435fce7b408db029986a23caccc6,ETH,DHlaser,84f21c629e7c443798473ff9710fad40,ETH_1,f13cc1b376a847bea29f5f84c218501f,ETH
新ModelSet.cmodel,proj_9d5f243d,MainController,4cabba351c4747a9b794a82def30dabf,ETH_1,a555435fce7b408db029986a23caccc6,ETH,BZ_laser,303753befd284b9e92e0daa06caddd6f,ETH_1,4e2becb32b594fcfa04a12b4d27f2fe6,ETH
新ModelSet.cmodel,proj_9d5f243d,MainController,4cabba351c4747a9b794a82def30dabf,ETH_1,a555435fce7b408db029986a23caccc6,ETH,screen,898cec96e57142f68156d73fd2dc1c73,ETH_1,be580e6212644013bcbd71bba628f559,ETH
新ModelSet.cmodel,proj_9d5f243d,MainController,4cabba351c4747a9b794a82def30dabf,SPK_1,b372998d43ce4619a265e7bb3ee2a339,SPK,speaker,a7ec7fbbb34943c994b287dfdb09e43b,SPK_1,3739034032c246bda8ae28f9ca707c9a,SPK
新ModelSet.cmodel,proj_9d5f243d,IO module 110,618849f3693b421f958f4257937089ee,DI_1,0f72e03ad5fe477388388456e38cb1c6,DI,EmergencyStop,fbbe087d6de14367bf4b0e3f4a87ac5e,DO_1,c58b681691104efca91f4651edb21845,DO
新ModelSet.cmodel,proj_9d5f243d,IO module 110,618849f3693b421f958f4257937089ee,DI_2,c5e32241090844ada36f8861a275ec32,DI,collision,19a1bbecb4534ca18ebc6e8d3cedb660,DO_1,d7c57a9323554624b8976a2250a09637,DO
新ModelSet.cmodel,proj_9d5f243d,IO module 110,618849f3693b421f958f4257937089ee,DI_3,9657af9b7e4d4cb0b3e80bbe425e4b3b,DI,up_limit1,af2f3a2bd35d4833ba64b2afd9eee6e0,DO_1,cb990d6fb7d34c95bf02a3faf69f99c9,DO
新ModelSet.cmodel,proj_9d5f243d,IO module 110,618849f3693b421f958f4257937089ee,DI_4,3f784ad063f44dceaa46b68ac7195010,DI,up_limit2,6af429c219d74fd4a02ce020dc25806d,DO_1,4bad8830866f4282a24d341c0b814afd,DO
新ModelSet.cmodel,proj_9d5f243d,IO module 110,618849f3693b421f958f4257937089ee,DI_5,36effda477af466690252204d093e472,DI,down_limit1,888bd0a54f4944e6b0add985b00c5b80,DO_1,a3dc398fbd5c4f95a337eb112f02f7e3,DO
新ModelSet.cmodel,proj_9d5f243d,IO module 110,618849f3693b421f958f4257937089ee,DI_6,05ac8ad0b83e44aba889bca787f235f9,DI,down_limit2,77d421accc5a418eb2f74e981ef8303e,DO_1,9b0f1466f8b443beadb4ba82dd65f4ff,DO
新ModelSet.cmodel,proj_9d5f243d,IO module 110,618849f3693b421f958f4257937089ee,DI_7,dc71575f809e4679aa061f4306c99e7b,DI,auto_manual,687d34817e56450996238ca2c8ae3d56,DO_1,ca1de03b6fb84202bddc61608b5d97a1,DO
新ModelSet.cmodel,proj_9d5f243d,IO module 110,618849f3693b421f958f4257937089ee,DO_1,68059190d4dd4820ad962bbb36a2d8f8,DO,lamp_left,a80315cf89574f669f2f0d27f5309e0d,DI_1,188ea6f86e7c490383b591e5da16e0ec,DI
新ModelSet.cmodel,proj_9d5f243d,IO module 110,618849f3693b421f958f4257937089ee,DO_2,5c40e0169feb4a468289f31d4c8a4534,DO,lamp_left,a80315cf89574f669f2f0d27f5309e0d,DI_2,be74fcaf374542b8bc0f25e5238f425d,DI
新ModelSet.cmodel,proj_9d5f243d,IO module 110,618849f3693b421f958f4257937089ee,DO_3,423a963a7eae4212a8d86ca005250a7f,DO,lamp_left,a80315cf89574f669f2f0d27f5309e0d,DI_3,86064723796f4673ab1745ee989c52cb,DI
新ModelSet.cmodel,proj_9d5f243d,IO module 110,618849f3693b421f958f4257937089ee,DO_4,347eb488889b41d29b1cf0c347ca8ede,DO,lamp_right,c4c28437d7fe4ce2a7b6f20d6031a0e4,DI_1,9d7017bd6cf74ab0a5ff004b5db662b2,DI
新ModelSet.cmodel,proj_9d5f243d,IO module 110,618849f3693b421f958f4257937089ee,DO_5,a5037c3386414350aa36c87e53b0b21a,DO,lamp_right,c4c28437d7fe4ce2a7b6f20d6031a0e4,DI_2,a3500786c147410aa88f737500fa835a,DI
新ModelSet.cmodel,proj_9d5f243d,IO module 110,618849f3693b421f958f4257937089ee,DO_6,8f7a89ad51154fe19b048cb720a93d80,DO,lamp_right,c4c28437d7fe4ce2a7b6f20d6031a0e4,DI_3,974bfee9e84d4b6b9beb61ba50ab5fa3,DI
新ModelSet.cmodel,proj_9d5f243d,IO module 110,618849f3693b421f958f4257937089ee,DO_7,283006cf16004e8ebbbadec35203c645,DO,charger,7f4081a0ca19431e90dbbcd671de0675,DI_1,fc3c33d281c74050a5b2daacc66b72a5,DI
新ModelSet.cmodel,proj_9d5f243d,IO module 111,d91767d1c2bb4c298f82050051bb219e,DI_1,0fde712f25d44dd887146dacdbee04e2,DI,ho_ahead,b5662f0a32314133a2401109c3b10323,DO_1,b3cfd2646758462bbe05baeedbe27604,DO
新ModelSet.cmodel,proj_9d5f243d,IO module 111,d91767d1c2bb4c298f82050051bb219e,DI_2,f26202bcde2343628feeddede3e20e49,DI,ho_back,f0e3f146e2d54ccebb152cea9224979f,DO_1,1176d372dcf94081a1346bdecdbbc913,DO
新ModelSet.cmodel,proj_9d5f243d,IO module 111,d91767d1c2bb4c298f82050051bb219e,DI_3,d7a3c9d7e0ab477e806763bac898afb2,DI,ho_left,21ea9ad37f634e169baa93f70cd0d95a,DO_1,cd885cafc1c949159f7c0017fb4f30b5,DO
新ModelSet.cmodel,proj_9d5f243d,IO module 111,d91767d1c2bb4c298f82050051bb219e,DI_4,896452654d134cf5beb27236b00720d1,DI,ho_right,4714dc5d93a44d26bb43b47cc96c8cab,DO_1,9f08f0a059d048b6b140003a4fc82e71,DO
新ModelSet.cmodel,proj_9d5f243d,IO module 111,d91767d1c2bb4c298f82050051bb219e,DI_5,14f7f42e68ba4c7ca70c8a656ad3c207,DI,ho_lift_up,92aa9b0273e8454fbd8f8c8eb000712f,DO_1,2a6287463a004629879520b6e08c93e3,DO
新ModelSet.cmodel,proj_9d5f243d,IO module 111,d91767d1c2bb4c298f82050051bb219e,DI_6,02e991079d9742289d67f24fe416d89e,DI,ho_lift_down,4b4149ab2fb74f40aced9128a52a4bf5,DO_1,bb53b5c9513840b0a7e4bc3359e5c05e,DO
新ModelSet.cmodel,proj_9d5f243d,IO module 111,d91767d1c2bb4c298f82050051bb219e,DI_7,e1084f0896ca4d489500cd2d7f0fdc84,DI,ho_turn_left,2dc5c6bedc384b228ccb8b64cdf724ec,DO_1,880a267dc0f1476c81a38d6b71b325c8,DO
新ModelSet.cmodel,proj_9d5f243d,IO module 111,d91767d1c2bb4c298f82050051bb219e,DI_8,8fb0813b52444bfb938b7944e7e4c14f,DI,ho_turn_right,86df3bb09ef347998e61f1cfe7021c44,DO_1,6330c1c2002643d7937bbbce390f8345,DO
新ModelSet.cmodel,proj_9d5f243d,IO module 111,d91767d1c2bb4c298f82050051bb219e,DO_1,9beaba2b1dfe4dce83208764a5a9ad71,DO,UP-RELAY1,dd34247f06d542e881882cf2f78afaee,DI_1,ba19db88717e4c62b578a01a55dde02d,DI
新ModelSet.cmodel,proj_9d5f243d,IO module 111,d91767d1c2bb4c298f82050051bb219e,DO_2,5a76b05da9534b5d83b0a66ac3baf142,DO,DOWN-RELAY1,ccdb76fa3c6f454ba83af8b5cdf8cf30,DI_1,68f8fb53d14645b5b6286f34fc1bd1eb,DI
新ModelSet.cmodel,proj_9d5f243d,IO module 111,d91767d1c2bb4c298f82050051bb219e,DO_3,c70f3da5174e4a01be75f49019d950d2,DO,UP-RELAY2,d59e6873a7de43269b8ed5fa6c99cf2f,DI_1,3eac356cd0794a3ab1794c22ec5b9e6e,DI
新ModelSet.cmodel,proj_9d5f243d,IO module 111,d91767d1c2bb4c298f82050051bb219e,DO_4,14834f251a7f404587ce8ae5429c613f,DO,DOWN-RELAY2,c2054793e763460b87ab73dc2b3a5259,DI_1,0df5676afae049e0a38fbf5ac7467c82,DI
ModelSet.cmodel,proj_f97f954c,driver-left,82bd967322c54e888ef9aaf9752aded0,CAN_1,98fc774977934e07901ec799b7bffdaa,CAN,MainController,30ce17ed495f40a6b90d85158c1d6f08,CAN_2,2ea0552b5a294d0e9945bec1137530ea,CAN
ModelSet.cmodel,proj_f97f954c,driver-left,82bd967322c54e888ef9aaf9752aded0,LINE_1,8dd9d94bb87c4b578c653b4edc461c97,LINE,motor-left,13e6b0ff93bc49e2a89a214744cae88b,LINE_1,a04a03ca08d945cb8d01e2af8214e097,LINE
ModelSet.cmodel,proj_f97f954c,driver-left,82bd967322c54e888ef9aaf9752aded0,ENCR_1,322245d559a54878a3dc6e305d4dfca7,ENCR,motor-left,13e6b0ff93bc49e2a89a214744cae88b,ENCR_1,1a181dc1be834800b49c0873ffe4c7a7,ENCR
ModelSet.cmodel,proj_f97f954c,driver-right,c42343264c884ff2a0ca3fee8fc81997,CAN_1,1b34489764f14cb29d94b43d7157132a,CAN,MainController,30ce17ed495f40a6b90d85158c1d6f08,CAN_2,2ea0552b5a294d0e9945bec1137530ea,CAN
ModelSet.cmodel,proj_f97f954c,driver-right,c42343264c884ff2a0ca3fee8fc81997,LINE_1,47c1cac505c9455ca8fb712c095798d0,LINE,motor-right,639dde0162a3442489651066aaf9cdc7,LINE_1,c8e329d1f55c4146952c13724d31dcb0,LINE
ModelSet.cmodel,proj_f97f954c,driver-right,c42343264c884ff2a0ca3fee8fc81997,ENCR_1,1667de5c5b1e426db53afb3e419fb006,ENCR,motor-right,639dde0162a3442489651066aaf9cdc7,ENCR_1,464a96a51d25407a91f2c961b30d9412,ENCR
ModelSet.cmodel,proj_f97f954c,driver-lift,baa1c9403ec24ad4924283322ff4af95,CAN_1,ca2f4db3796447d0ab8f0f620095bd77,CAN,MainController,30ce17ed495f40a6b90d85158c1d6f08,CAN_2,2ea0552b5a294d0e9945bec1137530ea,CAN
ModelSet.cmodel,proj_f97f954c,driver-lift,baa1c9403ec24ad4924283322ff4af95,LINE_1,3b957ea46b27441c80e0112123e2bc36,LINE,motor-lift,2dce6a0eb00c48ad9e16b1ab111a5de1,LINE_1,404c201670604c8c91da332f683e4598,LINE
ModelSet.cmodel,proj_f97f954c,driver-lift,baa1c9403ec24ad4924283322ff4af95,ENCR_1,71159e54ffe743fda65a868fca9ee1ca,ENCR,motor-lift,2dce6a0eb00c48ad9e16b1ab111a5de1,ENCR_1,6c4b0e925ddb4a2492a766f8dbc44ca0,ENCR
ModelSet.cmodel,proj_f97f954c,button-emc,82c4bc5d93dd40bfafc57e81773a6173,DO_1,f916b38c40384d2f87e3d112f8b89364,DO,IO module,07719f03c3634193aed300c01012bff3,DI_3,619f6a413586418a8f4f92948449710b,DI
ModelSet.cmodel,proj_f97f954c,lamp,d2001a74c8b14cc8a6d67c8c4dca15c3,DI_1,f1cb8e9d1b55441fbad461ea95c7addb,DI,IO module,07719f03c3634193aed300c01012bff3,DO_2,028817e7eb5848069b3b179c16c966c8,DO
ModelSet.cmodel,proj_f97f954c,lamp,d2001a74c8b14cc8a6d67c8c4dca15c3,DI_2,b249fb92ed564a96bd8bc3047cbb29e5,DI,IO module,07719f03c3634193aed300c01012bff3,DO_1,749fe2b61a9c412db8b9110c0b1565c8,DO
ModelSet.cmodel,proj_f97f954c,lamp,d2001a74c8b14cc8a6d67c8c4dca15c3,DI_3,3ecc311d62ef4d9d86492b837a28d392,DI,IO module,07719f03c3634193aed300c01012bff3,DO_3,e0b750687eed407f8f3a8410186b38de,DO
ModelSet.cmodel,proj_f97f954c,charger,b55630cb09d44f65ad482e9202714f1b,DI_1,f1196b3c6b4a4f799178668e4c6bc536,DI,IO module,07719f03c3634193aed300c01012bff3,DO_4,567fb65b09a544e4a6064f8861ae6962,DO
ModelSet.cmodel,proj_f97f954c,MainController,30ce17ed495f40a6b90d85158c1d6f08,RS485_1,c23c492ebcdd40a494ed18d76acf1de2,RS485,battery,7a4b80fe4af74d1ba1eaaa4c15bf44fa,RS485_1,3d480bc988254b778a05e55e76af725a,RS485
ModelSet.cmodel,proj_f97f954c,MainController,30ce17ed495f40a6b90d85158c1d6f08,CAN_3,1b899f8c4907479490c373180475bda3,CAN,IO module,07719f03c3634193aed300c01012bff3,CAN_1,643edc5a6bcd4ec693ca70c48303c0e6,CAN
ModelSet.cmodel,proj_f97f954c,MainController,30ce17ed495f40a6b90d85158c1d6f08,ETH_1,1df5209ef25d410a913824a04fbf1c3d,ETH,MainController,30ce17ed495f40a6b90d85158c1d6f08,ETH_1,1df5209ef25d410a913824a04fbf1c3d,ETH
ModelSet.cmodel,proj_f97f954c,MainController,30ce17ed495f40a6b90d85158c1d6f08,ETH_1,1df5209ef25d410a913824a04fbf1c3d,ETH,MainController,30ce17ed495f40a6b90d85158c1d6f08,ETH_2,5f05424e8d8c4a9a979a821d85e58248,ETH
ModelSet.cmodel,proj_f97f954c,MainController,30ce17ed495f40a6b90d85158c1d6f08,ETH_1,1df5209ef25d410a913824a04fbf1c3d,ETH,MainController,30ce17ed495f40a6b90d85158c1d6f08,ETH_3,f8174a537b9843dabfd0619be5bd2f11,ETH
ModelSet.cmodel,proj_f97f954c,MainController,30ce17ed495f40a6b90d85158c1d6f08,ETH_1,1df5209ef25d410a913824a04fbf1c3d,ETH,smart camera,349a2134e3494755a776854914f78c83,ETH_1,86b04af5fa9944819a700cfdcaa8aed9,ETH
ModelSet.cmodel,proj_f97f954c,MainController,30ce17ed495f40a6b90d85158c1d6f08,ETH_1,1df5209ef25d410a913824a04fbf1c3d,ETH,laser-front,820decb04dd74f6480b7b9e6c8a2f7d8,ETH_1,28d197cffaff4f61b438bea3c487856d,ETH
ModelSet.cmodel,proj_f97f954c,IO module,07719f03c3634193aed300c01012bff3,DI_1,96ae90e3139e49fcbd2e19f46077159f,DI,up_sensor,f15c4d21510248cb8e947b8e21641d8e,DO_1,550ebe65c88c4394955ca69e536ef96c,DO
ModelSet.cmodel,proj_f97f954c,IO module,07719f03c3634193aed300c01012bff3,DI_2,3848b724a8b84ca9800a3256b3cc6a88,DI,down_sensor,b1c3076dbb1646e88f32b15258c59d58,DO_1,cb1182e2a2254e5da7975617b560620b,DO
ModelSet39.cmodel,proj_2edbbaf6,driver-left,82bd967322c54e888ef9aaf9752aded0,CAN_1,98fc774977934e07901ec799b7bffdaa,CAN,MainController,30ce17ed495f40a6b90d85158c1d6f08,CAN_2,2ea0552b5a294d0e9945bec1137530ea,CAN
ModelSet39.cmodel,proj_2edbbaf6,driver-left,82bd967322c54e888ef9aaf9752aded0,LINE_1,8dd9d94bb87c4b578c653b4edc461c97,LINE,motor-left,13e6b0ff93bc49e2a89a214744cae88b,LINE_1,a04a03ca08d945cb8d01e2af8214e097,LINE
ModelSet39.cmodel,proj_2edbbaf6,driver-left,82bd967322c54e888ef9aaf9752aded0,ENCR_1,322245d559a54878a3dc6e305d4dfca7,ENCR,motor-left,13e6b0ff93bc49e2a89a214744cae88b,ENCR_1,1a181dc1be834800b49c0873ffe4c7a7,ENCR
ModelSet39.cmodel,proj_2edbbaf6,driver-right,c42343264c884ff2a0ca3fee8fc81997,CAN_1,1b34489764f14cb29d94b43d7157132a,CAN,MainController,30ce17ed495f40a6b90d85158c1d6f08,CAN_2,2ea0552b5a294d0e9945bec1137530ea,CAN
ModelSet39.cmodel,proj_2edbbaf6,driver-right,c42343264c884ff2a0ca3fee8fc81997,LINE_1,47c1cac505c9455ca8fb712c095798d0,LINE,motor-right,639dde0162a3442489651066aaf9cdc7,LINE_1,c8e329d1f55c4146952c13724d31dcb0,LINE
ModelSet39.cmodel,proj_2edbbaf6,driver-right,c42343264c884ff2a0ca3fee8fc81997,ENCR_1,1667de5c5b1e426db53afb3e419fb006,ENCR,motor-right,639dde0162a3442489651066aaf9cdc7,ENCR_1,464a96a51d25407a91f2c961b30d9412,ENCR
ModelSet39.cmodel,proj_2edbbaf6,driver-lift,baa1c9403ec24ad4924283322ff4af95,CAN_1,ca2f4db3796447d0ab8f0f620095bd77,CAN,MainController,30ce17ed495f40a6b90d85158c1d6f08,CAN_2,2ea0552b5a294d0e9945bec1137530ea,CAN
ModelSet39.cmodel,proj_2edbbaf6,driver-lift,baa1c9403ec24ad4924283322ff4af95,LINE_1,3b957ea46b27441c80e0112123e2bc36,LINE,motor-lift,2dce6a0eb00c48ad9e16b1ab111a5de1,LINE_1,404c201670604c8c91da332f683e4598,LINE
ModelSet39.cmodel,proj_2edbbaf6,driver-lift,baa1c9403ec24ad4924283322ff4af95,ENCR_1,71159e54ffe743fda65a868fca9ee1ca,ENCR,motor-lift,2dce6a0eb00c48ad9e16b1ab111a5de1,ENCR_1,6c4b0e925ddb4a2492a766f8dbc44ca0,ENCR
ModelSet39.cmodel,proj_2edbbaf6,button-emc,82c4bc5d93dd40bfafc57e81773a6173,DO_1,f916b38c40384d2f87e3d112f8b89364,DO,IO module,07719f03c3634193aed300c01012bff3,DI_1,96ae90e3139e49fcbd2e19f46077159f,DI
ModelSet39.cmodel,proj_2edbbaf6,up_sensor,8e3dc6a323dd4e8bbb77249ebf7d49cd,DO_1,31deea6872314737a9a8e1502d33dff7,DO,IO module,07719f03c3634193aed300c01012bff3,DI_2,3848b724a8b84ca9800a3256b3cc6a88,DI
ModelSet39.cmodel,proj_2edbbaf6,down_sensor,2417eb55bcaf4d1eab14d9517f3d27ad,DO_1,9ddeb1f7a0d74d42be115b85ff101445,DO,IO module,07719f03c3634193aed300c01012bff3,DI_3,619f6a413586418a8f4f92948449710b,DI
ModelSet39.cmodel,proj_2edbbaf6,lamp,d2001a74c8b14cc8a6d67c8c4dca15c3,DI_1,f1cb8e9d1b55441fbad461ea95c7addb,DI,IO module,07719f03c3634193aed300c01012bff3,DO_1,749fe2b61a9c412db8b9110c0b1565c8,DO
ModelSet39.cmodel,proj_2edbbaf6,lamp,d2001a74c8b14cc8a6d67c8c4dca15c3,DI_2,b249fb92ed564a96bd8bc3047cbb29e5,DI,IO module,07719f03c3634193aed300c01012bff3,DO_2,028817e7eb5848069b3b179c16c966c8,DO
ModelSet39.cmodel,proj_2edbbaf6,lamp,d2001a74c8b14cc8a6d67c8c4dca15c3,DI_3,3ecc311d62ef4d9d86492b837a28d392,DI,IO module,07719f03c3634193aed300c01012bff3,DO_3,e0b750687eed407f8f3a8410186b38de,DO
ModelSet39.cmodel,proj_2edbbaf6,charger,b55630cb09d44f65ad482e9202714f1b,DI_1,f1196b3c6b4a4f799178668e4c6bc536,DI,IO module,07719f03c3634193aed300c01012bff3,DO_4,567fb65b09a544e4a6064f8861ae6962,DO
ModelSet39.cmodel,proj_2edbbaf6,MainController,30ce17ed495f40a6b90d85158c1d6f08,CAN_3,1b899f8c4907479490c373180475bda3,CAN,IO module,07719f03c3634193aed300c01012bff3,CAN_1,643edc5a6bcd4ec693ca70c48303c0e6,CAN
ModelSet39.cmodel,proj_2edbbaf6,MainController,30ce17ed495f40a6b90d85158c1d6f08,ETH_1,1df5209ef25d410a913824a04fbf1c3d,ETH,MainController,30ce17ed495f40a6b90d85158c1d6f08,ETH_1,1df5209ef25d410a913824a04fbf1c3d,ETH
ModelSet39.cmodel,proj_2edbbaf6,MainController,30ce17ed495f40a6b90d85158c1d6f08,ETH_1,1df5209ef25d410a913824a04fbf1c3d,ETH,MainController,30ce17ed495f40a6b90d85158c1d6f08,ETH_2,5f05424e8d8c4a9a979a821d85e58248,ETH
ModelSet39.cmodel,proj_2edbbaf6,MainController,30ce17ed495f40a6b90d85158c1d6f08,ETH_1,1df5209ef25d410a913824a04fbf1c3d,ETH,MainController,30ce17ed495f40a6b90d85158c1d6f08,ETH_3,f8174a537b9843dabfd0619be5bd2f11,ETH
ModelSet39.cmodel,proj_2edbbaf6,MainController,30ce17ed495f40a6b90d85158c1d6f08,ETH_1,1df5209ef25d410a913824a04fbf1c3d,ETH,smart camera,349a2134e3494755a776854914f78c83,ETH_1,86b04af5fa9944819a700cfdcaa8aed9,ETH
ModelSet39.cmodel,proj_2edbbaf6,MainController,30ce17ed495f40a6b90d85158c1d6f08,ETH_1,1df5209ef25d410a913824a04fbf1c3d,ETH,smart camera0,5cd062a3b2df4938b1c1a06a61645f1f,ETH_1,e79146c5a1054196b4a9e877109a8367,ETH
ModelSet39.cmodel,proj_2edbbaf6,MainController,30ce17ed495f40a6b90d85158c1d6f08,ETH_1,1df5209ef25d410a913824a04fbf1c3d,ETH,laser-front,820decb04dd74f6480b7b9e6c8a2f7d8,ETH_1,28d197cffaff4f61b438bea3c487856d,ETH
0311新ModelSet.cmodel,proj_2860f72d,motor_right,73d95d1e1aa34e709fd47bcbf80ee3a9,ENCR_1,95925ca107384b1685ed7eaa5d2aac87,ENCR,driver_right,b54cac31887b432180bddd186026a19e,ENCR_1,5b51bf389d2343bfa7c447ff89e4c583,ENCR
0311新ModelSet.cmodel,proj_2860f72d,motor_right,73d95d1e1aa34e709fd47bcbf80ee3a9,LINE_1,2279682014b643848c6bdad1fc091b33,LINE,driver_right,b54cac31887b432180bddd186026a19e,LINE_1,c9e303ecc6bf4eb7bfe715d77b4b3bb2,LINE
0311新ModelSet.cmodel,proj_2860f72d,motor_left,06f72073f0134ad5b7c692ad7d1a25df,ENCR_1,8eb303c96dc4461dbbfdfc09f4d60509,ENCR,driver_left,37e3a7faf027483e9640947b18039c9f,ENCR_1,28552fe254694169b4dd115917a25852,ENCR
0311新ModelSet.cmodel,proj_2860f72d,motor_left,06f72073f0134ad5b7c692ad7d1a25df,LINE_1,ced413ff45ae4dc39709c4c03a08188f,LINE,driver_left,37e3a7faf027483e9640947b18039c9f,LINE_1,c458a14a2b694e0081e8ae6eae014c91,LINE
0311新ModelSet.cmodel,proj_2860f72d,driver_right,b54cac31887b432180bddd186026a19e,CAN_1,6bb35a01776e40b381c79de33e0f2ffd,CAN,MainController,5698c56e9f3140f7966114b707e5083c,CAN_2,d13fc0cfefec46b6ac7e1020fd7d89aa,CAN
0311新ModelSet.cmodel,proj_2860f72d,driver_left,37e3a7faf027483e9640947b18039c9f,CAN_1,9cf045b6b2f84f88966c0a780abadc0f,CAN,MainController,5698c56e9f3140f7966114b707e5083c,CAN_2,d13fc0cfefec46b6ac7e1020fd7d89aa,CAN
0311新ModelSet.cmodel,proj_2860f72d,driver_lift,c9b49c0591554aa1ab6378ee9c110cb7,CAN_1,514d3fd84f6442f5adf959b2551d3b41,CAN,MainController,5698c56e9f3140f7966114b707e5083c,CAN_2,d13fc0cfefec46b6ac7e1020fd7d89aa,CAN
0311新ModelSet.cmodel,proj_2860f72d,driver_lift,c9b49c0591554aa1ab6378ee9c110cb7,DO_1,e92c29acd94d45d2b1bf14af059c88fc,DO,motor_lift,ae6fd990b9ee4bd5ba8deca2273466c4,DI_1,5ef1664b6015441d84f7c17acf1fa582,DI
0311新ModelSet.cmodel,proj_2860f72d,driver_lift,c9b49c0591554aa1ab6378ee9c110cb7,DI_6,0d9855041d5b477db58d88235df66e7d,DI,proximitySensor_lift,aa49cf59439a4a53994bad7405f958c2,DO_1,adb9640f42e54b8c8e5ebdcbe64a0cad,DO
0311新ModelSet.cmodel,proj_2860f72d,driver_lift,c9b49c0591554aa1ab6378ee9c110cb7,LINE_1,fbc972c4d4754ea8ad330561055c6160,LINE,motor_lift,ae6fd990b9ee4bd5ba8deca2273466c4,LINE_1,01004313c4e84330a1dd06cb3025c1c3,LINE
0311新ModelSet.cmodel,proj_2860f72d,driver_lift,c9b49c0591554aa1ab6378ee9c110cb7,ENCR_1,16d865a570f4439b825fa6ded7c4a8d0,ENCR,motor_lift,ae6fd990b9ee4bd5ba8deca2273466c4,ENCR_1,aa43c77fb7cf45019f14fe6ad90e8119,ENCR
0311新ModelSet.cmodel,proj_2860f72d,driver_rotate,7ee6eb9a0f9c45e99bb1485953857d27,CAN_1,434d7245d16c4786bbde67ace734498b,CAN,MainController,5698c56e9f3140f7966114b707e5083c,CAN_2,d13fc0cfefec46b6ac7e1020fd7d89aa,CAN
0311新ModelSet.cmodel,proj_2860f72d,driver_rotate,7ee6eb9a0f9c45e99bb1485953857d27,DI_5,2fc11d1dd58c425d8f64aede085e45b9,DI,proximitySensor_rotate,677bae8ba52749799fec770d4fe8fea1,DO_1,d6e0cc10d3144d0db25257adaa9da380,DO
0311新ModelSet.cmodel,proj_2860f72d,driver_rotate,7ee6eb9a0f9c45e99bb1485953857d27,LINE_1,31ff5147888245c78fce94ca173ee629,LINE,motor_rotate,ebb6b9c4d0b7492eab6a4465571a8d93,LINE_1,96dcfe6d4e1e47a68c30d577d702fe92,LINE
0311新ModelSet.cmodel,proj_2860f72d,driver_rotate,7ee6eb9a0f9c45e99bb1485953857d27,ENCR_1,89e4c00c0fad4c4394a0adface4c7fa6,ENCR,motor_rotate,ebb6b9c4d0b7492eab6a4465571a8d93,ENCR_1,8a478add16c744dcab461e1f8155d629,ENCR
0311新ModelSet.cmodel,proj_2860f72d,slaveController,4fe7b9296202450392ec3bacbdb56e1d,CAN_1,0b08704149e64d9e93aabc5f4b09e548,CAN,MainController,5698c56e9f3140f7966114b707e5083c,CAN_3,bf3d2a8126694b019ae1ad7bbe13d200,CAN
0311新ModelSet.cmodel,proj_2860f72d,slaveController,4fe7b9296202450392ec3bacbdb56e1d,PZTB_1,258e54069910499d9cf5d3a8c829e176,PZTB,collision_front,64a445621fa7491581692e1f911f1887,PZTB_1,4f1a51e64e374d93b4dd4ce4c5662cd6,PZTB
0311新ModelSet.cmodel,proj_2860f72d,safety_slaveController,9e9bb8ee0f2e4d4abb2b57c4078ae1c2,CAN_1,09d9f2d533ce4616b1f2e3c10b379c65,CAN,MainController,5698c56e9f3140f7966114b707e5083c,CAN_3,bf3d2a8126694b019ae1ad7bbe13d200,CAN
0311新ModelSet.cmodel,proj_2860f72d,safety_slaveController,9e9bb8ee0f2e4d4abb2b57c4078ae1c2,DO_1,7dae1ea5cd38476fa1a60382daea20e9,DO,lamp_SS,b08d677d084844c0b7e21abcc398440d,DI_1,94b7186d4ce24da2a1d877432d2ccf9e,DI
0311新ModelSet.cmodel,proj_2860f72d,safety_slaveController,9e9bb8ee0f2e4d4abb2b57c4078ae1c2,DO_2,3d2fd654e84d4da3adbc69f3eefa9651,DO,lamp_mode,b7480cbf4a1c4b97817d8c1bd1352ac5,DI_1,9d634221f5074529ab9ea326742065da,DI
0311新ModelSet.cmodel,proj_2860f72d,safety_slaveController,9e9bb8ee0f2e4d4abb2b57c4078ae1c2,DO_3,d56fdce637cb410ca48e45ceefe2db30,DO,lamp_left,8bb8d2d018574c46bcce797cbe579e2f,DI_2,baffef59d5df40c7b631b62c6845330e,DI
0311新ModelSet.cmodel,proj_2860f72d,safety_slaveController,9e9bb8ee0f2e4d4abb2b57c4078ae1c2,DO_4,e2b3bb1c03404cadbcc60af6b515a424,DO,lamp_left,8bb8d2d018574c46bcce797cbe579e2f,DI_1,6c824a9657b24bb4aaa1cfd40845397a,DI
0311新ModelSet.cmodel,proj_2860f72d,safety_slaveController,9e9bb8ee0f2e4d4abb2b57c4078ae1c2,DO_5,aa884699573749559bd2ed6c9d629315,DO,lamp_left,8bb8d2d018574c46bcce797cbe579e2f,DI_3,77485fb518414db99b86610ba5c0002f,DI
0311新ModelSet.cmodel,proj_2860f72d,safety_slaveController,9e9bb8ee0f2e4d4abb2b57c4078ae1c2,DO_6,52c7d1689c2142028382500cbb6fb16b,DO,lamp_right,f56d5d122b084327801f7b5da6261234,DI_2,cbb76427d394474fbc4bcfad47971f21,DI
0311新ModelSet.cmodel,proj_2860f72d,safety_slaveController,9e9bb8ee0f2e4d4abb2b57c4078ae1c2,DO_7,b9b12c6245c946f092fe172e9bfe3760,DO,lamp_right,f56d5d122b084327801f7b5da6261234,DI_1,f16ed9b2cec14bd7a7482a2e9fb8744a,DI
0311新ModelSet.cmodel,proj_2860f72d,safety_slaveController,9e9bb8ee0f2e4d4abb2b57c4078ae1c2,DO_8,d8bc09cdd63d4e4eb1dc049634ad75a0,DO,lamp_right,f56d5d122b084327801f7b5da6261234,DI_3,af1c8842909540b39959cfb09b141a7f,DI
0311新ModelSet.cmodel,proj_2860f72d,safety_slaveController,9e9bb8ee0f2e4d4abb2b57c4078ae1c2,DO_9,998d12040fe24130b5295f245b54b0ea,DO,warninglight,c95a35badc344b2e8dad9b11451528e0,DI_1,303a1fabe4a3423084da57d4142be5ef,DI
0311新ModelSet.cmodel,proj_2860f72d,safety_slaveController,9e9bb8ee0f2e4d4abb2b57c4078ae1c2,DI_11,b99e92c24ff84be5b60554b979785631,DI,button_SS,85c6f337fed24484b4ead509f61bcdf4,DO_1,7e20cf76e00c4620a5f320f3ae7c949b,DO
0311新ModelSet.cmodel,proj_2860f72d,safety_slaveController,9e9bb8ee0f2e4d4abb2b57c4078ae1c2,DI_3,5f021d94d53f49aea7298b983a896246,DI,button_mode,2d58c8d88ec44103b2628b7536cfc3ed,DO_1,56bfa88d74de40a58440eb2b52f83971,DO
0311新ModelSet.cmodel,proj_2860f72d,safety_slaveController,9e9bb8ee0f2e4d4abb2b57c4078ae1c2,DI_5,207a0a47304a46cca688e8f33bc90899,DI,button_stop_front,a65664f3739a4e26873b43158fd8c8e4,DO_1,7c62780930074b039c9984ce7e6b1d47,DO
0311新ModelSet.cmodel,proj_2860f72d,safety_slaveController,9e9bb8ee0f2e4d4abb2b57c4078ae1c2,DI_7,05e65e01925e4004a8f7af43c9354734,DI,button_stop_back,be5ef383b2f7430c8fa558237ebe434e,DO_1,0286a8c138a8428e9009a9a356613512,DO
0311新ModelSet.cmodel,proj_2860f72d,safety_slaveController,9e9bb8ee0f2e4d4abb2b57c4078ae1c2,DI_9,39a592651cd44a989f16151aaa9e5dee,DI,button-RST,07b6abec532c4da787b0b990422d1831,DO_1,98e88a274780431a8daee5c5e05c0e1e,DO
0311新ModelSet.cmodel,proj_2860f72d,safety_slaveController,9e9bb8ee0f2e4d4abb2b57c4078ae1c2,PZTB_1,85b08b9ecf5946a4a6b33a0a65d4c3fe,PZTB,collision_back,ffec8503c37a4a93848624179c3f2ad9,PZTB_1,5e57430f67ea4dd5a899175348ba3670,PZTB
0311新ModelSet.cmodel,proj_2860f72d,powerController,c2472a93844c440ca6046aef58ab5958,CAN_1,277af0eaecd94b8683c45844265d6a45,CAN,MainController,5698c56e9f3140f7966114b707e5083c,CAN_1,3ae6775b70dd482a80da799e3932a424,CAN
0311新ModelSet.cmodel,proj_2860f72d,powerController,c2472a93844c440ca6046aef58ab5958,RS485_1,16db4bd9f53d410cb31f3622fc5f0b41,RS485,battery,cb9b6e9d86574181bb91afaa13a9bd72,RS485_1,fb9b0f9e90b045faa5f0a6711a9491ea,RS485
0311新ModelSet.cmodel,proj_2860f72d,gyro0,bab5387b1f1a4913b1a275e2bd670651,CAN_1,0c4f10b5845a4c2c85506ffb2ff14d5f,CAN,MainController,5698c56e9f3140f7966114b707e5083c,CAN_1,3ae6775b70dd482a80da799e3932a424,CAN
0311新ModelSet.cmodel,proj_2860f72d,laser_front,13d8f1248dd24f0ba8fd2191cd697f7b,ETH_1,77834c289c614ea79e53b1fb05ef79db,ETH,MainController,5698c56e9f3140f7966114b707e5083c,ETH_3,d4fd2e05cf3f46139525727ce0e96723,ETH
0311新ModelSet.cmodel,proj_2860f72d,stereo camera,03f161d77e0d42649adc8c49168883cb,USB_1,7602537fa0774ccb966143eb02d5dd19,USB,MainController,5698c56e9f3140f7966114b707e5083c,USB_1,58ef811f9615425d8a1232299647c674,USB
0311新ModelSet.cmodel,proj_2860f72d,speaker,51c15b36a59b41e7bf2f98ee6f63db8d,SPK_1,1d594ca59b544bc79b1b8eda22a9a491,SPK,MainController,5698c56e9f3140f7966114b707e5083c,SPK_1,d4dd687d8bff40c2bab8dfd8ee7b4597,SPK
0311新ModelSet.cmodel,proj_2860f72d,screen,db8ce6ab808a4d01a37e3ee768f99d86,RS485_1,22cc715fd66e43fabeaca57d48bfb34f,RS485,MainController,5698c56e9f3140f7966114b707e5083c,RS485_1,1a70012195694cd39e422022b8de8a64,RS485
0311新ModelSet.cmodel,proj_2860f72d,MainController,5698c56e9f3140f7966114b707e5083c,CAN_3,bf3d2a8126694b019ae1ad7bbe13d200,CAN,IO module,75b2ca9083b04b07b9801aadfc58284a,CAN_1,b2bca194cc3e49f9b0408c53f54b06b9,CAN
0311新ModelSet.cmodel,proj_2860f72d,MainController,5698c56e9f3140f7966114b707e5083c,CAN_3,bf3d2a8126694b019ae1ad7bbe13d200,CAN,IO module_2,61da5897bf6945b5976a4dcbad349e11,CAN_1,6d5adaff9a984169b0b54204c50315df,CAN
0311新ModelSet.cmodel,proj_2860f72d,MainController,5698c56e9f3140f7966114b707e5083c,ETH_1,44a91fce9c4f4ddea38225e026b618cf,ETH,MainController,5698c56e9f3140f7966114b707e5083c,ETH_1,44a91fce9c4f4ddea38225e026b618cf,ETH
0311新ModelSet.cmodel,proj_2860f72d,MainController,5698c56e9f3140f7966114b707e5083c,ETH_1,44a91fce9c4f4ddea38225e026b618cf,ETH,MainController,5698c56e9f3140f7966114b707e5083c,ETH_2,69684a680bf7407d80ccca82397f33bd,ETH
0311新ModelSet.cmodel,proj_2860f72d,MainController,5698c56e9f3140f7966114b707e5083c,ETH_1,44a91fce9c4f4ddea38225e026b618cf,ETH,MainController,5698c56e9f3140f7966114b707e5083c,ETH_3,d4fd2e05cf3f46139525727ce0e96723,ETH
0311新ModelSet.cmodel,proj_2860f72d,IO module,75b2ca9083b04b07b9801aadfc58284a,DI_1,719a0ba961ae432c8641603338f536cc,DI,PT_A1,cde5d0ffeb3743ff993a8f060908c938,DO_1,4cd4be14239641089eccda18fd27b0bf,DO
0311新ModelSet.cmodel,proj_2860f72d,IO module,75b2ca9083b04b07b9801aadfc58284a,DI_2,740ff57264634c5c8a3acb1116892579,DI,PT_A2,040003ae83424632b54880ed47f6121f,DO_1,e8324bf089a94986b1fcf68c4960ca57,DO
0311新ModelSet.cmodel,proj_2860f72d,IO module,75b2ca9083b04b07b9801aadfc58284a,DI_3,1aa1ced5e10a495a95df254f10e7646c,DI,PT_A3,fc774a015a5643b8911aaa5ba216a727,DO_1,17a23e5f7341469eb93628142ca664b4,DO
0311新ModelSet.cmodel,proj_2860f72d,IO module,75b2ca9083b04b07b9801aadfc58284a,DI_4,b6d7c57ebab4413e8865df8b72fba569,DI,PT_A4,0de2282d2e634077bcc28ce609501f63,DO_1,5b5af2166cae4e62a7c491061f44c4c4,DO
0311新ModelSet.cmodel,proj_2860f72d,IO module,75b2ca9083b04b07b9801aadfc58284a,DI_5,0ee4267d4a334840b92f114ea459e9a5,DI,PT_A5,10cd5c117d644eebb1052488f9330e82,DO_1,24a04eef19644723a411ccbf0cf09ba3,DO
0311新ModelSet.cmodel,proj_2860f72d,IO module,75b2ca9083b04b07b9801aadfc58284a,DI_6,c3bd0faf382445fbba95d3960e9f5ba9,DI,PT_A6,cdf09b5ffabb43b2a4f59849a590c5b5,DO_1,52b17fc3b0de4a27bf8a546ad54e2d46,DO
0311新ModelSet.cmodel,proj_2860f72d,IO module,75b2ca9083b04b07b9801aadfc58284a,DO_1,fd3aeb15f4394b0f88cd71722bc44d54,DO,Do_A1,59577a163b1143cbbd8b568f70af0391,DI_1,3909191447594f2cb75f8e4a8cce2efc,DI
0311新ModelSet.cmodel,proj_2860f72d,IO module,75b2ca9083b04b07b9801aadfc58284a,DO_2,bfbff595ce0d43e48ab8561f603639e0,DO,Do_A2,65ea1a8b5d4b409cb74a14741e06e029,DI_1,81c7394354ea488fb93d65ec76c7083f,DI
0311新ModelSet.cmodel,proj_2860f72d,IO module,75b2ca9083b04b07b9801aadfc58284a,DO_3,495f863644334008871546d95a12484c,DO,Do_A3,7ee7987f405b49b1a66ad0402bbb9368,DI_1,52001c16fe1d43c8ab9dfa3b6270cfa7,DI
0311新ModelSet.cmodel,proj_2860f72d,IO module_2,61da5897bf6945b5976a4dcbad349e11,DI_1,897f918d77d34fefb92169a44b4c8107,DI,PT_B1,1d1e5000a9fb4f5d80150f2357fdbcf4,DO_1,ab56b29a5bac401bbc4e1b1af2bb446d,DO
0311新ModelSet.cmodel,proj_2860f72d,IO module_2,61da5897bf6945b5976a4dcbad349e11,DI_2,370669ee1f1b4ea7acb85b9c2082980a,DI,PT_B2,17308b6758d445589669c7a149c0f27c,DO_1,2ed79cb1dd464c93b1e3dc8f9b21a7a6,DO
0311新ModelSet.cmodel,proj_2860f72d,IO module_2,61da5897bf6945b5976a4dcbad349e11,DI_3,f48b2827526b49839fa1e6c02ceab53e,DI,PT_B3,feadc0d564844488ab6724732e5beb9c,DO_1,79decc478c5e43bea457d505d4dc568b,DO
0311新ModelSet.cmodel,proj_2860f72d,IO module_2,61da5897bf6945b5976a4dcbad349e11,DI_4,114c79ad3ff448e99582695e41e85b3a,DI,PT_B4,d1f7f5f569e84bc2b3b5b4b2e1019686,DO_1,06be1c69bca1439e883661d3634f7292,DO
0311新ModelSet.cmodel,proj_2860f72d,IO module_2,61da5897bf6945b5976a4dcbad349e11,DI_5,0684d2fa89d24a3f9e3e43e7df52c87a,DI,PT_B5,bc29780500a84fa4b3beff1b0770abe2,DO_1,df3f57f2319e4e5084970eafb69d2256,DO
0311新ModelSet.cmodel,proj_2860f72d,IO module_2,61da5897bf6945b5976a4dcbad349e11,DI_6,56cc7fd91637492695bc2db55ee561f6,DI,PT_B6,ae946898621b4408847a24f972b23aea,DO_1,6ec0e136ec9a444ab6bf5f88f45b20ae,DO
0311新ModelSet.cmodel,proj_2860f72d,IO module_2,61da5897bf6945b5976a4dcbad349e11,DO_1,906688dcacd341e28b9ba9ecaf409873,DO,Do_B1,0c4b053e588e478ca6489c30a485bf79,DI_1,1045b812ba304fb8832bdf686b309dcd,DI
0311新ModelSet.cmodel,proj_2860f72d,IO module_2,61da5897bf6945b5976a4dcbad349e11,DO_2,3e7bcfa5ae06471c9e2b2dde75eecb39,DO,Do_B2,b2bfca91577046fc90bb77f145de4045,DI_1,2fe82ad60a9b4dd0bc45fcff8639d074,DI
0311新ModelSet.cmodel,proj_2860f72d,IO module_2,61da5897bf6945b5976a4dcbad349e11,DO_3,beff4b9ba6f94f7fbbcb7c8caf6125ab,DO,Do_B3,0178a9d3665f4d1aa2eb01ea8f66d199,DI_1,376cd406ebea4de9b79029dcad34fed7,DI
0311新ModelSet.cmodel,proj_2860f72d,IO module_2,61da5897bf6945b5976a4dcbad349e11,DO_4,d2eddd76a93b4856ba90366e02ecd147,DO,Do_B4,f31608a82914476ab3c348521aa0aca3,DI_1,2fd750c945c1496bb7419f56bd24fc75,DI
0311新ModelSet.cmodel,proj_2860f72d,IO module_2,61da5897bf6945b5976a4dcbad349e11,DO_5,c5ad98839bbb46c2865f161c7f56255d,DO,Do_B5,93412cc6519545e88cd83de1cf268695,DI_1,6f6ca4b4badb473393e80368e257200b,DI
0311新ModelSet.cmodel,proj_2860f72d,IO module_2,61da5897bf6945b5976a4dcbad349e11,DO_6,0cb1bc67c3884087935b06bf07f234b9,DO,Do_B6,2c40d24516b4477397dfb55d9070c410,DI_1,ef40ff4b74c748e18e19d213e0bbfd6a,DI
ModelSet(4).cmodel,proj_81cb2239,driver-left,82bd967322c54e888ef9aaf9752aded0,CAN_1,98fc774977934e07901ec799b7bffdaa,CAN,MainController,30ce17ed495f40a6b90d85158c1d6f08,CAN_2,2ea0552b5a294d0e9945bec1137530ea,CAN
ModelSet(4).cmodel,proj_81cb2239,driver-left,82bd967322c54e888ef9aaf9752aded0,LINE_1,8dd9d94bb87c4b578c653b4edc461c97,LINE,motor-left,13e6b0ff93bc49e2a89a214744cae88b,LINE_1,a04a03ca08d945cb8d01e2af8214e097,LINE
ModelSet(4).cmodel,proj_81cb2239,driver-left,82bd967322c54e888ef9aaf9752aded0,ENCR_1,322245d559a54878a3dc6e305d4dfca7,ENCR,motor-left,13e6b0ff93bc49e2a89a214744cae88b,ENCR_1,1a181dc1be834800b49c0873ffe4c7a7,ENCR
ModelSet(4).cmodel,proj_81cb2239,driver-right,c42343264c884ff2a0ca3fee8fc81997,CAN_1,1b34489764f14cb29d94b43d7157132a,CAN,MainController,30ce17ed495f40a6b90d85158c1d6f08,CAN_2,2ea0552b5a294d0e9945bec1137530ea,CAN
ModelSet(4).cmodel,proj_81cb2239,driver-right,c42343264c884ff2a0ca3fee8fc81997,LINE_1,47c1cac505c9455ca8fb712c095798d0,LINE,motor-right,639dde0162a3442489651066aaf9cdc7,LINE_1,c8e329d1f55c4146952c13724d31dcb0,LINE
ModelSet(4).cmodel,proj_81cb2239,driver-right,c42343264c884ff2a0ca3fee8fc81997,ENCR_1,1667de5c5b1e426db53afb3e419fb006,ENCR,motor-right,639dde0162a3442489651066aaf9cdc7,ENCR_1,464a96a51d25407a91f2c961b30d9412,ENCR
ModelSet(4).cmodel,proj_81cb2239,driver-lift,baa1c9403ec24ad4924283322ff4af95,CAN_1,ca2f4db3796447d0ab8f0f620095bd77,CAN,MainController,30ce17ed495f40a6b90d85158c1d6f08,CAN_2,2ea0552b5a294d0e9945bec1137530ea,CAN
ModelSet(4).cmodel,proj_81cb2239,driver-lift,baa1c9403ec24ad4924283322ff4af95,LINE_1,3b957ea46b27441c80e0112123e2bc36,LINE,motor-lift,2dce6a0eb00c48ad9e16b1ab111a5de1,LINE_1,404c201670604c8c91da332f683e4598,LINE
ModelSet(4).cmodel,proj_81cb2239,driver-lift,baa1c9403ec24ad4924283322ff4af95,ENCR_1,71159e54ffe743fda65a868fca9ee1ca,ENCR,motor-lift,2dce6a0eb00c48ad9e16b1ab111a5de1,ENCR_1,6c4b0e925ddb4a2492a766f8dbc44ca0,ENCR
ModelSet(4).cmodel,proj_81cb2239,button-emc,82c4bc5d93dd40bfafc57e81773a6173,DO_1,f916b38c40384d2f87e3d112f8b89364,DO,IO module,07719f03c3634193aed300c01012bff3,DI_1,96ae90e3139e49fcbd2e19f46077159f,DI
ModelSet(4).cmodel,proj_81cb2239,lamp,d2001a74c8b14cc8a6d67c8c4dca15c3,DI_1,f1cb8e9d1b55441fbad461ea95c7addb,DI,IO module,07719f03c3634193aed300c01012bff3,DO_1,749fe2b61a9c412db8b9110c0b1565c8,DO
ModelSet(4).cmodel,proj_81cb2239,lamp,d2001a74c8b14cc8a6d67c8c4dca15c3,DI_2,b249fb92ed564a96bd8bc3047cbb29e5,DI,IO module,07719f03c3634193aed300c01012bff3,DO_2,028817e7eb5848069b3b179c16c966c8,DO
ModelSet(4).cmodel,proj_81cb2239,lamp,d2001a74c8b14cc8a6d67c8c4dca15c3,DI_3,3ecc311d62ef4d9d86492b837a28d392,DI,IO module,07719f03c3634193aed300c01012bff3,DO_3,e0b750687eed407f8f3a8410186b38de,DO
ModelSet(4).cmodel,proj_81cb2239,charger,b55630cb09d44f65ad482e9202714f1b,DI_1,f1196b3c6b4a4f799178668e4c6bc536,DI,IO module,07719f03c3634193aed300c01012bff3,DO_4,567fb65b09a544e4a6064f8861ae6962,DO
ModelSet(4).cmodel,proj_81cb2239,MainController,30ce17ed495f40a6b90d85158c1d6f08,CAN_3,1b899f8c4907479490c373180475bda3,CAN,IO module,07719f03c3634193aed300c01012bff3,CAN_1,643edc5a6bcd4ec693ca70c48303c0e6,CAN
ModelSet(4).cmodel,proj_81cb2239,MainController,30ce17ed495f40a6b90d85158c1d6f08,ETH_1,1df5209ef25d410a913824a04fbf1c3d,ETH,MainController,30ce17ed495f40a6b90d85158c1d6f08,ETH_1,1df5209ef25d410a913824a04fbf1c3d,ETH
ModelSet(4).cmodel,proj_81cb2239,MainController,30ce17ed495f40a6b90d85158c1d6f08,ETH_1,1df5209ef25d410a913824a04fbf1c3d,ETH,MainController,30ce17ed495f40a6b90d85158c1d6f08,ETH_2,5f05424e8d8c4a9a979a821d85e58248,ETH
ModelSet(4).cmodel,proj_81cb2239,MainController,30ce17ed495f40a6b90d85158c1d6f08,ETH_1,1df5209ef25d410a913824a04fbf1c3d,ETH,MainController,30ce17ed495f40a6b90d85158c1d6f08,ETH_3,f8174a537b9843dabfd0619be5bd2f11,ETH
ModelSet(4).cmodel,proj_81cb2239,MainController,30ce17ed495f40a6b90d85158c1d6f08,ETH_1,1df5209ef25d410a913824a04fbf1c3d,ETH,smart camera,349a2134e3494755a776854914f78c83,ETH_1,86b04af5fa9944819a700cfdcaa8aed9,ETH
ModelSet(4).cmodel,proj_81cb2239,MainController,30ce17ed495f40a6b90d85158c1d6f08,ETH_1,1df5209ef25d410a913824a04fbf1c3d,ETH,laser-front,820decb04dd74f6480b7b9e6c8a2f7d8,ETH_1,28d197cffaff4f61b438bea3c487856d,ETH
ModelSet(4).cmodel,proj_81cb2239,IO module,07719f03c3634193aed300c01012bff3,DI_2,3848b724a8b84ca9800a3256b3cc6a88,DI,up_sensor,10378967b42a4ada8e75a169fe889640,DO_1,0ab63bab7596487cafc28950a743141b,DO
ModelSet(4).cmodel,proj_81cb2239,IO module,07719f03c3634193aed300c01012bff3,DI_3,619f6a413586418a8f4f92948449710b,DI,down_sensor,909081438e264cfe91186a238b0ba5ef,DO_1,12587bbe00134085a636b6ec8539ef86,DO
20260316.cmodel,proj_ffb3b53d,walk-motor,c99f14197a1a4b96ba19e8ce014f02cd,LINE_1,b539e863807749828e4a477ffeded075,LINE,ZAPI DRIVER,7036167b73674c44a0c1051cc119de0e,LINE_1,e6aff16acf02436083667c9353f773b3,LINE
20260316.cmodel,proj_ffb3b53d,steer-motor,18acf723445c4a67b4c275be56dae497,LINE_1,340d3306a38b49998b1329bcfa221c0a,LINE,kinco steer driver,ec8782d2d2034a79aef255ebe50dc646,LINE_1,c3575db5c1cd4827b664146330cd1684,LINE
20260316.cmodel,proj_ffb3b53d,steer-motor,18acf723445c4a67b4c275be56dae497,ENCR_1,91725272012a43f2958c6d47bc133fdc,ENCR,kinco steer driver,ec8782d2d2034a79aef255ebe50dc646,ENCR_1,89f6aca03d5244ff9580a8e06edb769f,ENCR
20260316.cmodel,proj_ffb3b53d,MainController,354410b3fb8d4f92b236c6934930e4df,CAN_2,b7706ac95d0d4aad9ca7b94680dfa652,CAN,kinco steer driver,ec8782d2d2034a79aef255ebe50dc646,CAN_1,c5c980329bc54be9ace336696b7c0c03,CAN
20260316.cmodel,proj_ffb3b53d,MainController,354410b3fb8d4f92b236c6934930e4df,CAN_2,b7706ac95d0d4aad9ca7b94680dfa652,CAN,ZAPI DRIVER,7036167b73674c44a0c1051cc119de0e,CAN_1,1f9512d522584735b50956708e7a84e4,CAN
20260316.cmodel,proj_ffb3b53d,MainController,354410b3fb8d4f92b236c6934930e4df,CAN_2,b7706ac95d0d4aad9ca7b94680dfa652,CAN,TofiEncoder,fc09180abcf64fd0a0ec5f7ab6837403,CAN_1,ce77da08d4fa4be887ec024abf5b1440,CAN
20260316.cmodel,proj_ffb3b53d,MainController,354410b3fb8d4f92b236c6934930e4df,CAN_3,645cb8a270de4ec0963f1271d0579ad9,CAN,IO module,a7ae59e9a9634e9a8aff4b8fdf6de98b,CAN_1,87443755f6c34b6db04dc9a5242e93f8,CAN
20260316.cmodel,proj_ffb3b53d,MainController,354410b3fb8d4f92b236c6934930e4df,ETH_1,70710dee4969400081dae10016c8f3bd,ETH,MainController,354410b3fb8d4f92b236c6934930e4df,ETH_1,70710dee4969400081dae10016c8f3bd,ETH
20260316.cmodel,proj_ffb3b53d,MainController,354410b3fb8d4f92b236c6934930e4df,ETH_1,70710dee4969400081dae10016c8f3bd,ETH,MainController,354410b3fb8d4f92b236c6934930e4df,ETH_2,63988ca24e9e4693a00938942ab66505,ETH
20260316.cmodel,proj_ffb3b53d,MainController,354410b3fb8d4f92b236c6934930e4df,ETH_1,70710dee4969400081dae10016c8f3bd,ETH,laser1,95a6634451094c84ac304d859d4378be,ETH_1,8bab7b24f3b94c87beb3b68d98f0d897,ETH
20260316.cmodel,proj_ffb3b53d,MainController,354410b3fb8d4f92b236c6934930e4df,ETH_3,1cdbda5cd3ee46ebbc0643159177183c,ETH,laser,b3d1c692f20d4e44981f34fb990f490a,ETH_1,84fbb35ab69b4a819cbfad0c54b2d68b,ETH
20260316.cmodel,proj_ffb3b53d,MainController,354410b3fb8d4f92b236c6934930e4df,ETH_3,1cdbda5cd3ee46ebbc0643159177183c,ETH,laser0,35167f88b00d4b08aa92bda9808e7efe,ETH_1,30eb9485d9ed4109a3f97bb4cdd66123,ETH
20260316.cmodel,proj_ffb3b53d,IO module,a7ae59e9a9634e9a8aff4b8fdf6de98b,DI_1,d9703b6afb8d4c40805d083036e03f27,DI,button,c66a3fb788fa42c9a91e7d3580a98cdd,DO_1,a2dadc9cd3ba4610b95b52b28a6cb19e,DO
20260316.cmodel,proj_ffb3b53d,ZAPI DRIVER,7036167b73674c44a0c1051cc119de0e,LINE_2,78aa2fcbe4634e619afc759e96a3dc0f,LINE,lift_motor_bdc,1b9255adcd09409bb21f6786fe4e3094,LINE_1,10c3dbd499e04d579bf6ca1b3b5b46fc,LINE
ModelSet_new_3_27.cmodel,proj_54fab3a2,driver-left,82bd967322c54e888ef9aaf9752aded0,CAN_1,98fc774977934e07901ec799b7bffdaa,CAN,MainController,30ce17ed495f40a6b90d85158c1d6f08,CAN_2,2ea0552b5a294d0e9945bec1137530ea,CAN
ModelSet_new_3_27.cmodel,proj_54fab3a2,driver-left,82bd967322c54e888ef9aaf9752aded0,LINE_1,8dd9d94bb87c4b578c653b4edc461c97,LINE,motor-left,13e6b0ff93bc49e2a89a214744cae88b,LINE_1,a04a03ca08d945cb8d01e2af8214e097,LINE
ModelSet_new_3_27.cmodel,proj_54fab3a2,driver-left,82bd967322c54e888ef9aaf9752aded0,ENCR_1,322245d559a54878a3dc6e305d4dfca7,ENCR,motor-left,13e6b0ff93bc49e2a89a214744cae88b,ENCR_1,1a181dc1be834800b49c0873ffe4c7a7,ENCR
ModelSet_new_3_27.cmodel,proj_54fab3a2,driver-right,c42343264c884ff2a0ca3fee8fc81997,CAN_1,1b34489764f14cb29d94b43d7157132a,CAN,MainController,30ce17ed495f40a6b90d85158c1d6f08,CAN_2,2ea0552b5a294d0e9945bec1137530ea,CAN
ModelSet_new_3_27.cmodel,proj_54fab3a2,driver-right,c42343264c884ff2a0ca3fee8fc81997,LINE_1,47c1cac505c9455ca8fb712c095798d0,LINE,motor-right,639dde0162a3442489651066aaf9cdc7,LINE_1,c8e329d1f55c4146952c13724d31dcb0,LINE
ModelSet_new_3_27.cmodel,proj_54fab3a2,driver-right,c42343264c884ff2a0ca3fee8fc81997,ENCR_1,1667de5c5b1e426db53afb3e419fb006,ENCR,motor-right,639dde0162a3442489651066aaf9cdc7,ENCR_1,464a96a51d25407a91f2c961b30d9412,ENCR
ModelSet_new_3_27.cmodel,proj_54fab3a2,driver-lift,baa1c9403ec24ad4924283322ff4af95,CAN_1,ca2f4db3796447d0ab8f0f620095bd77,CAN,MainController,30ce17ed495f40a6b90d85158c1d6f08,CAN_2,2ea0552b5a294d0e9945bec1137530ea,CAN
ModelSet_new_3_27.cmodel,proj_54fab3a2,driver-lift,baa1c9403ec24ad4924283322ff4af95,LINE_1,3b957ea46b27441c80e0112123e2bc36,LINE,motor-lift,2dce6a0eb00c48ad9e16b1ab111a5de1,LINE_1,404c201670604c8c91da332f683e4598,LINE
ModelSet_new_3_27.cmodel,proj_54fab3a2,driver-lift,baa1c9403ec24ad4924283322ff4af95,ENCR_1,71159e54ffe743fda65a868fca9ee1ca,ENCR,motor-lift,2dce6a0eb00c48ad9e16b1ab111a5de1,ENCR_1,6c4b0e925ddb4a2492a766f8dbc44ca0,ENCR
ModelSet_new_3_27.cmodel,proj_54fab3a2,button-emc,82c4bc5d93dd40bfafc57e81773a6173,DO_1,f916b38c40384d2f87e3d112f8b89364,DO,IO module,07719f03c3634193aed300c01012bff3,DI_3,619f6a413586418a8f4f92948449710b,DI
ModelSet_new_3_27.cmodel,proj_54fab3a2,lamp,d2001a74c8b14cc8a6d67c8c4dca15c3,DI_1,f1cb8e9d1b55441fbad461ea95c7addb,DI,IO module,07719f03c3634193aed300c01012bff3,DO_2,028817e7eb5848069b3b179c16c966c8,DO
ModelSet_new_3_27.cmodel,proj_54fab3a2,lamp,d2001a74c8b14cc8a6d67c8c4dca15c3,DI_2,b249fb92ed564a96bd8bc3047cbb29e5,DI,IO module,07719f03c3634193aed300c01012bff3,DO_1,749fe2b61a9c412db8b9110c0b1565c8,DO
ModelSet_new_3_27.cmodel,proj_54fab3a2,lamp,d2001a74c8b14cc8a6d67c8c4dca15c3,DI_3,3ecc311d62ef4d9d86492b837a28d392,DI,IO module,07719f03c3634193aed300c01012bff3,DO_3,e0b750687eed407f8f3a8410186b38de,DO
ModelSet_new_3_27.cmodel,proj_54fab3a2,charger,b55630cb09d44f65ad482e9202714f1b,DI_1,f1196b3c6b4a4f799178668e4c6bc536,DI,IO module,07719f03c3634193aed300c01012bff3,DO_4,567fb65b09a544e4a6064f8861ae6962,DO
ModelSet_new_3_27.cmodel,proj_54fab3a2,MainController,30ce17ed495f40a6b90d85158c1d6f08,RS485_1,c23c492ebcdd40a494ed18d76acf1de2,RS485,battery,7a4b80fe4af74d1ba1eaaa4c15bf44fa,RS485_1,3d480bc988254b778a05e55e76af725a,RS485
ModelSet_new_3_27.cmodel,proj_54fab3a2,MainController,30ce17ed495f40a6b90d85158c1d6f08,CAN_3,1b899f8c4907479490c373180475bda3,CAN,IO module,07719f03c3634193aed300c01012bff3,CAN_1,643edc5a6bcd4ec693ca70c48303c0e6,CAN
ModelSet_new_3_27.cmodel,proj_54fab3a2,MainController,30ce17ed495f40a6b90d85158c1d6f08,ETH_1,1df5209ef25d410a913824a04fbf1c3d,ETH,MainController,30ce17ed495f40a6b90d85158c1d6f08,ETH_1,1df5209ef25d410a913824a04fbf1c3d,ETH
ModelSet_new_3_27.cmodel,proj_54fab3a2,MainController,30ce17ed495f40a6b90d85158c1d6f08,ETH_1,1df5209ef25d410a913824a04fbf1c3d,ETH,MainController,30ce17ed495f40a6b90d85158c1d6f08,ETH_2,5f05424e8d8c4a9a979a821d85e58248,ETH
ModelSet_new_3_27.cmodel,proj_54fab3a2,MainController,30ce17ed495f40a6b90d85158c1d6f08,ETH_1,1df5209ef25d410a913824a04fbf1c3d,ETH,MainController,30ce17ed495f40a6b90d85158c1d6f08,ETH_3,f8174a537b9843dabfd0619be5bd2f11,ETH
ModelSet_new_3_27.cmodel,proj_54fab3a2,MainController,30ce17ed495f40a6b90d85158c1d6f08,ETH_1,1df5209ef25d410a913824a04fbf1c3d,ETH,smart camera,349a2134e3494755a776854914f78c83,ETH_1,86b04af5fa9944819a700cfdcaa8aed9,ETH
ModelSet_new_3_27.cmodel,proj_54fab3a2,MainController,30ce17ed495f40a6b90d85158c1d6f08,ETH_1,1df5209ef25d410a913824a04fbf1c3d,ETH,laser-front,820decb04dd74f6480b7b9e6c8a2f7d8,ETH_1,28d197cffaff4f61b438bea3c487856d,ETH
ModelSet_new_3_27.cmodel,proj_54fab3a2,IO module,07719f03c3634193aed300c01012bff3,DI_1,96ae90e3139e49fcbd2e19f46077159f,DI,up_sensor,1e34edb55c0a4d71bbb82da2447d8feb,DO_1,5da74620b5da448f8a9ab48497b2b6cf,DO
ModelSet_new_3_27.cmodel,proj_54fab3a2,IO module,07719f03c3634193aed300c01012bff3,DI_2,3848b724a8b84ca9800a3256b3cc6a88,DI,down_sensor,78a4e96e6a704989b204fc671a1c9973,DO_1,42b6eeb6388d454fa30b28738eb7e69e,DO
0308新款307302440.cmodel,proj_a0067ce5,motor_right,73d95d1e1aa34e709fd47bcbf80ee3a9,ENCR_1,95925ca107384b1685ed7eaa5d2aac87,ENCR,driver_right,b54cac31887b432180bddd186026a19e,ENCR_1,5b51bf389d2343bfa7c447ff89e4c583,ENCR
0308新款307302440.cmodel,proj_a0067ce5,motor_right,73d95d1e1aa34e709fd47bcbf80ee3a9,LINE_1,2279682014b643848c6bdad1fc091b33,LINE,driver_right,b54cac31887b432180bddd186026a19e,LINE_1,c9e303ecc6bf4eb7bfe715d77b4b3bb2,LINE
0308新款307302440.cmodel,proj_a0067ce5,motor_left,06f72073f0134ad5b7c692ad7d1a25df,ENCR_1,8eb303c96dc4461dbbfdfc09f4d60509,ENCR,driver_left,37e3a7faf027483e9640947b18039c9f,ENCR_1,28552fe254694169b4dd115917a25852,ENCR
0308新款307302440.cmodel,proj_a0067ce5,motor_left,06f72073f0134ad5b7c692ad7d1a25df,LINE_1,ced413ff45ae4dc39709c4c03a08188f,LINE,driver_left,37e3a7faf027483e9640947b18039c9f,LINE_1,c458a14a2b694e0081e8ae6eae014c91,LINE
0308新款307302440.cmodel,proj_a0067ce5,driver_right,b54cac31887b432180bddd186026a19e,CAN_1,6bb35a01776e40b381c79de33e0f2ffd,CAN,MainController,5698c56e9f3140f7966114b707e5083c,CAN_2,d13fc0cfefec46b6ac7e1020fd7d89aa,CAN
0308新款307302440.cmodel,proj_a0067ce5,driver_left,37e3a7faf027483e9640947b18039c9f,CAN_1,9cf045b6b2f84f88966c0a780abadc0f,CAN,MainController,5698c56e9f3140f7966114b707e5083c,CAN_2,d13fc0cfefec46b6ac7e1020fd7d89aa,CAN
0308新款307302440.cmodel,proj_a0067ce5,driver_lift,c9b49c0591554aa1ab6378ee9c110cb7,CAN_1,514d3fd84f6442f5adf959b2551d3b41,CAN,MainController,5698c56e9f3140f7966114b707e5083c,CAN_2,d13fc0cfefec46b6ac7e1020fd7d89aa,CAN
0308新款307302440.cmodel,proj_a0067ce5,driver_lift,c9b49c0591554aa1ab6378ee9c110cb7,DO_1,e92c29acd94d45d2b1bf14af059c88fc,DO,motor_lift,ae6fd990b9ee4bd5ba8deca2273466c4,DI_1,5ef1664b6015441d84f7c17acf1fa582,DI
0308新款307302440.cmodel,proj_a0067ce5,driver_lift,c9b49c0591554aa1ab6378ee9c110cb7,DI_6,0d9855041d5b477db58d88235df66e7d,DI,proximitySensor_lift,aa49cf59439a4a53994bad7405f958c2,DO_1,adb9640f42e54b8c8e5ebdcbe64a0cad,DO
0308新款307302440.cmodel,proj_a0067ce5,driver_lift,c9b49c0591554aa1ab6378ee9c110cb7,LINE_1,fbc972c4d4754ea8ad330561055c6160,LINE,motor_lift,ae6fd990b9ee4bd5ba8deca2273466c4,LINE_1,01004313c4e84330a1dd06cb3025c1c3,LINE
0308新款307302440.cmodel,proj_a0067ce5,driver_lift,c9b49c0591554aa1ab6378ee9c110cb7,ENCR_1,16d865a570f4439b825fa6ded7c4a8d0,ENCR,motor_lift,ae6fd990b9ee4bd5ba8deca2273466c4,ENCR_1,aa43c77fb7cf45019f14fe6ad90e8119,ENCR
0308新款307302440.cmodel,proj_a0067ce5,driver_rotate,7ee6eb9a0f9c45e99bb1485953857d27,CAN_1,434d7245d16c4786bbde67ace734498b,CAN,MainController,5698c56e9f3140f7966114b707e5083c,CAN_2,d13fc0cfefec46b6ac7e1020fd7d89aa,CAN
0308新款307302440.cmodel,proj_a0067ce5,driver_rotate,7ee6eb9a0f9c45e99bb1485953857d27,DI_5,2fc11d1dd58c425d8f64aede085e45b9,DI,proximitySensor_rotate,677bae8ba52749799fec770d4fe8fea1,DO_1,d6e0cc10d3144d0db25257adaa9da380,DO
0308新款307302440.cmodel,proj_a0067ce5,driver_rotate,7ee6eb9a0f9c45e99bb1485953857d27,LINE_1,31ff5147888245c78fce94ca173ee629,LINE,motor_rotate,ebb6b9c4d0b7492eab6a4465571a8d93,LINE_1,96dcfe6d4e1e47a68c30d577d702fe92,LINE
0308新款307302440.cmodel,proj_a0067ce5,driver_rotate,7ee6eb9a0f9c45e99bb1485953857d27,ENCR_1,89e4c00c0fad4c4394a0adface4c7fa6,ENCR,motor_rotate,ebb6b9c4d0b7492eab6a4465571a8d93,ENCR_1,8a478add16c744dcab461e1f8155d629,ENCR
0308新款307302440.cmodel,proj_a0067ce5,slaveController,4fe7b9296202450392ec3bacbdb56e1d,CAN_1,0b08704149e64d9e93aabc5f4b09e548,CAN,MainController,5698c56e9f3140f7966114b707e5083c,CAN_3,bf3d2a8126694b019ae1ad7bbe13d200,CAN
0308新款307302440.cmodel,proj_a0067ce5,slaveController,4fe7b9296202450392ec3bacbdb56e1d,PZTB_1,258e54069910499d9cf5d3a8c829e176,PZTB,collision_front,64a445621fa7491581692e1f911f1887,PZTB_1,4f1a51e64e374d93b4dd4ce4c5662cd6,PZTB
0308新款307302440.cmodel,proj_a0067ce5,safety_slaveController,9e9bb8ee0f2e4d4abb2b57c4078ae1c2,CAN_1,09d9f2d533ce4616b1f2e3c10b379c65,CAN,MainController,5698c56e9f3140f7966114b707e5083c,CAN_3,bf3d2a8126694b019ae1ad7bbe13d200,CAN
0308新款307302440.cmodel,proj_a0067ce5,safety_slaveController,9e9bb8ee0f2e4d4abb2b57c4078ae1c2,DO_1,7dae1ea5cd38476fa1a60382daea20e9,DO,lamp_SS,b08d677d084844c0b7e21abcc398440d,DI_1,94b7186d4ce24da2a1d877432d2ccf9e,DI
0308新款307302440.cmodel,proj_a0067ce5,safety_slaveController,9e9bb8ee0f2e4d4abb2b57c4078ae1c2,DO_2,3d2fd654e84d4da3adbc69f3eefa9651,DO,lamp_mode,b7480cbf4a1c4b97817d8c1bd1352ac5,DI_1,9d634221f5074529ab9ea326742065da,DI
0308新款307302440.cmodel,proj_a0067ce5,safety_slaveController,9e9bb8ee0f2e4d4abb2b57c4078ae1c2,DO_3,d56fdce637cb410ca48e45ceefe2db30,DO,lamp_left,8bb8d2d018574c46bcce797cbe579e2f,DI_2,baffef59d5df40c7b631b62c6845330e,DI
0308新款307302440.cmodel,proj_a0067ce5,safety_slaveController,9e9bb8ee0f2e4d4abb2b57c4078ae1c2,DO_4,e2b3bb1c03404cadbcc60af6b515a424,DO,lamp_left,8bb8d2d018574c46bcce797cbe579e2f,DI_1,6c824a9657b24bb4aaa1cfd40845397a,DI
0308新款307302440.cmodel,proj_a0067ce5,safety_slaveController,9e9bb8ee0f2e4d4abb2b57c4078ae1c2,DO_5,aa884699573749559bd2ed6c9d629315,DO,lamp_left,8bb8d2d018574c46bcce797cbe579e2f,DI_3,77485fb518414db99b86610ba5c0002f,DI
0308新款307302440.cmodel,proj_a0067ce5,safety_slaveController,9e9bb8ee0f2e4d4abb2b57c4078ae1c2,DO_6,52c7d1689c2142028382500cbb6fb16b,DO,lamp_right,f56d5d122b084327801f7b5da6261234,DI_2,cbb76427d394474fbc4bcfad47971f21,DI
0308新款307302440.cmodel,proj_a0067ce5,safety_slaveController,9e9bb8ee0f2e4d4abb2b57c4078ae1c2,DO_7,b9b12c6245c946f092fe172e9bfe3760,DO,lamp_right,f56d5d122b084327801f7b5da6261234,DI_1,f16ed9b2cec14bd7a7482a2e9fb8744a,DI
0308新款307302440.cmodel,proj_a0067ce5,safety_slaveController,9e9bb8ee0f2e4d4abb2b57c4078ae1c2,DO_8,d8bc09cdd63d4e4eb1dc049634ad75a0,DO,lamp_right,f56d5d122b084327801f7b5da6261234,DI_3,af1c8842909540b39959cfb09b141a7f,DI
0308新款307302440.cmodel,proj_a0067ce5,safety_slaveController,9e9bb8ee0f2e4d4abb2b57c4078ae1c2,DO_9,998d12040fe24130b5295f245b54b0ea,DO,warninglight,c95a35badc344b2e8dad9b11451528e0,DI_1,303a1fabe4a3423084da57d4142be5ef,DI
0308新款307302440.cmodel,proj_a0067ce5,safety_slaveController,9e9bb8ee0f2e4d4abb2b57c4078ae1c2,DI_11,b99e92c24ff84be5b60554b979785631,DI,button_SS,85c6f337fed24484b4ead509f61bcdf4,DO_1,7e20cf76e00c4620a5f320f3ae7c949b,DO
0308新款307302440.cmodel,proj_a0067ce5,safety_slaveController,9e9bb8ee0f2e4d4abb2b57c4078ae1c2,DI_3,5f021d94d53f49aea7298b983a896246,DI,button_mode,2d58c8d88ec44103b2628b7536cfc3ed,DO_1,56bfa88d74de40a58440eb2b52f83971,DO
0308新款307302440.cmodel,proj_a0067ce5,safety_slaveController,9e9bb8ee0f2e4d4abb2b57c4078ae1c2,DI_5,207a0a47304a46cca688e8f33bc90899,DI,button_stop_front,a65664f3739a4e26873b43158fd8c8e4,DO_1,7c62780930074b039c9984ce7e6b1d47,DO
0308新款307302440.cmodel,proj_a0067ce5,safety_slaveController,9e9bb8ee0f2e4d4abb2b57c4078ae1c2,DI_7,05e65e01925e4004a8f7af43c9354734,DI,button_stop_back,be5ef383b2f7430c8fa558237ebe434e,DO_1,0286a8c138a8428e9009a9a356613512,DO
0308新款307302440.cmodel,proj_a0067ce5,safety_slaveController,9e9bb8ee0f2e4d4abb2b57c4078ae1c2,DI_9,39a592651cd44a989f16151aaa9e5dee,DI,button-RST,07b6abec532c4da787b0b990422d1831,DO_1,98e88a274780431a8daee5c5e05c0e1e,DO
0308新款307302440.cmodel,proj_a0067ce5,safety_slaveController,9e9bb8ee0f2e4d4abb2b57c4078ae1c2,PZTB_1,85b08b9ecf5946a4a6b33a0a65d4c3fe,PZTB,collision_back,ffec8503c37a4a93848624179c3f2ad9,PZTB_1,5e57430f67ea4dd5a899175348ba3670,PZTB
0308新款307302440.cmodel,proj_a0067ce5,powerController,c2472a93844c440ca6046aef58ab5958,CAN_1,277af0eaecd94b8683c45844265d6a45,CAN,MainController,5698c56e9f3140f7966114b707e5083c,CAN_1,3ae6775b70dd482a80da799e3932a424,CAN
0308新款307302440.cmodel,proj_a0067ce5,powerController,c2472a93844c440ca6046aef58ab5958,RS485_1,16db4bd9f53d410cb31f3622fc5f0b41,RS485,battery,cb9b6e9d86574181bb91afaa13a9bd72,RS485_1,fb9b0f9e90b045faa5f0a6711a9491ea,RS485
0308新款307302440.cmodel,proj_a0067ce5,gyro0,bab5387b1f1a4913b1a275e2bd670651,CAN_1,0c4f10b5845a4c2c85506ffb2ff14d5f,CAN,MainController,5698c56e9f3140f7966114b707e5083c,CAN_1,3ae6775b70dd482a80da799e3932a424,CAN
0308新款307302440.cmodel,proj_a0067ce5,laser_back,485c9cebfff743f889741d0fd124cb32,ETH_1,fb8af1b73cc04798a49d9995b659f873,ETH,MainController,5698c56e9f3140f7966114b707e5083c,ETH_3,d4fd2e05cf3f46139525727ce0e96723,ETH
0308新款307302440.cmodel,proj_a0067ce5,laser_front,13d8f1248dd24f0ba8fd2191cd697f7b,ETH_1,77834c289c614ea79e53b1fb05ef79db,ETH,MainController,5698c56e9f3140f7966114b707e5083c,ETH_3,d4fd2e05cf3f46139525727ce0e96723,ETH
0308新款307302440.cmodel,proj_a0067ce5,stereo camera,03f161d77e0d42649adc8c49168883cb,USB_1,7602537fa0774ccb966143eb02d5dd19,USB,MainController,5698c56e9f3140f7966114b707e5083c,USB_1,58ef811f9615425d8a1232299647c674,USB
0308新款307302440.cmodel,proj_a0067ce5,5G module,3210e91229554aad90163224ba48edbc,ETH_1,654763b7a360442ab57a21524481a3f7,ETH,MainController,5698c56e9f3140f7966114b707e5083c,ETH_3,d4fd2e05cf3f46139525727ce0e96723,ETH
0308新款307302440.cmodel,proj_a0067ce5,speaker,51c15b36a59b41e7bf2f98ee6f63db8d,SPK_1,1d594ca59b544bc79b1b8eda22a9a491,SPK,MainController,5698c56e9f3140f7966114b707e5083c,SPK_1,d4dd687d8bff40c2bab8dfd8ee7b4597,SPK
0308新款307302440.cmodel,proj_a0067ce5,screen,db8ce6ab808a4d01a37e3ee768f99d86,RS485_1,22cc715fd66e43fabeaca57d48bfb34f,RS485,MainController,5698c56e9f3140f7966114b707e5083c,RS485_1,1a70012195694cd39e422022b8de8a64,RS485
0308新款307302440.cmodel,proj_a0067ce5,MainController,5698c56e9f3140f7966114b707e5083c,ETH_1,44a91fce9c4f4ddea38225e026b618cf,ETH,MainController,5698c56e9f3140f7966114b707e5083c,ETH_1,44a91fce9c4f4ddea38225e026b618cf,ETH
0308新款307302440.cmodel,proj_a0067ce5,MainController,5698c56e9f3140f7966114b707e5083c,ETH_1,44a91fce9c4f4ddea38225e026b618cf,ETH,MainController,5698c56e9f3140f7966114b707e5083c,ETH_2,69684a680bf7407d80ccca82397f33bd,ETH
0308新款307302440.cmodel,proj_a0067ce5,MainController,5698c56e9f3140f7966114b707e5083c,ETH_1,44a91fce9c4f4ddea38225e026b618cf,ETH,MainController,5698c56e9f3140f7966114b707e5083c,ETH_3,d4fd2e05cf3f46139525727ce0e96723,ETH
0309 第一款车模型ModelSet.cmodel,proj_0d1cc4d4,speaker,a1aebca205f94198b1dceb22248b0e4f,SPK_1,501023d9b9d14f19ae28b762fce79877,SPK,MainController,ee5c479ed705431c8b89af690ca97134,SPK_1,b90050aace7040b685bd28a3e0f52fc0,SPK
0309 第一款车模型ModelSet.cmodel,proj_0d1cc4d4,laser,30c06fe426384cc8abe61d7743a5073a,ETH_1,8bd3cb3ab4df46948a2f2c5f5e6d2d07,ETH,MainController,ee5c479ed705431c8b89af690ca97134,ETH_1,36bb49a95fc74d07ad678c733bd1b5e0,ETH
0309 第一款车模型ModelSet.cmodel,proj_0d1cc4d4,slaveController,0aed2f639cd948d7a90914c4f2a3bbbf,CAN_1,b5eb667b52f84f0794184a307c274133,CAN,MainController,ee5c479ed705431c8b89af690ca97134,CAN_3,a55fa443da3a462498db7f73d044aaae,CAN
0309 第一款车模型ModelSet.cmodel,proj_0d1cc4d4,slaveController,0aed2f639cd948d7a90914c4f2a3bbbf,PZTB_1,d60f19bb9e1a4c16b831e9d2c646f008,PZTB,collision,f3e7de6520d44ec097185b9b3e410032,PZTB_1,d9fc8fd6671e41269e45bc97b70bcd23,PZTB
0309 第一款车模型ModelSet.cmodel,proj_0d1cc4d4,safety_slaveController,e7ca7319c1874f4f92c7e7c0fb271a95,CAN_1,6cc937e82f78495e81354be4809edce8,CAN,MainController,ee5c479ed705431c8b89af690ca97134,CAN_3,a55fa443da3a462498db7f73d044aaae,CAN
0309 第一款车模型ModelSet.cmodel,proj_0d1cc4d4,safety_slaveController,e7ca7319c1874f4f92c7e7c0fb271a95,DO_1,dc887390082846e9b6ddede8288bbf3d,DO,lamp_SS,bc9907844bc54e8f9fafc92d3141f6b1,DI_1,8334e5debbda4d0db0e58ee45c4112a5,DI
0309 第一款车模型ModelSet.cmodel,proj_0d1cc4d4,safety_slaveController,e7ca7319c1874f4f92c7e7c0fb271a95,DO_2,39cf16486b4748999192e999e4bc4990,DO,lamp_mode,0ebd339f5cc44716be4ddf2badaec7b3,DI_1,16ecea192628484ca5b782d6bfe0cb8a,DI
0309 第一款车模型ModelSet.cmodel,proj_0d1cc4d4,safety_slaveController,e7ca7319c1874f4f92c7e7c0fb271a95,DO_4,2405da4206c84c5ba052fcc3424a8670,DO,lamp_left,96958343cfb841a0a25f268f7d8057e9,DI_2,743b0a01894c4d6e8ca11c2f703e28a0,DI
0309 第一款车模型ModelSet.cmodel,proj_0d1cc4d4,safety_slaveController,e7ca7319c1874f4f92c7e7c0fb271a95,DO_5,849322d9069443d28594b1c6a04f59a1,DO,lamp_left,96958343cfb841a0a25f268f7d8057e9,DI_1,cd8db6150e3048c3aa65a3b3ff3a37cb,DI
0309 第一款车模型ModelSet.cmodel,proj_0d1cc4d4,safety_slaveController,e7ca7319c1874f4f92c7e7c0fb271a95,DO_6,5f8ea96e41af4fe493dc54c8b286cff4,DO,lamp_left,96958343cfb841a0a25f268f7d8057e9,DI_3,a9b64fe81061483fadc88d0632a5037f,DI
0309 第一款车模型ModelSet.cmodel,proj_0d1cc4d4,safety_slaveController,e7ca7319c1874f4f92c7e7c0fb271a95,DO_7,5efacb0de94c464ebde5e07d34f585b6,DO,lamp_right,d97e232cea6c436682330d52b49d5e14,DI_2,e69becbfc1e64cfbba813bcee09091c8,DI
0309 第一款车模型ModelSet.cmodel,proj_0d1cc4d4,safety_slaveController,e7ca7319c1874f4f92c7e7c0fb271a95,DO_8,fd5a9ef65aac4e37863bb5fe97b46535,DO,lamp_right,d97e232cea6c436682330d52b49d5e14,DI_1,abd5edbac42b4df88e0779a543e1e55c,DI
0309 第一款车模型ModelSet.cmodel,proj_0d1cc4d4,safety_slaveController,e7ca7319c1874f4f92c7e7c0fb271a95,DO_9,df9fee47f21a4f798eeade638c47b0e4,DO,lamp_right,d97e232cea6c436682330d52b49d5e14,DI_3,1a73708ccae047189bde32c764e31b3e,DI
0309 第一款车模型ModelSet.cmodel,proj_0d1cc4d4,safety_slaveController,e7ca7319c1874f4f92c7e7c0fb271a95,DI_1,ff5a8943a4814835b701e8653f865937,DI,button_stop,fa09c77d955742dd9be96b54cdf7bbe9,DO_1,50fdb8d711a44357a83879d5997988f3,DO
0309 第一款车模型ModelSet.cmodel,proj_0d1cc4d4,safety_slaveController,e7ca7319c1874f4f92c7e7c0fb271a95,DI_3,7c1939078f16428e8c0ea1381ad23f5a,DI,button_stop1,35efdf127e854ef5b5e94ba730cf5261,DO_1,b4e8ccbf23cc4ac6878e3a58f720b6d0,DO
0309 第一款车模型ModelSet.cmodel,proj_0d1cc4d4,safety_slaveController,e7ca7319c1874f4f92c7e7c0fb271a95,DI_5,47d687374d7e4219aae5540d55fbeb06,DI,button_RST,53209587c96b44589cf39a020fcd1485,DO_1,5f1f72c4f60440b68e125d5647e05ed1,DO
0309 第一款车模型ModelSet.cmodel,proj_0d1cc4d4,safety_slaveController,e7ca7319c1874f4f92c7e7c0fb271a95,DI_7,b059daf9b1b5445b866f7822e3f2f723,DI,button_MODE,b7cbe6e66d78415c8216c44a929fab1e,DO_1,ec63671824e24e588dc0c2157df9fb8e,DO
0309 第一款车模型ModelSet.cmodel,proj_0d1cc4d4,safety_slaveController,e7ca7319c1874f4f92c7e7c0fb271a95,DI_9,93459169d53f4ddd87b18079c83ef6cc,DI,button_SS,f0be9ceee0924621892863bb0782eb71,DO_1,330f8bd7feec480f803e6e5b85185dd3,DO
0309 第一款车模型ModelSet.cmodel,proj_0d1cc4d4,safety_slaveController,e7ca7319c1874f4f92c7e7c0fb271a95,PZTB_1,43c0370a5ec346edac30e4a8fc471376,PZTB,collision0,1a71ca2149c64f64b242616d1505ccdd,PZTB_1,de2d4e2d47ad48a387e3ff4030f366be,PZTB
0309 第一款车模型ModelSet.cmodel,proj_0d1cc4d4,driver_lift,ef619013553b4e359279c2b1a3ab643d,CAN_1,096e557887154df581dd2c83988ef3fd,CAN,MainController,ee5c479ed705431c8b89af690ca97134,CAN_2,9197ec7eb6fc47db90fc389682a92341,CAN
0309 第一款车模型ModelSet.cmodel,proj_0d1cc4d4,driver_lift,ef619013553b4e359279c2b1a3ab643d,DI_6,b21d209e9534456db6d909bc2ff1f23b,DI,proximitySensor_lift,d87e70b837a0492db14389747055e724,DO_1,24d78cb6872c45f1929591d4c52fbecb,DO
0309 第一款车模型ModelSet.cmodel,proj_0d1cc4d4,driver_lift,ef619013553b4e359279c2b1a3ab643d,ENCR_1,a0be98ac2f704c1eb1054ce076d130ef,ENCR,motor_lift,4751259ea1db482f968a5dda60dc07a2,ENCR_1,3679c4ff616d48b1906e3475019df044,ENCR
0309 第一款车模型ModelSet.cmodel,proj_0d1cc4d4,driver_lift,ef619013553b4e359279c2b1a3ab643d,LINE_1,5bbd3be4b6c94a25a6bca42815cd4788,LINE,motor_lift,4751259ea1db482f968a5dda60dc07a2,LINE_1,b1d5d6a939f14f53aefc2c855cc355a8,LINE
0309 第一款车模型ModelSet.cmodel,proj_0d1cc4d4,driver_rotate,ed273ff605ff4def9a6dfb24034e7a09,CAN_1,a2a3039da8bf4accba3282e91c8034fe,CAN,MainController,ee5c479ed705431c8b89af690ca97134,CAN_2,9197ec7eb6fc47db90fc389682a92341,CAN
0309 第一款车模型ModelSet.cmodel,proj_0d1cc4d4,driver_rotate,ed273ff605ff4def9a6dfb24034e7a09,DI_5,e6ceb3a0cf7c4d10bfdb335faee00895,DI,proximitySensor_rotate,c7ad6ca0e8fb44a78b751ca1b2fc0bc0,DO_1,86544deedd5f43c8a16555ee3c5b0a4e,DO
0309 第一款车模型ModelSet.cmodel,proj_0d1cc4d4,driver_rotate,ed273ff605ff4def9a6dfb24034e7a09,ENCR_1,6796c069112a4e69bd09071e8b25075e,ENCR,motor_rotate,cfd242aa77514fc59e22c3729833f694,ENCR_1,d1f41352a9c147b795e9452afb741f44,ENCR
0309 第一款车模型ModelSet.cmodel,proj_0d1cc4d4,driver_rotate,ed273ff605ff4def9a6dfb24034e7a09,LINE_1,bcff76f55e6d4ba9ac78d98b950b93c2,LINE,motor_rotate,cfd242aa77514fc59e22c3729833f694,LINE_1,3501240307aa4ef9b63cd9b233cc6e69,LINE
0309 第一款车模型ModelSet.cmodel,proj_0d1cc4d4,MainController,ee5c479ed705431c8b89af690ca97134,RS485_1,7e242519e7694eafab89dc7d142d0a78,RS485,battery,e0f2161e4692475c834564f62deadd22,RS485_1,c667c34de9814808ae3476496f9f5115,RS485
0309 第一款车模型ModelSet.cmodel,proj_0d1cc4d4,MainController,ee5c479ed705431c8b89af690ca97134,CAN_2,9197ec7eb6fc47db90fc389682a92341,CAN,driver_right,b7bb3b5db30c4dc082b0499efd46a16c,CAN_1,baddb8ef23c845d6b76134a190f1a87b,CAN
0309 第一款车模型ModelSet.cmodel,proj_0d1cc4d4,MainController,ee5c479ed705431c8b89af690ca97134,CAN_2,9197ec7eb6fc47db90fc389682a92341,CAN,driver_left,f61fccfa364b46fdaae3c54a6ff16b2a,CAN_1,974c0f46584043fe8646aee6273575f0,CAN
0309 第一款车模型ModelSet.cmodel,proj_0d1cc4d4,MainController,ee5c479ed705431c8b89af690ca97134,CAN_3,a55fa443da3a462498db7f73d044aaae,CAN,IO module,f59aba570ba3438b83e323f51beb6b03,CAN_1,11007aa267ee45a5a014cd2d0842b47e,CAN
0309 第一款车模型ModelSet.cmodel,proj_0d1cc4d4,MainController,ee5c479ed705431c8b89af690ca97134,CAN_3,a55fa443da3a462498db7f73d044aaae,CAN,IO module_2,efdf7949878f44a6ba37faae853b0412,CAN_1,02baec5a07674ba297ce8ff9c2e4245c,CAN
0309 第一款车模型ModelSet.cmodel,proj_0d1cc4d4,MainController,ee5c479ed705431c8b89af690ca97134,ETH_1,36bb49a95fc74d07ad678c733bd1b5e0,ETH,MainController,ee5c479ed705431c8b89af690ca97134,ETH_1,36bb49a95fc74d07ad678c733bd1b5e0,ETH
0309 第一款车模型ModelSet.cmodel,proj_0d1cc4d4,MainController,ee5c479ed705431c8b89af690ca97134,ETH_1,36bb49a95fc74d07ad678c733bd1b5e0,ETH,MainController,ee5c479ed705431c8b89af690ca97134,ETH_2,c6c82767002647a3b2c23b6b433b4b48,ETH
0309 第一款车模型ModelSet.cmodel,proj_0d1cc4d4,MainController,ee5c479ed705431c8b89af690ca97134,ETH_1,36bb49a95fc74d07ad678c733bd1b5e0,ETH,MainController,ee5c479ed705431c8b89af690ca97134,ETH_3,e4f62ea7123b4cfea3db47b49b8e40ce,ETH
0309 第一款车模型ModelSet.cmodel,proj_0d1cc4d4,MainController,ee5c479ed705431c8b89af690ca97134,HDMI_1,3a454b399cad44228fb437aac68af77e,HDMI,screen,e7ec9116a21e4f6c89db98c6a9895d87,HDMI_1,1d7b163e8806473688814a5c71c44106,HDMI
0309 第一款车模型ModelSet.cmodel,proj_0d1cc4d4,motor_right,2ee1c65aed7a4fc4b4be92d740e981f5,ENCR_1,4ab372732409400c9934e99de996fe9f,ENCR,driver_right,b7bb3b5db30c4dc082b0499efd46a16c,ENCR_1,475178a22ca24635b431ad54d4373bee,ENCR
0309 第一款车模型ModelSet.cmodel,proj_0d1cc4d4,motor_right,2ee1c65aed7a4fc4b4be92d740e981f5,LINE_1,56f61e1330284302bc13f13b5a2bb583,LINE,driver_right,b7bb3b5db30c4dc082b0499efd46a16c,LINE_1,fe0650a6bd0e4baa9b300101759742ee,LINE
0309 第一款车模型ModelSet.cmodel,proj_0d1cc4d4,motor_left,9155de5d36264924897238bf0d9d03d7,ENCR_1,7dcbced81681467abffc3f8c587ac180,ENCR,driver_left,f61fccfa364b46fdaae3c54a6ff16b2a,ENCR_1,c6af74fd837c4ef9abaf48c85ce7f325,ENCR
0309 第一款车模型ModelSet.cmodel,proj_0d1cc4d4,motor_left,9155de5d36264924897238bf0d9d03d7,LINE_1,ee245fb8348f4694a6b94129a6a8005f,LINE,driver_left,f61fccfa364b46fdaae3c54a6ff16b2a,LINE_1,fa8a1f0533294d568902619360cb309b,LINE
0309 第一款车模型ModelSet.cmodel,proj_0d1cc4d4,IO module,f59aba570ba3438b83e323f51beb6b03,DI_1,4427ebbe8e4f44d48443850f359e67ba,DI,PT_A1,cfd8ac5dcb6b460fa73d4d1e495040f2,DO_1,a2e28fd638564001864546c3c2cc58ce,DO
0309 第一款车模型ModelSet.cmodel,proj_0d1cc4d4,IO module,f59aba570ba3438b83e323f51beb6b03,DI_2,6c19b5c4cbe04422b9c7c399de20288a,DI,PT_A2,a1b7a9a4f77f453e84469e27dc54caee,DO_1,70329880c6574cdcbaead4dfa05c7505,DO
0309 第一款车模型ModelSet.cmodel,proj_0d1cc4d4,IO module,f59aba570ba3438b83e323f51beb6b03,DI_3,510a6af68a0b4e01a1faddd297c9f693,DI,PT_A3,39ba07fbee684915b51b66ef5251a23c,DO_1,ae00438c11bf458a8cc6eb3cd2f8472f,DO
0309 第一款车模型ModelSet.cmodel,proj_0d1cc4d4,IO module,f59aba570ba3438b83e323f51beb6b03,DI_4,9beb83d1f9a9432bb7d6745e71a6b5d8,DI,PT_A4,91091a8a10c74729b300d96cddfdb859,DO_1,e9fea5852de845bbb0bbdb0a75d32379,DO
0309 第一款车模型ModelSet.cmodel,proj_0d1cc4d4,IO module,f59aba570ba3438b83e323f51beb6b03,DI_5,f5bb3823024d4fa4b108a6114d450146,DI,PT_A5,e5ff21944e8847a08cc7a0a4574e92be,DO_1,d93f8fef80aa4950bc8a66517f377a70,DO
0309 第一款车模型ModelSet.cmodel,proj_0d1cc4d4,IO module,f59aba570ba3438b83e323f51beb6b03,DI_6,8b943bdc2fe34be29b107893e33d41ff,DI,PT_A6,e2401da9f87b4c5c98bc36dd393ffd3b,DO_1,3d3579702ab94280b1c26ed2bfe785e4,DO
0309 第一款车模型ModelSet.cmodel,proj_0d1cc4d4,IO module,f59aba570ba3438b83e323f51beb6b03,DO_1,559eddbc6ef34bcc898fe54c6fd7dc52,DO,Do_A1,9dea147fd9184e23a72e3a0c035d0b58,DI_1,78a440eb99a14111b881cc645ca8ff21,DI
0309 第一款车模型ModelSet.cmodel,proj_0d1cc4d4,IO module,f59aba570ba3438b83e323f51beb6b03,DO_2,e3184ff8a2064f7da9672100bce4edcf,DO,Do_A2,eaaa2c675a134402b83a08d904ac772a,DI_1,d3a71ea01a5844039689b8fa66d7b3ea,DI
0309 第一款车模型ModelSet.cmodel,proj_0d1cc4d4,IO module,f59aba570ba3438b83e323f51beb6b03,DO_3,1ab0c83477b04088a8fc5951b60999f7,DO,Do_A3,d83d339470974a58968e1339c1ab00d1,DI_1,f8e6e56efb82408d943f0106d777c169,DI
0309 第一款车模型ModelSet.cmodel,proj_0d1cc4d4,IO module_2,efdf7949878f44a6ba37faae853b0412,DI_1,99ef0d325f48446a9dd2e41e31557e48,DI,PT_B1,837b463fea8741c0b0ada961a0a1e0e7,DO_1,9d94ddf62e4e4dfd827f02755e6e0f29,DO
0309 第一款车模型ModelSet.cmodel,proj_0d1cc4d4,IO module_2,efdf7949878f44a6ba37faae853b0412,DI_2,0704687d503640f5bbb4b696c409424b,DI,PT_B2,1a9eee1eb08a4b249dd15e2a5767cdd6,DO_1,7cfe0a2c4907462f9c972eba1ff7605c,DO
0309 第一款车模型ModelSet.cmodel,proj_0d1cc4d4,IO module_2,efdf7949878f44a6ba37faae853b0412,DI_3,52864a9abd0f464e8d46d7d77a2c9da9,DI,PT_B3,cfe225ffc20945499528bf406653cff6,DO_1,bae572f40343468ab2fc7e4bfc30385a,DO
0309 第一款车模型ModelSet.cmodel,proj_0d1cc4d4,IO module_2,efdf7949878f44a6ba37faae853b0412,DI_4,03d964c29b5e4d2d81e9be554d4f473a,DI,PT_B4,1447343e750e4336bf6cf211c63a0a88,DO_1,7332b5ce15b845079ddeff5ba36888b4,DO
0309 第一款车模型ModelSet.cmodel,proj_0d1cc4d4,IO module_2,efdf7949878f44a6ba37faae853b0412,DI_5,afca5497646a4159986d6769d4b71e97,DI,PT_B5,2565f472408741769ec86d1fb79695df,DO_1,9790797242594d4a974a15770329c9b0,DO
0309 第一款车模型ModelSet.cmodel,proj_0d1cc4d4,IO module_2,efdf7949878f44a6ba37faae853b0412,DI_6,86cf41baba9f434e93b579ccd5ee75d0,DI,PT_B6,7ba1d309776a4006b5c669edec2b9f4e,DO_1,97bbe0d9cc014005bb4947fcf812cb13,DO
0309 第一款车模型ModelSet.cmodel,proj_0d1cc4d4,IO module_2,efdf7949878f44a6ba37faae853b0412,DO_1,c8c8fc84113c447ebeb85deb77d3b9b8,DO,Do_B1,fe134a4495bc4ccb8da4077fffbc113d,DI_1,0f493fda10ad44f59348e693932dfd8d,DI
0309 第一款车模型ModelSet.cmodel,proj_0d1cc4d4,IO module_2,efdf7949878f44a6ba37faae853b0412,DO_2,80a723a5317945d6b110efd5097e9319,DO,Do_B2,3fd7a3d96bb74846baf1b83de63dbb78,DI_1,288a38bdcc81476380890d6524f15f1e,DI
0309 第一款车模型ModelSet.cmodel,proj_0d1cc4d4,IO module_2,efdf7949878f44a6ba37faae853b0412,DO_3,658d57320b464456966f43d2e89dbe0a,DO,Do_B3,e8baf25aea6a478283c34d3e38a29477,DI_1,72cb0b1267f843738e29c1f4df2faf48,DI
0309 第一款车模型ModelSet.cmodel,proj_0d1cc4d4,IO module_2,efdf7949878f44a6ba37faae853b0412,DO_4,25a9d36d35954e379a86ad2720e1401f,DO,Do_B4,11352a539ff640ed9375dd79f55138dc,DI_1,16c48f2c0926400b95e82ed5dda9dd86,DI
0309 第一款车模型ModelSet.cmodel,proj_0d1cc4d4,IO module_2,efdf7949878f44a6ba37faae853b0412,DO_5,ad4cd2159b4d46fea3419d8e38bc8b09,DO,Do_B5,0c4ced171add4bf59413840411a8fdb2,DI_1,a15fce6b66dd4f70b4b4a3256657cafe,DI
0309 第一款车模型ModelSet.cmodel,proj_0d1cc4d4,IO module_2,efdf7949878f44a6ba37faae853b0412,DO_6,2c316dbbcc36483faf55f99134de4807,DO,Do_B6,47b18ca1e85c4e26bfae68a98f391d69,DI_1,5155809ba1f84186b1985f1da2d658c3,DI
传感器校验中报错 ModelSet.cmodel,proj_16e32544,motor_right,73d95d1e1aa34e709fd47bcbf80ee3a9,ENCR_1,95925ca107384b1685ed7eaa5d2aac87,ENCR,driver_right,b54cac31887b432180bddd186026a19e,ENCR_1,5b51bf389d2343bfa7c447ff89e4c583,ENCR
传感器校验中报错 ModelSet.cmodel,proj_16e32544,motor_right,73d95d1e1aa34e709fd47bcbf80ee3a9,LINE_1,2279682014b643848c6bdad1fc091b33,LINE,driver_right,b54cac31887b432180bddd186026a19e,LINE_1,c9e303ecc6bf4eb7bfe715d77b4b3bb2,LINE
传感器校验中报错 ModelSet.cmodel,proj_16e32544,motor_left,06f72073f0134ad5b7c692ad7d1a25df,ENCR_1,8eb303c96dc4461dbbfdfc09f4d60509,ENCR,driver_left,37e3a7faf027483e9640947b18039c9f,ENCR_1,28552fe254694169b4dd115917a25852,ENCR
传感器校验中报错 ModelSet.cmodel,proj_16e32544,motor_left,06f72073f0134ad5b7c692ad7d1a25df,LINE_1,ced413ff45ae4dc39709c4c03a08188f,LINE,driver_left,37e3a7faf027483e9640947b18039c9f,LINE_1,c458a14a2b694e0081e8ae6eae014c91,LINE
传感器校验中报错 ModelSet.cmodel,proj_16e32544,driver_right,b54cac31887b432180bddd186026a19e,CAN_1,6bb35a01776e40b381c79de33e0f2ffd,CAN,MainController,5698c56e9f3140f7966114b707e5083c,CAN_2,d13fc0cfefec46b6ac7e1020fd7d89aa,CAN
传感器校验中报错 ModelSet.cmodel,proj_16e32544,driver_left,37e3a7faf027483e9640947b18039c9f,CAN_1,9cf045b6b2f84f88966c0a780abadc0f,CAN,MainController,5698c56e9f3140f7966114b707e5083c,CAN_2,d13fc0cfefec46b6ac7e1020fd7d89aa,CAN
传感器校验中报错 ModelSet.cmodel,proj_16e32544,driver_lift,c9b49c0591554aa1ab6378ee9c110cb7,CAN_1,514d3fd84f6442f5adf959b2551d3b41,CAN,MainController,5698c56e9f3140f7966114b707e5083c,CAN_2,d13fc0cfefec46b6ac7e1020fd7d89aa,CAN
传感器校验中报错 ModelSet.cmodel,proj_16e32544,driver_lift,c9b49c0591554aa1ab6378ee9c110cb7,DO_1,e92c29acd94d45d2b1bf14af059c88fc,DO,motor_lift,ae6fd990b9ee4bd5ba8deca2273466c4,DI_1,5ef1664b6015441d84f7c17acf1fa582,DI
传感器校验中报错 ModelSet.cmodel,proj_16e32544,driver_lift,c9b49c0591554aa1ab6378ee9c110cb7,DI_6,0d9855041d5b477db58d88235df66e7d,DI,proximitySensor_lift,aa49cf59439a4a53994bad7405f958c2,DO_1,adb9640f42e54b8c8e5ebdcbe64a0cad,DO
传感器校验中报错 ModelSet.cmodel,proj_16e32544,driver_lift,c9b49c0591554aa1ab6378ee9c110cb7,LINE_1,fbc972c4d4754ea8ad330561055c6160,LINE,motor_lift,ae6fd990b9ee4bd5ba8deca2273466c4,LINE_1,01004313c4e84330a1dd06cb3025c1c3,LINE
传感器校验中报错 ModelSet.cmodel,proj_16e32544,driver_lift,c9b49c0591554aa1ab6378ee9c110cb7,ENCR_1,16d865a570f4439b825fa6ded7c4a8d0,ENCR,motor_lift,ae6fd990b9ee4bd5ba8deca2273466c4,ENCR_1,aa43c77fb7cf45019f14fe6ad90e8119,ENCR
传感器校验中报错 ModelSet.cmodel,proj_16e32544,driver_rotate,7ee6eb9a0f9c45e99bb1485953857d27,CAN_1,434d7245d16c4786bbde67ace734498b,CAN,MainController,5698c56e9f3140f7966114b707e5083c,CAN_2,d13fc0cfefec46b6ac7e1020fd7d89aa,CAN
传感器校验中报错 ModelSet.cmodel,proj_16e32544,driver_rotate,7ee6eb9a0f9c45e99bb1485953857d27,DI_5,2fc11d1dd58c425d8f64aede085e45b9,DI,proximitySensor_rotate,677bae8ba52749799fec770d4fe8fea1,DO_1,d6e0cc10d3144d0db25257adaa9da380,DO
传感器校验中报错 ModelSet.cmodel,proj_16e32544,driver_rotate,7ee6eb9a0f9c45e99bb1485953857d27,LINE_1,31ff5147888245c78fce94ca173ee629,LINE,motor_rotate,ebb6b9c4d0b7492eab6a4465571a8d93,LINE_1,96dcfe6d4e1e47a68c30d577d702fe92,LINE
传感器校验中报错 ModelSet.cmodel,proj_16e32544,driver_rotate,7ee6eb9a0f9c45e99bb1485953857d27,ENCR_1,89e4c00c0fad4c4394a0adface4c7fa6,ENCR,motor_rotate,ebb6b9c4d0b7492eab6a4465571a8d93,ENCR_1,8a478add16c744dcab461e1f8155d629,ENCR
传感器校验中报错 ModelSet.cmodel,proj_16e32544,slaveController,4fe7b9296202450392ec3bacbdb56e1d,CAN_1,0b08704149e64d9e93aabc5f4b09e548,CAN,MainController,5698c56e9f3140f7966114b707e5083c,CAN_3,bf3d2a8126694b019ae1ad7bbe13d200,CAN
传感器校验中报错 ModelSet.cmodel,proj_16e32544,slaveController,4fe7b9296202450392ec3bacbdb56e1d,PZTB_1,258e54069910499d9cf5d3a8c829e176,PZTB,collision_front,64a445621fa7491581692e1f911f1887,PZTB_1,4f1a51e64e374d93b4dd4ce4c5662cd6,PZTB
传感器校验中报错 ModelSet.cmodel,proj_16e32544,safety_slaveController,9e9bb8ee0f2e4d4abb2b57c4078ae1c2,CAN_1,09d9f2d533ce4616b1f2e3c10b379c65,CAN,MainController,5698c56e9f3140f7966114b707e5083c,CAN_3,bf3d2a8126694b019ae1ad7bbe13d200,CAN
传感器校验中报错 ModelSet.cmodel,proj_16e32544,safety_slaveController,9e9bb8ee0f2e4d4abb2b57c4078ae1c2,DO_1,7dae1ea5cd38476fa1a60382daea20e9,DO,lamp_SS,b08d677d084844c0b7e21abcc398440d,DI_1,94b7186d4ce24da2a1d877432d2ccf9e,DI
传感器校验中报错 ModelSet.cmodel,proj_16e32544,safety_slaveController,9e9bb8ee0f2e4d4abb2b57c4078ae1c2,DO_2,3d2fd654e84d4da3adbc69f3eefa9651,DO,lamp_mode,b7480cbf4a1c4b97817d8c1bd1352ac5,DI_1,9d634221f5074529ab9ea326742065da,DI
传感器校验中报错 ModelSet.cmodel,proj_16e32544,safety_slaveController,9e9bb8ee0f2e4d4abb2b57c4078ae1c2,DO_3,d56fdce637cb410ca48e45ceefe2db30,DO,lamp_left,8bb8d2d018574c46bcce797cbe579e2f,DI_2,baffef59d5df40c7b631b62c6845330e,DI
传感器校验中报错 ModelSet.cmodel,proj_16e32544,safety_slaveController,9e9bb8ee0f2e4d4abb2b57c4078ae1c2,DO_4,e2b3bb1c03404cadbcc60af6b515a424,DO,lamp_left,8bb8d2d018574c46bcce797cbe579e2f,DI_1,6c824a9657b24bb4aaa1cfd40845397a,DI
传感器校验中报错 ModelSet.cmodel,proj_16e32544,safety_slaveController,9e9bb8ee0f2e4d4abb2b57c4078ae1c2,DO_5,aa884699573749559bd2ed6c9d629315,DO,lamp_left,8bb8d2d018574c46bcce797cbe579e2f,DI_3,77485fb518414db99b86610ba5c0002f,DI
传感器校验中报错 ModelSet.cmodel,proj_16e32544,safety_slaveController,9e9bb8ee0f2e4d4abb2b57c4078ae1c2,DO_6,52c7d1689c2142028382500cbb6fb16b,DO,lamp_right,f56d5d122b084327801f7b5da6261234,DI_2,cbb76427d394474fbc4bcfad47971f21,DI
传感器校验中报错 ModelSet.cmodel,proj_16e32544,safety_slaveController,9e9bb8ee0f2e4d4abb2b57c4078ae1c2,DO_7,b9b12c6245c946f092fe172e9bfe3760,DO,lamp_right,f56d5d122b084327801f7b5da6261234,DI_1,f16ed9b2cec14bd7a7482a2e9fb8744a,DI
传感器校验中报错 ModelSet.cmodel,proj_16e32544,safety_slaveController,9e9bb8ee0f2e4d4abb2b57c4078ae1c2,DO_8,d8bc09cdd63d4e4eb1dc049634ad75a0,DO,lamp_right,f56d5d122b084327801f7b5da6261234,DI_3,af1c8842909540b39959cfb09b141a7f,DI
传感器校验中报错 ModelSet.cmodel,proj_16e32544,safety_slaveController,9e9bb8ee0f2e4d4abb2b57c4078ae1c2,DO_9,998d12040fe24130b5295f245b54b0ea,DO,warninglight,c95a35badc344b2e8dad9b11451528e0,DI_1,303a1fabe4a3423084da57d4142be5ef,DI
传感器校验中报错 ModelSet.cmodel,proj_16e32544,safety_slaveController,9e9bb8ee0f2e4d4abb2b57c4078ae1c2,DI_11,b99e92c24ff84be5b60554b979785631,DI,button_SS,85c6f337fed24484b4ead509f61bcdf4,DO_1,7e20cf76e00c4620a5f320f3ae7c949b,DO
传感器校验中报错 ModelSet.cmodel,proj_16e32544,safety_slaveController,9e9bb8ee0f2e4d4abb2b57c4078ae1c2,DI_3,5f021d94d53f49aea7298b983a896246,DI,button_mode,2d58c8d88ec44103b2628b7536cfc3ed,DO_1,56bfa88d74de40a58440eb2b52f83971,DO
传感器校验中报错 ModelSet.cmodel,proj_16e32544,safety_slaveController,9e9bb8ee0f2e4d4abb2b57c4078ae1c2,DI_5,207a0a47304a46cca688e8f33bc90899,DI,button_stop_front,a65664f3739a4e26873b43158fd8c8e4,DO_1,7c62780930074b039c9984ce7e6b1d47,DO
传感器校验中报错 ModelSet.cmodel,proj_16e32544,safety_slaveController,9e9bb8ee0f2e4d4abb2b57c4078ae1c2,DI_7,05e65e01925e4004a8f7af43c9354734,DI,button_stop_back,be5ef383b2f7430c8fa558237ebe434e,DO_1,0286a8c138a8428e9009a9a356613512,DO
传感器校验中报错 ModelSet.cmodel,proj_16e32544,safety_slaveController,9e9bb8ee0f2e4d4abb2b57c4078ae1c2,DI_9,39a592651cd44a989f16151aaa9e5dee,DI,button-RST,07b6abec532c4da787b0b990422d1831,DO_1,98e88a274780431a8daee5c5e05c0e1e,DO
传感器校验中报错 ModelSet.cmodel,proj_16e32544,safety_slaveController,9e9bb8ee0f2e4d4abb2b57c4078ae1c2,PZTB_1,85b08b9ecf5946a4a6b33a0a65d4c3fe,PZTB,collision_back,ffec8503c37a4a93848624179c3f2ad9,PZTB_1,5e57430f67ea4dd5a899175348ba3670,PZTB
传感器校验中报错 ModelSet.cmodel,proj_16e32544,powerController,c2472a93844c440ca6046aef58ab5958,CAN_1,277af0eaecd94b8683c45844265d6a45,CAN,MainController,5698c56e9f3140f7966114b707e5083c,CAN_1,3ae6775b70dd482a80da799e3932a424,CAN
传感器校验中报错 ModelSet.cmodel,proj_16e32544,powerController,c2472a93844c440ca6046aef58ab5958,RS485_1,16db4bd9f53d410cb31f3622fc5f0b41,RS485,battery,cb9b6e9d86574181bb91afaa13a9bd72,RS485_1,fb9b0f9e90b045faa5f0a6711a9491ea,RS485
传感器校验中报错 ModelSet.cmodel,proj_16e32544,gyro0,bab5387b1f1a4913b1a275e2bd670651,CAN_1,0c4f10b5845a4c2c85506ffb2ff14d5f,CAN,MainController,5698c56e9f3140f7966114b707e5083c,CAN_1,3ae6775b70dd482a80da799e3932a424,CAN
传感器校验中报错 ModelSet.cmodel,proj_16e32544,laser_front,13d8f1248dd24f0ba8fd2191cd697f7b,ETH_1,77834c289c614ea79e53b1fb05ef79db,ETH,MainController,5698c56e9f3140f7966114b707e5083c,ETH_3,d4fd2e05cf3f46139525727ce0e96723,ETH
传感器校验中报错 ModelSet.cmodel,proj_16e32544,speaker,51c15b36a59b41e7bf2f98ee6f63db8d,SPK_1,1d594ca59b544bc79b1b8eda22a9a491,SPK,MainController,5698c56e9f3140f7966114b707e5083c,SPK_1,d4dd687d8bff40c2bab8dfd8ee7b4597,SPK
传感器校验中报错 ModelSet.cmodel,proj_16e32544,screen,db8ce6ab808a4d01a37e3ee768f99d86,RS485_1,22cc715fd66e43fabeaca57d48bfb34f,RS485,MainController,5698c56e9f3140f7966114b707e5083c,RS485_1,1a70012195694cd39e422022b8de8a64,RS485
传感器校验中报错 ModelSet.cmodel,proj_16e32544,MainController,5698c56e9f3140f7966114b707e5083c,CAN_3,bf3d2a8126694b019ae1ad7bbe13d200,CAN,IO module,75b2ca9083b04b07b9801aadfc58284a,CAN_1,b2bca194cc3e49f9b0408c53f54b06b9,CAN
传感器校验中报错 ModelSet.cmodel,proj_16e32544,MainController,5698c56e9f3140f7966114b707e5083c,CAN_3,bf3d2a8126694b019ae1ad7bbe13d200,CAN,IO module_2,61da5897bf6945b5976a4dcbad349e11,CAN_1,6d5adaff9a984169b0b54204c50315df,CAN
传感器校验中报错 ModelSet.cmodel,proj_16e32544,MainController,5698c56e9f3140f7966114b707e5083c,ETH_1,44a91fce9c4f4ddea38225e026b618cf,ETH,MainController,5698c56e9f3140f7966114b707e5083c,ETH_1,44a91fce9c4f4ddea38225e026b618cf,ETH
传感器校验中报错 ModelSet.cmodel,proj_16e32544,MainController,5698c56e9f3140f7966114b707e5083c,ETH_1,44a91fce9c4f4ddea38225e026b618cf,ETH,MainController,5698c56e9f3140f7966114b707e5083c,ETH_2,69684a680bf7407d80ccca82397f33bd,ETH
传感器校验中报错 ModelSet.cmodel,proj_16e32544,MainController,5698c56e9f3140f7966114b707e5083c,ETH_1,44a91fce9c4f4ddea38225e026b618cf,ETH,MainController,5698c56e9f3140f7966114b707e5083c,ETH_3,d4fd2e05cf3f46139525727ce0e96723,ETH
传感器校验中报错 ModelSet.cmodel,proj_16e32544,IO module,75b2ca9083b04b07b9801aadfc58284a,DI_1,719a0ba961ae432c8641603338f536cc,DI,PT_A1,cde5d0ffeb3743ff993a8f060908c938,DO_1,4cd4be14239641089eccda18fd27b0bf,DO
传感器校验中报错 ModelSet.cmodel,proj_16e32544,IO module,75b2ca9083b04b07b9801aadfc58284a,DI_2,740ff57264634c5c8a3acb1116892579,DI,PT_A2,040003ae83424632b54880ed47f6121f,DO_1,e8324bf089a94986b1fcf68c4960ca57,DO
传感器校验中报错 ModelSet.cmodel,proj_16e32544,IO module,75b2ca9083b04b07b9801aadfc58284a,DI_3,1aa1ced5e10a495a95df254f10e7646c,DI,PT_A3,fc774a015a5643b8911aaa5ba216a727,DO_1,17a23e5f7341469eb93628142ca664b4,DO
传感器校验中报错 ModelSet.cmodel,proj_16e32544,IO module,75b2ca9083b04b07b9801aadfc58284a,DI_4,b6d7c57ebab4413e8865df8b72fba569,DI,PT_A4,0de2282d2e634077bcc28ce609501f63,DO_1,5b5af2166cae4e62a7c491061f44c4c4,DO
传感器校验中报错 ModelSet.cmodel,proj_16e32544,IO module,75b2ca9083b04b07b9801aadfc58284a,DI_5,0ee4267d4a334840b92f114ea459e9a5,DI,PT_A5,10cd5c117d644eebb1052488f9330e82,DO_1,24a04eef19644723a411ccbf0cf09ba3,DO
传感器校验中报错 ModelSet.cmodel,proj_16e32544,IO module,75b2ca9083b04b07b9801aadfc58284a,DI_6,c3bd0faf382445fbba95d3960e9f5ba9,DI,PT_A6,cdf09b5ffabb43b2a4f59849a590c5b5,DO_1,52b17fc3b0de4a27bf8a546ad54e2d46,DO
传感器校验中报错 ModelSet.cmodel,proj_16e32544,IO module,75b2ca9083b04b07b9801aadfc58284a,DO_1,fd3aeb15f4394b0f88cd71722bc44d54,DO,Do_A1,59577a163b1143cbbd8b568f70af0391,DI_1,3909191447594f2cb75f8e4a8cce2efc,DI
传感器校验中报错 ModelSet.cmodel,proj_16e32544,IO module,75b2ca9083b04b07b9801aadfc58284a,DO_2,bfbff595ce0d43e48ab8561f603639e0,DO,Do_A2,65ea1a8b5d4b409cb74a14741e06e029,DI_1,81c7394354ea488fb93d65ec76c7083f,DI
传感器校验中报错 ModelSet.cmodel,proj_16e32544,IO module,75b2ca9083b04b07b9801aadfc58284a,DO_3,495f863644334008871546d95a12484c,DO,Do_A3,7ee7987f405b49b1a66ad0402bbb9368,DI_1,52001c16fe1d43c8ab9dfa3b6270cfa7,DI
传感器校验中报错 ModelSet.cmodel,proj_16e32544,IO module_2,61da5897bf6945b5976a4dcbad349e11,DI_1,897f918d77d34fefb92169a44b4c8107,DI,PT_B1,1d1e5000a9fb4f5d80150f2357fdbcf4,DO_1,ab56b29a5bac401bbc4e1b1af2bb446d,DO
传感器校验中报错 ModelSet.cmodel,proj_16e32544,IO module_2,61da5897bf6945b5976a4dcbad349e11,DI_2,370669ee1f1b4ea7acb85b9c2082980a,DI,PT_B2,17308b6758d445589669c7a149c0f27c,DO_1,2ed79cb1dd464c93b1e3dc8f9b21a7a6,DO
传感器校验中报错 ModelSet.cmodel,proj_16e32544,IO module_2,61da5897bf6945b5976a4dcbad349e11,DI_3,f48b2827526b49839fa1e6c02ceab53e,DI,PT_B3,feadc0d564844488ab6724732e5beb9c,DO_1,79decc478c5e43bea457d505d4dc568b,DO
传感器校验中报错 ModelSet.cmodel,proj_16e32544,IO module_2,61da5897bf6945b5976a4dcbad349e11,DI_4,114c79ad3ff448e99582695e41e85b3a,DI,PT_B4,d1f7f5f569e84bc2b3b5b4b2e1019686,DO_1,06be1c69bca1439e883661d3634f7292,DO
传感器校验中报错 ModelSet.cmodel,proj_16e32544,IO module_2,61da5897bf6945b5976a4dcbad349e11,DI_5,0684d2fa89d24a3f9e3e43e7df52c87a,DI,PT_B5,bc29780500a84fa4b3beff1b0770abe2,DO_1,df3f57f2319e4e5084970eafb69d2256,DO
传感器校验中报错 ModelSet.cmodel,proj_16e32544,IO module_2,61da5897bf6945b5976a4dcbad349e11,DI_6,56cc7fd91637492695bc2db55ee561f6,DI,PT_B6,ae946898621b4408847a24f972b23aea,DO_1,6ec0e136ec9a444ab6bf5f88f45b20ae,DO
传感器校验中报错 ModelSet.cmodel,proj_16e32544,IO module_2,61da5897bf6945b5976a4dcbad349e11,DO_1,906688dcacd341e28b9ba9ecaf409873,DO,Do_B1,0c4b053e588e478ca6489c30a485bf79,DI_1,1045b812ba304fb8832bdf686b309dcd,DI
传感器校验中报错 ModelSet.cmodel,proj_16e32544,IO module_2,61da5897bf6945b5976a4dcbad349e11,DO_2,3e7bcfa5ae06471c9e2b2dde75eecb39,DO,Do_B2,b2bfca91577046fc90bb77f145de4045,DI_1,2fe82ad60a9b4dd0bc45fcff8639d074,DI
传感器校验中报错 ModelSet.cmodel,proj_16e32544,IO module_2,61da5897bf6945b5976a4dcbad349e11,DO_3,beff4b9ba6f94f7fbbcb7c8caf6125ab,DO,Do_B3,0178a9d3665f4d1aa2eb01ea8f66d199,DI_1,376cd406ebea4de9b79029dcad34fed7,DI
传感器校验中报错 ModelSet.cmodel,proj_16e32544,IO module_2,61da5897bf6945b5976a4dcbad349e11,DO_4,d2eddd76a93b4856ba90366e02ecd147,DO,Do_B4,f31608a82914476ab3c348521aa0aca3,DI_1,2fd750c945c1496bb7419f56bd24fc75,DI
传感器校验中报错 ModelSet.cmodel,proj_16e32544,IO module_2,61da5897bf6945b5976a4dcbad349e11,DO_5,c5ad98839bbb46c2865f161c7f56255d,DO,Do_B5,93412cc6519545e88cd83de1cf268695,DI_1,6f6ca4b4badb473393e80368e257200b,DI
传感器校验中报错 ModelSet.cmodel,proj_16e32544,IO module_2,61da5897bf6945b5976a4dcbad349e11,DO_6,0cb1bc67c3884087935b06bf07f234b9,DO,Do_B6,2c40d24516b4477397dfb55d9070c410,DI_1,ef40ff4b74c748e18e19d213e0bbfd6a,DI
0311ModelSet.cmodel,proj_dd79992f,speaker,a1aebca205f94198b1dceb22248b0e4f,SPK_1,501023d9b9d14f19ae28b762fce79877,SPK,MainController,ee5c479ed705431c8b89af690ca97134,SPK_1,b90050aace7040b685bd28a3e0f52fc0,SPK
0311ModelSet.cmodel,proj_dd79992f,laser,30c06fe426384cc8abe61d7743a5073a,ETH_1,8bd3cb3ab4df46948a2f2c5f5e6d2d07,ETH,MainController,ee5c479ed705431c8b89af690ca97134,ETH_1,36bb49a95fc74d07ad678c733bd1b5e0,ETH
0311ModelSet.cmodel,proj_dd79992f,slaveController,0aed2f639cd948d7a90914c4f2a3bbbf,CAN_1,b5eb667b52f84f0794184a307c274133,CAN,MainController,ee5c479ed705431c8b89af690ca97134,CAN_3,a55fa443da3a462498db7f73d044aaae,CAN
0311ModelSet.cmodel,proj_dd79992f,slaveController,0aed2f639cd948d7a90914c4f2a3bbbf,PZTB_1,d60f19bb9e1a4c16b831e9d2c646f008,PZTB,collision,f3e7de6520d44ec097185b9b3e410032,PZTB_1,d9fc8fd6671e41269e45bc97b70bcd23,PZTB
0311ModelSet.cmodel,proj_dd79992f,safety_slaveController,e7ca7319c1874f4f92c7e7c0fb271a95,CAN_1,6cc937e82f78495e81354be4809edce8,CAN,MainController,ee5c479ed705431c8b89af690ca97134,CAN_3,a55fa443da3a462498db7f73d044aaae,CAN
0311ModelSet.cmodel,proj_dd79992f,safety_slaveController,e7ca7319c1874f4f92c7e7c0fb271a95,DO_1,dc887390082846e9b6ddede8288bbf3d,DO,lamp_SS,bc9907844bc54e8f9fafc92d3141f6b1,DI_1,8334e5debbda4d0db0e58ee45c4112a5,DI
0311ModelSet.cmodel,proj_dd79992f,safety_slaveController,e7ca7319c1874f4f92c7e7c0fb271a95,DO_2,39cf16486b4748999192e999e4bc4990,DO,lamp_mode,0ebd339f5cc44716be4ddf2badaec7b3,DI_1,16ecea192628484ca5b782d6bfe0cb8a,DI
0311ModelSet.cmodel,proj_dd79992f,safety_slaveController,e7ca7319c1874f4f92c7e7c0fb271a95,DO_4,2405da4206c84c5ba052fcc3424a8670,DO,lamp_left,96958343cfb841a0a25f268f7d8057e9,DI_2,743b0a01894c4d6e8ca11c2f703e28a0,DI
0311ModelSet.cmodel,proj_dd79992f,safety_slaveController,e7ca7319c1874f4f92c7e7c0fb271a95,DO_5,849322d9069443d28594b1c6a04f59a1,DO,lamp_left,96958343cfb841a0a25f268f7d8057e9,DI_1,cd8db6150e3048c3aa65a3b3ff3a37cb,DI
0311ModelSet.cmodel,proj_dd79992f,safety_slaveController,e7ca7319c1874f4f92c7e7c0fb271a95,DO_6,5f8ea96e41af4fe493dc54c8b286cff4,DO,lamp_left,96958343cfb841a0a25f268f7d8057e9,DI_3,a9b64fe81061483fadc88d0632a5037f,DI
0311ModelSet.cmodel,proj_dd79992f,safety_slaveController,e7ca7319c1874f4f92c7e7c0fb271a95,DO_7,5efacb0de94c464ebde5e07d34f585b6,DO,lamp_right,d97e232cea6c436682330d52b49d5e14,DI_2,e69becbfc1e64cfbba813bcee09091c8,DI
0311ModelSet.cmodel,proj_dd79992f,safety_slaveController,e7ca7319c1874f4f92c7e7c0fb271a95,DO_8,fd5a9ef65aac4e37863bb5fe97b46535,DO,lamp_right,d97e232cea6c436682330d52b49d5e14,DI_1,abd5edbac42b4df88e0779a543e1e55c,DI
0311ModelSet.cmodel,proj_dd79992f,safety_slaveController,e7ca7319c1874f4f92c7e7c0fb271a95,DO_9,df9fee47f21a4f798eeade638c47b0e4,DO,lamp_right,d97e232cea6c436682330d52b49d5e14,DI_3,1a73708ccae047189bde32c764e31b3e,DI
0311ModelSet.cmodel,proj_dd79992f,safety_slaveController,e7ca7319c1874f4f92c7e7c0fb271a95,DI_1,ff5a8943a4814835b701e8653f865937,DI,button_stop,fa09c77d955742dd9be96b54cdf7bbe9,DO_1,50fdb8d711a44357a83879d5997988f3,DO
0311ModelSet.cmodel,proj_dd79992f,safety_slaveController,e7ca7319c1874f4f92c7e7c0fb271a95,DI_3,7c1939078f16428e8c0ea1381ad23f5a,DI,button_stop1,35efdf127e854ef5b5e94ba730cf5261,DO_1,b4e8ccbf23cc4ac6878e3a58f720b6d0,DO
0311ModelSet.cmodel,proj_dd79992f,safety_slaveController,e7ca7319c1874f4f92c7e7c0fb271a95,DI_5,47d687374d7e4219aae5540d55fbeb06,DI,button_RST,53209587c96b44589cf39a020fcd1485,DO_1,5f1f72c4f60440b68e125d5647e05ed1,DO
0311ModelSet.cmodel,proj_dd79992f,safety_slaveController,e7ca7319c1874f4f92c7e7c0fb271a95,DI_7,b059daf9b1b5445b866f7822e3f2f723,DI,button_MODE,b7cbe6e66d78415c8216c44a929fab1e,DO_1,ec63671824e24e588dc0c2157df9fb8e,DO
0311ModelSet.cmodel,proj_dd79992f,safety_slaveController,e7ca7319c1874f4f92c7e7c0fb271a95,DI_9,93459169d53f4ddd87b18079c83ef6cc,DI,button_SS,f0be9ceee0924621892863bb0782eb71,DO_1,330f8bd7feec480f803e6e5b85185dd3,DO
0311ModelSet.cmodel,proj_dd79992f,safety_slaveController,e7ca7319c1874f4f92c7e7c0fb271a95,PZTB_1,43c0370a5ec346edac30e4a8fc471376,PZTB,collision0,1a71ca2149c64f64b242616d1505ccdd,PZTB_1,de2d4e2d47ad48a387e3ff4030f366be,PZTB
0311ModelSet.cmodel,proj_dd79992f,driver_lift,ef619013553b4e359279c2b1a3ab643d,CAN_1,096e557887154df581dd2c83988ef3fd,CAN,MainController,ee5c479ed705431c8b89af690ca97134,CAN_2,9197ec7eb6fc47db90fc389682a92341,CAN
0311ModelSet.cmodel,proj_dd79992f,driver_lift,ef619013553b4e359279c2b1a3ab643d,DI_6,b21d209e9534456db6d909bc2ff1f23b,DI,proximitySensor_lift,d87e70b837a0492db14389747055e724,DO_1,24d78cb6872c45f1929591d4c52fbecb,DO
0311ModelSet.cmodel,proj_dd79992f,driver_lift,ef619013553b4e359279c2b1a3ab643d,ENCR_1,a0be98ac2f704c1eb1054ce076d130ef,ENCR,motor_lift,4751259ea1db482f968a5dda60dc07a2,ENCR_1,3679c4ff616d48b1906e3475019df044,ENCR
0311ModelSet.cmodel,proj_dd79992f,driver_lift,ef619013553b4e359279c2b1a3ab643d,LINE_1,5bbd3be4b6c94a25a6bca42815cd4788,LINE,motor_lift,4751259ea1db482f968a5dda60dc07a2,LINE_1,b1d5d6a939f14f53aefc2c855cc355a8,LINE
0311ModelSet.cmodel,proj_dd79992f,driver_rotate,ed273ff605ff4def9a6dfb24034e7a09,CAN_1,a2a3039da8bf4accba3282e91c8034fe,CAN,MainController,ee5c479ed705431c8b89af690ca97134,CAN_2,9197ec7eb6fc47db90fc389682a92341,CAN
0311ModelSet.cmodel,proj_dd79992f,driver_rotate,ed273ff605ff4def9a6dfb24034e7a09,DI_5,e6ceb3a0cf7c4d10bfdb335faee00895,DI,proximitySensor_rotate,c7ad6ca0e8fb44a78b751ca1b2fc0bc0,DO_1,86544deedd5f43c8a16555ee3c5b0a4e,DO
0311ModelSet.cmodel,proj_dd79992f,driver_rotate,ed273ff605ff4def9a6dfb24034e7a09,ENCR_1,6796c069112a4e69bd09071e8b25075e,ENCR,motor_rotate,cfd242aa77514fc59e22c3729833f694,ENCR_1,d1f41352a9c147b795e9452afb741f44,ENCR
0311ModelSet.cmodel,proj_dd79992f,driver_rotate,ed273ff605ff4def9a6dfb24034e7a09,LINE_1,bcff76f55e6d4ba9ac78d98b950b93c2,LINE,motor_rotate,cfd242aa77514fc59e22c3729833f694,LINE_1,3501240307aa4ef9b63cd9b233cc6e69,LINE
0311ModelSet.cmodel,proj_dd79992f,MainController,ee5c479ed705431c8b89af690ca97134,RS485_1,7e242519e7694eafab89dc7d142d0a78,RS485,battery,e0f2161e4692475c834564f62deadd22,RS485_1,c667c34de9814808ae3476496f9f5115,RS485
0311ModelSet.cmodel,proj_dd79992f,MainController,ee5c479ed705431c8b89af690ca97134,CAN_2,9197ec7eb6fc47db90fc389682a92341,CAN,driver_right,b7bb3b5db30c4dc082b0499efd46a16c,CAN_1,baddb8ef23c845d6b76134a190f1a87b,CAN
0311ModelSet.cmodel,proj_dd79992f,MainController,ee5c479ed705431c8b89af690ca97134,CAN_2,9197ec7eb6fc47db90fc389682a92341,CAN,driver_left,f61fccfa364b46fdaae3c54a6ff16b2a,CAN_1,974c0f46584043fe8646aee6273575f0,CAN
0311ModelSet.cmodel,proj_dd79992f,MainController,ee5c479ed705431c8b89af690ca97134,CAN_3,a55fa443da3a462498db7f73d044aaae,CAN,IO module,f59aba570ba3438b83e323f51beb6b03,CAN_1,11007aa267ee45a5a014cd2d0842b47e,CAN
0311ModelSet.cmodel,proj_dd79992f,MainController,ee5c479ed705431c8b89af690ca97134,CAN_3,a55fa443da3a462498db7f73d044aaae,CAN,IO module_2,efdf7949878f44a6ba37faae853b0412,CAN_1,02baec5a07674ba297ce8ff9c2e4245c,CAN
0311ModelSet.cmodel,proj_dd79992f,MainController,ee5c479ed705431c8b89af690ca97134,ETH_1,36bb49a95fc74d07ad678c733bd1b5e0,ETH,MainController,ee5c479ed705431c8b89af690ca97134,ETH_1,36bb49a95fc74d07ad678c733bd1b5e0,ETH
0311ModelSet.cmodel,proj_dd79992f,MainController,ee5c479ed705431c8b89af690ca97134,ETH_1,36bb49a95fc74d07ad678c733bd1b5e0,ETH,MainController,ee5c479ed705431c8b89af690ca97134,ETH_2,c6c82767002647a3b2c23b6b433b4b48,ETH
0311ModelSet.cmodel,proj_dd79992f,MainController,ee5c479ed705431c8b89af690ca97134,ETH_1,36bb49a95fc74d07ad678c733bd1b5e0,ETH,MainController,ee5c479ed705431c8b89af690ca97134,ETH_3,e4f62ea7123b4cfea3db47b49b8e40ce,ETH
0311ModelSet.cmodel,proj_dd79992f,MainController,ee5c479ed705431c8b89af690ca97134,HDMI_1,3a454b399cad44228fb437aac68af77e,HDMI,screen,e7ec9116a21e4f6c89db98c6a9895d87,HDMI_1,1d7b163e8806473688814a5c71c44106,HDMI
0311ModelSet.cmodel,proj_dd79992f,motor_right,2ee1c65aed7a4fc4b4be92d740e981f5,ENCR_1,4ab372732409400c9934e99de996fe9f,ENCR,driver_right,b7bb3b5db30c4dc082b0499efd46a16c,ENCR_1,475178a22ca24635b431ad54d4373bee,ENCR
0311ModelSet.cmodel,proj_dd79992f,motor_right,2ee1c65aed7a4fc4b4be92d740e981f5,LINE_1,56f61e1330284302bc13f13b5a2bb583,LINE,driver_right,b7bb3b5db30c4dc082b0499efd46a16c,LINE_1,fe0650a6bd0e4baa9b300101759742ee,LINE
0311ModelSet.cmodel,proj_dd79992f,motor_left,9155de5d36264924897238bf0d9d03d7,ENCR_1,7dcbced81681467abffc3f8c587ac180,ENCR,driver_left,f61fccfa364b46fdaae3c54a6ff16b2a,ENCR_1,c6af74fd837c4ef9abaf48c85ce7f325,ENCR
0311ModelSet.cmodel,proj_dd79992f,motor_left,9155de5d36264924897238bf0d9d03d7,LINE_1,ee245fb8348f4694a6b94129a6a8005f,LINE,driver_left,f61fccfa364b46fdaae3c54a6ff16b2a,LINE_1,fa8a1f0533294d568902619360cb309b,LINE
0311ModelSet.cmodel,proj_dd79992f,IO module,f59aba570ba3438b83e323f51beb6b03,DI_1,4427ebbe8e4f44d48443850f359e67ba,DI,PT_A1,cfd8ac5dcb6b460fa73d4d1e495040f2,DO_1,a2e28fd638564001864546c3c2cc58ce,DO
0311ModelSet.cmodel,proj_dd79992f,IO module,f59aba570ba3438b83e323f51beb6b03,DI_2,6c19b5c4cbe04422b9c7c399de20288a,DI,PT_A2,a1b7a9a4f77f453e84469e27dc54caee,DO_1,70329880c6574cdcbaead4dfa05c7505,DO
0311ModelSet.cmodel,proj_dd79992f,IO module,f59aba570ba3438b83e323f51beb6b03,DI_3,510a6af68a0b4e01a1faddd297c9f693,DI,PT_A3,39ba07fbee684915b51b66ef5251a23c,DO_1,ae00438c11bf458a8cc6eb3cd2f8472f,DO
0311ModelSet.cmodel,proj_dd79992f,IO module,f59aba570ba3438b83e323f51beb6b03,DI_4,9beb83d1f9a9432bb7d6745e71a6b5d8,DI,PT_A4,91091a8a10c74729b300d96cddfdb859,DO_1,e9fea5852de845bbb0bbdb0a75d32379,DO
0311ModelSet.cmodel,proj_dd79992f,IO module,f59aba570ba3438b83e323f51beb6b03,DI_5,f5bb3823024d4fa4b108a6114d450146,DI,PT_A5,e5ff21944e8847a08cc7a0a4574e92be,DO_1,d93f8fef80aa4950bc8a66517f377a70,DO
0311ModelSet.cmodel,proj_dd79992f,IO module,f59aba570ba3438b83e323f51beb6b03,DI_6,8b943bdc2fe34be29b107893e33d41ff,DI,PT_A6,e2401da9f87b4c5c98bc36dd393ffd3b,DO_1,3d3579702ab94280b1c26ed2bfe785e4,DO
0311ModelSet.cmodel,proj_dd79992f,IO module,f59aba570ba3438b83e323f51beb6b03,DO_1,559eddbc6ef34bcc898fe54c6fd7dc52,DO,Do_A1,9dea147fd9184e23a72e3a0c035d0b58,DI_1,78a440eb99a14111b881cc645ca8ff21,DI
0311ModelSet.cmodel,proj_dd79992f,IO module,f59aba570ba3438b83e323f51beb6b03,DO_2,e3184ff8a2064f7da9672100bce4edcf,DO,Do_A2,eaaa2c675a134402b83a08d904ac772a,DI_1,d3a71ea01a5844039689b8fa66d7b3ea,DI
0311ModelSet.cmodel,proj_dd79992f,IO module,f59aba570ba3438b83e323f51beb6b03,DO_3,1ab0c83477b04088a8fc5951b60999f7,DO,Do_A3,d83d339470974a58968e1339c1ab00d1,DI_1,f8e6e56efb82408d943f0106d777c169,DI
0311ModelSet.cmodel,proj_dd79992f,IO module_2,efdf7949878f44a6ba37faae853b0412,DI_1,99ef0d325f48446a9dd2e41e31557e48,DI,PT_B1,837b463fea8741c0b0ada961a0a1e0e7,DO_1,9d94ddf62e4e4dfd827f02755e6e0f29,DO
0311ModelSet.cmodel,proj_dd79992f,IO module_2,efdf7949878f44a6ba37faae853b0412,DI_2,0704687d503640f5bbb4b696c409424b,DI,PT_B2,1a9eee1eb08a4b249dd15e2a5767cdd6,DO_1,7cfe0a2c4907462f9c972eba1ff7605c,DO
0311ModelSet.cmodel,proj_dd79992f,IO module_2,efdf7949878f44a6ba37faae853b0412,DI_3,52864a9abd0f464e8d46d7d77a2c9da9,DI,PT_B3,cfe225ffc20945499528bf406653cff6,DO_1,bae572f40343468ab2fc7e4bfc30385a,DO
0311ModelSet.cmodel,proj_dd79992f,IO module_2,efdf7949878f44a6ba37faae853b0412,DI_4,03d964c29b5e4d2d81e9be554d4f473a,DI,PT_B4,1447343e750e4336bf6cf211c63a0a88,DO_1,7332b5ce15b845079ddeff5ba36888b4,DO
0311ModelSet.cmodel,proj_dd79992f,IO module_2,efdf7949878f44a6ba37faae853b0412,DI_5,afca5497646a4159986d6769d4b71e97,DI,PT_B5,2565f472408741769ec86d1fb79695df,DO_1,9790797242594d4a974a15770329c9b0,DO
0311ModelSet.cmodel,proj_dd79992f,IO module_2,efdf7949878f44a6ba37faae853b0412,DI_6,86cf41baba9f434e93b579ccd5ee75d0,DI,PT_B6,7ba1d309776a4006b5c669edec2b9f4e,DO_1,97bbe0d9cc014005bb4947fcf812cb13,DO
0311ModelSet.cmodel,proj_dd79992f,IO module_2,efdf7949878f44a6ba37faae853b0412,DO_1,c8c8fc84113c447ebeb85deb77d3b9b8,DO,Do_B1,fe134a4495bc4ccb8da4077fffbc113d,DI_1,0f493fda10ad44f59348e693932dfd8d,DI
0311ModelSet.cmodel,proj_dd79992f,IO module_2,efdf7949878f44a6ba37faae853b0412,DO_2,80a723a5317945d6b110efd5097e9319,DO,Do_B2,3fd7a3d96bb74846baf1b83de63dbb78,DI_1,288a38bdcc81476380890d6524f15f1e,DI
0311ModelSet.cmodel,proj_dd79992f,IO module_2,efdf7949878f44a6ba37faae853b0412,DO_3,658d57320b464456966f43d2e89dbe0a,DO,Do_B3,e8baf25aea6a478283c34d3e38a29477,DI_1,72cb0b1267f843738e29c1f4df2faf48,DI
0311ModelSet.cmodel,proj_dd79992f,IO module_2,efdf7949878f44a6ba37faae853b0412,DO_4,25a9d36d35954e379a86ad2720e1401f,DO,Do_B4,11352a539ff640ed9375dd79f55138dc,DI_1,16c48f2c0926400b95e82ed5dda9dd86,DI
0311ModelSet.cmodel,proj_dd79992f,IO module_2,efdf7949878f44a6ba37faae853b0412,DO_5,ad4cd2159b4d46fea3419d8e38bc8b09,DO,Do_B5,0c4ced171add4bf59413840411a8fdb2,DI_1,a15fce6b66dd4f70b4b4a3256657cafe,DI
0311ModelSet.cmodel,proj_dd79992f,IO module_2,efdf7949878f44a6ba37faae853b0412,DO_6,2c316dbbcc36483faf55f99134de4807,DO,Do_B6,47b18ca1e85c4e26bfae68a98f391d69,DI_1,5155809ba1f84186b1985f1da2d658c3,DI
清畅3T（1.2版本）.cmodel,proj_076b039a,driver_FR_L,8d70e374f27c4642bdba24cb33d9e1f0,CAN_1,5df8a66b3f8143f182b8289bb9b0e0c4,CAN,MainController,8f82f90dda7c451d9b7c2abaf06c5028,CAN_2,cc866bdd6d694f5bbf727a59d3d1a751,CAN
清畅3T（1.2版本）.cmodel,proj_076b039a,driver_FR_L,8d70e374f27c4642bdba24cb33d9e1f0,LINE_1,c3f7d536fb554c5e8d2abc68759ec613,LINE,motor_FR_L,958e057a0399409c8d3bbdb42382bf3f,LINE_1,4950ca41b2484cf2b03997f1d8b18274,LINE
清畅3T（1.2版本）.cmodel,proj_076b039a,driver_FR_L,8d70e374f27c4642bdba24cb33d9e1f0,ENCR_1,c63001019483462396fb9517b7c49f4b,ENCR,motor_FR_L,958e057a0399409c8d3bbdb42382bf3f,ENCR_1,75372b1f341c47279af7539314ce0a4f,ENCR
清畅3T（1.2版本）.cmodel,proj_076b039a,driver_FR_R,c1f5e42d022b4af68c4d2512a2d0d394,CAN_1,751aa71b5c134b6d920051db861f0b4c,CAN,MainController,8f82f90dda7c451d9b7c2abaf06c5028,CAN_2,cc866bdd6d694f5bbf727a59d3d1a751,CAN
清畅3T（1.2版本）.cmodel,proj_076b039a,driver_FR_R,c1f5e42d022b4af68c4d2512a2d0d394,LINE_1,d01ff85b642d4a59a194e3bbed3ba222,LINE,motor_FR_R,a3dc5fbabac44946ae1ec13722c4e21a,LINE_1,782d1da331944d5baf7876fd90b0c492,LINE
清畅3T（1.2版本）.cmodel,proj_076b039a,driver_FR_R,c1f5e42d022b4af68c4d2512a2d0d394,ENCR_1,062e6ffed0f642229c8c7a482434f7ec,ENCR,motor_FR_R,a3dc5fbabac44946ae1ec13722c4e21a,ENCR_1,30818cb013924271a49e3cbaac0f7501,ENCR
清畅3T（1.2版本）.cmodel,proj_076b039a,driver_BL_L,7d45a3ed893c45078e77aab960961a64,CAN_1,3d55698b08064156a2c70150d3969ed8,CAN,MainController,8f82f90dda7c451d9b7c2abaf06c5028,CAN_2,cc866bdd6d694f5bbf727a59d3d1a751,CAN
清畅3T（1.2版本）.cmodel,proj_076b039a,driver_BL_L,7d45a3ed893c45078e77aab960961a64,LINE_1,e7f85d8db01542efa0bb777af13021ea,LINE,motor_BL_L,94f580e6f67e425382c74c13048fe1e9,LINE_1,5c4e5ee9c713471cbf8d7f067bf5826d,LINE
清畅3T（1.2版本）.cmodel,proj_076b039a,driver_BL_L,7d45a3ed893c45078e77aab960961a64,ENCR_1,fc75de3e78de411c9a1b53e39fd66e25,ENCR,motor_BL_L,94f580e6f67e425382c74c13048fe1e9,ENCR_1,e2f3171792f048509e3aed00bc0e8880,ENCR
清畅3T（1.2版本）.cmodel,proj_076b039a,driver_BL_R,4e4496040266452aade6f4bfac00198c,CAN_1,cc6954a647db46e0b9842dc4a8725e02,CAN,MainController,8f82f90dda7c451d9b7c2abaf06c5028,CAN_2,cc866bdd6d694f5bbf727a59d3d1a751,CAN
清畅3T（1.2版本）.cmodel,proj_076b039a,driver_BL_R,4e4496040266452aade6f4bfac00198c,LINE_1,088c86fd87834c6782ed40eacc4dee52,LINE,motor_BL_R,364b52e14a07402d9459d1cf11060bdd,LINE_1,e66bb1c808d64cda99ba02fb10fc14df,LINE
清畅3T（1.2版本）.cmodel,proj_076b039a,driver_BL_R,4e4496040266452aade6f4bfac00198c,ENCR_1,68d9f7b8103a4dd7a924e477f6b26fa0,ENCR,motor_BL_R,364b52e14a07402d9459d1cf11060bdd,ENCR_1,edea651307784389891e16ea4d3cbe04,ENCR
清畅3T（1.2版本）.cmodel,proj_076b039a,absEncoder_1,d98a7784690a4b089610c6bdcb4fe058,CAN_1,0f013ab1628a466f87880966cc6aa677,CAN,MainController,8f82f90dda7c451d9b7c2abaf06c5028,CAN_3,9c5524f9370c4a3697997605a6766141,CAN
清畅3T（1.2版本）.cmodel,proj_076b039a,absEncoder_2,af07f4f5f4c94e8686a11e717e26fcb2,CAN_1,4353ce1cdfc84d1dbcea4f51eee7f45e,CAN,MainController,8f82f90dda7c451d9b7c2abaf06c5028,CAN_3,9c5524f9370c4a3697997605a6766141,CAN
清畅3T（1.2版本）.cmodel,proj_076b039a,lamp,c5587e68c1d74dff9bbdafd74ec32c49,DI_1,d2ee22a1495441c4b2ff5156710c96bd,DI,IO module_110,4c27f652135341d3a10a2a651b0d93e5,DO_1,88ccf76d279e426c9fbfb41f81bf7f74,DO
清畅3T（1.2版本）.cmodel,proj_076b039a,lamp,c5587e68c1d74dff9bbdafd74ec32c49,DI_2,65f67098fc57498aa360c62428d10aad,DI,IO module_110,4c27f652135341d3a10a2a651b0d93e5,DO_2,71d2478e66054e1da0af63a9683e3d12,DO
清畅3T（1.2版本）.cmodel,proj_076b039a,lamp,c5587e68c1d74dff9bbdafd74ec32c49,DI_3,8e69374106e940e8a0078a1174fd1949,DI,IO module_110,4c27f652135341d3a10a2a651b0d93e5,DO_3,e9a72c92cb044d1dbbfa007fa8c50279,DO
清畅3T（1.2版本）.cmodel,proj_076b039a,EMC,8de1655e9f254bb6b0d326a7ddde8f5f,DO_1,e4e946d4c08e49fe9b74a606611228f6,DO,IO module_110,4c27f652135341d3a10a2a651b0d93e5,DI_2,9ae4f7a2886644caa01d2a114ff0819d,DI
清畅3T（1.2版本）.cmodel,proj_076b039a,screen,24930c259b4e47388eed12bef937d090,RS485_1,b4b1605a42264f6ea14c59fa6b70b198,RS485,MainController,8f82f90dda7c451d9b7c2abaf06c5028,RS485_1,8f1af9646b294ab99a4e89f1d17fc501,RS485
清畅3T（1.2版本）.cmodel,proj_076b039a,MainController,8f82f90dda7c451d9b7c2abaf06c5028,RS485_2,2e89491465014111b1dfe344449d4c81,RS485,battery,dd594a11e553488daa435f0f5eb3e904,RS485_1,6cd5c4c4464841b1b9a17657315911d1,RS485
清畅3T（1.2版本）.cmodel,proj_076b039a,MainController,8f82f90dda7c451d9b7c2abaf06c5028,CAN_3,9c5524f9370c4a3697997605a6766141,CAN,IO module_110,4c27f652135341d3a10a2a651b0d93e5,CAN_1,19541f8377cf4fbca90f290771e9ebdb,CAN
清畅3T（1.2版本）.cmodel,proj_076b039a,MainController,8f82f90dda7c451d9b7c2abaf06c5028,ETH_1,b399f4e993d04251b12ca6dd31325f51,ETH,MainController,8f82f90dda7c451d9b7c2abaf06c5028,ETH_1,b399f4e993d04251b12ca6dd31325f51,ETH
清畅3T（1.2版本）.cmodel,proj_076b039a,MainController,8f82f90dda7c451d9b7c2abaf06c5028,ETH_1,b399f4e993d04251b12ca6dd31325f51,ETH,MainController,8f82f90dda7c451d9b7c2abaf06c5028,ETH_2,1591f603d44543b99614d241b919073c,ETH
清畅3T（1.2版本）.cmodel,proj_076b039a,MainController,8f82f90dda7c451d9b7c2abaf06c5028,ETH_1,b399f4e993d04251b12ca6dd31325f51,ETH,laser,434e05718436419b8cc0e22ea9fd06a5,ETH_1,3cefe9c17bde4a30b048393dee6d24f7,ETH
清畅3T（1.2版本）.cmodel,proj_076b039a,MainController,8f82f90dda7c451d9b7c2abaf06c5028,ETH_3,8034cd4857bc407c981afdeeef4c3fb9,ETH,smart camera,d8fc2927e6a643f08b2c8fdbf83a6b8a,ETH_1,0b902d5f654f4741900d3719e6998c6f,ETH
清畅3T（1.2版本）.cmodel,proj_076b039a,MainController,8f82f90dda7c451d9b7c2abaf06c5028,SPK_1,aa7da938544a4f9f90977fe6ca0a8243,SPK,speaker,0c4a3d481ba64eaead4daffc615009fa,SPK_1,8e1d520cf23940ac881a427227080eb0,SPK
清畅3T（1.2版本）.cmodel,proj_076b039a,RST,6dfca2f36b234c3db3edcf874c86ed6c,DO_1,0769682eab684d81a472aa0958ced10b,DO,IO module_110,4c27f652135341d3a10a2a651b0d93e5,DI_3,340144666eb2400bae37d08c4acedbbf,DI
清畅3T（1.2版本）.cmodel,proj_076b039a,select,cb3743dac2da47128dddea26a1666da2,DO_1,f85a13de40b04d1a9bb64ff138e4b354,DO,IO module_110,4c27f652135341d3a10a2a651b0d93e5,DI_4,c59bcde6d94c4486a5e05358555e7745,DI
清畅3T（1.2版本）.cmodel,proj_076b039a,collision,8dbadc21398b4b5d856fdcc947ab4dae,DO_1,71960c2f46764861a42b8b67d0653abc,DO,IO module_110,4c27f652135341d3a10a2a651b0d93e5,DI_1,0155633e336c4575a7f717341b06b93e,DI
清畅3T（1.2版本）.cmodel,proj_076b039a,charger,97085b83064b45338495283f4824d854,DI_1,4be9ee749e7a46f3b07aa62932a491c2,DI,IO module_110,4c27f652135341d3a10a2a651b0d93e5,DO_4,52ea22f3e6804bfabc99c14cb60b6da1,DO
清畅3T（1.2版本）.cmodel,proj_076b039a,IO module_110,4c27f652135341d3a10a2a651b0d93e5,DI_5,04aaaa0f58a8484fa3b0e1bf886d861e,DI,up_limit,e7956b77d3994950904e7d39efd00a2e,DO_1,d16f03b5bb3d43aa93878d375ce4b6ec,DO
清畅3T（1.2版本）.cmodel,proj_076b039a,IO module_110,4c27f652135341d3a10a2a651b0d93e5,DI_6,cd6055196059409db3cc8d1162d37c9d,DI,Lower_limit,56f240d364774a97beaf8fa657f97102,DO_1,fc4323afadaf426792c28d6bd5b9dbef,DO
清畅3T（1.2版本）.cmodel,proj_076b039a,IO module_110,4c27f652135341d3a10a2a651b0d93e5,DO_5,0c8066cd060148bf94f6d4192cc44745,DO,Lift_pump,d87aaa58b2b54cf082ed53a6e3728d94,DI_1,8cba43a386154a2698e5910a0736e3d0,DI
清畅3T（1.2版本）.cmodel,proj_076b039a,IO module_110,4c27f652135341d3a10a2a651b0d93e5,DO_6,09db6dd478ad4b7d870f96a67c7c6f9a,DO,Lift_up,fe4161ae12c14c2baea1ab2f616703bf,DI_1,b50face8668c41e99bcf7a61a4cca711,DI
清畅3T（1.2版本）.cmodel,proj_076b039a,IO module_110,4c27f652135341d3a10a2a651b0d93e5,DO_7,039c671338bf4c5eaa62b8f217041a9d,DO,Lift_down,27574398d1e94f2bafc37586e8e62203,DI_1,9c5a9767b0064094a42e207637dfd493,DI
最终ModelSet.cmodel,proj_482c6d87,speaker,a1aebca205f94198b1dceb22248b0e4f,SPK_1,501023d9b9d14f19ae28b762fce79877,SPK,MainController,ee5c479ed705431c8b89af690ca97134,SPK_1,b90050aace7040b685bd28a3e0f52fc0,SPK
最终ModelSet.cmodel,proj_482c6d87,laser,30c06fe426384cc8abe61d7743a5073a,ETH_1,8bd3cb3ab4df46948a2f2c5f5e6d2d07,ETH,MainController,ee5c479ed705431c8b89af690ca97134,ETH_1,36bb49a95fc74d07ad678c733bd1b5e0,ETH
最终ModelSet.cmodel,proj_482c6d87,slaveController,0aed2f639cd948d7a90914c4f2a3bbbf,CAN_1,b5eb667b52f84f0794184a307c274133,CAN,MainController,ee5c479ed705431c8b89af690ca97134,CAN_3,a55fa443da3a462498db7f73d044aaae,CAN
最终ModelSet.cmodel,proj_482c6d87,slaveController,0aed2f639cd948d7a90914c4f2a3bbbf,PZTB_1,d60f19bb9e1a4c16b831e9d2c646f008,PZTB,collision,f3e7de6520d44ec097185b9b3e410032,PZTB_1,d9fc8fd6671e41269e45bc97b70bcd23,PZTB
最终ModelSet.cmodel,proj_482c6d87,safety_slaveController,e7ca7319c1874f4f92c7e7c0fb271a95,CAN_1,6cc937e82f78495e81354be4809edce8,CAN,MainController,ee5c479ed705431c8b89af690ca97134,CAN_3,a55fa443da3a462498db7f73d044aaae,CAN
最终ModelSet.cmodel,proj_482c6d87,safety_slaveController,e7ca7319c1874f4f92c7e7c0fb271a95,DO_1,dc887390082846e9b6ddede8288bbf3d,DO,lamp_SS,bc9907844bc54e8f9fafc92d3141f6b1,DI_1,8334e5debbda4d0db0e58ee45c4112a5,DI
最终ModelSet.cmodel,proj_482c6d87,safety_slaveController,e7ca7319c1874f4f92c7e7c0fb271a95,DO_2,39cf16486b4748999192e999e4bc4990,DO,lamp_mode,0ebd339f5cc44716be4ddf2badaec7b3,DI_1,16ecea192628484ca5b782d6bfe0cb8a,DI
最终ModelSet.cmodel,proj_482c6d87,safety_slaveController,e7ca7319c1874f4f92c7e7c0fb271a95,DO_4,2405da4206c84c5ba052fcc3424a8670,DO,lamp_left,96958343cfb841a0a25f268f7d8057e9,DI_2,743b0a01894c4d6e8ca11c2f703e28a0,DI
最终ModelSet.cmodel,proj_482c6d87,safety_slaveController,e7ca7319c1874f4f92c7e7c0fb271a95,DO_5,849322d9069443d28594b1c6a04f59a1,DO,lamp_left,96958343cfb841a0a25f268f7d8057e9,DI_1,cd8db6150e3048c3aa65a3b3ff3a37cb,DI
最终ModelSet.cmodel,proj_482c6d87,safety_slaveController,e7ca7319c1874f4f92c7e7c0fb271a95,DO_6,5f8ea96e41af4fe493dc54c8b286cff4,DO,lamp_left,96958343cfb841a0a25f268f7d8057e9,DI_3,a9b64fe81061483fadc88d0632a5037f,DI
最终ModelSet.cmodel,proj_482c6d87,safety_slaveController,e7ca7319c1874f4f92c7e7c0fb271a95,DO_7,5efacb0de94c464ebde5e07d34f585b6,DO,lamp_right,d97e232cea6c436682330d52b49d5e14,DI_2,e69becbfc1e64cfbba813bcee09091c8,DI
最终ModelSet.cmodel,proj_482c6d87,safety_slaveController,e7ca7319c1874f4f92c7e7c0fb271a95,DO_8,fd5a9ef65aac4e37863bb5fe97b46535,DO,lamp_right,d97e232cea6c436682330d52b49d5e14,DI_1,abd5edbac42b4df88e0779a543e1e55c,DI
最终ModelSet.cmodel,proj_482c6d87,safety_slaveController,e7ca7319c1874f4f92c7e7c0fb271a95,DO_9,df9fee47f21a4f798eeade638c47b0e4,DO,lamp_right,d97e232cea6c436682330d52b49d5e14,DI_3,1a73708ccae047189bde32c764e31b3e,DI
最终ModelSet.cmodel,proj_482c6d87,safety_slaveController,e7ca7319c1874f4f92c7e7c0fb271a95,DI_1,ff5a8943a4814835b701e8653f865937,DI,button_stop,fa09c77d955742dd9be96b54cdf7bbe9,DO_1,50fdb8d711a44357a83879d5997988f3,DO
最终ModelSet.cmodel,proj_482c6d87,safety_slaveController,e7ca7319c1874f4f92c7e7c0fb271a95,DI_3,7c1939078f16428e8c0ea1381ad23f5a,DI,button_stop1,35efdf127e854ef5b5e94ba730cf5261,DO_1,b4e8ccbf23cc4ac6878e3a58f720b6d0,DO
最终ModelSet.cmodel,proj_482c6d87,safety_slaveController,e7ca7319c1874f4f92c7e7c0fb271a95,DI_5,47d687374d7e4219aae5540d55fbeb06,DI,button_RST,53209587c96b44589cf39a020fcd1485,DO_1,5f1f72c4f60440b68e125d5647e05ed1,DO
最终ModelSet.cmodel,proj_482c6d87,safety_slaveController,e7ca7319c1874f4f92c7e7c0fb271a95,DI_7,b059daf9b1b5445b866f7822e3f2f723,DI,button_MODE,b7cbe6e66d78415c8216c44a929fab1e,DO_1,ec63671824e24e588dc0c2157df9fb8e,DO
最终ModelSet.cmodel,proj_482c6d87,safety_slaveController,e7ca7319c1874f4f92c7e7c0fb271a95,DI_9,93459169d53f4ddd87b18079c83ef6cc,DI,button_SS,f0be9ceee0924621892863bb0782eb71,DO_1,330f8bd7feec480f803e6e5b85185dd3,DO
最终ModelSet.cmodel,proj_482c6d87,safety_slaveController,e7ca7319c1874f4f92c7e7c0fb271a95,PZTB_1,43c0370a5ec346edac30e4a8fc471376,PZTB,collision0,1a71ca2149c64f64b242616d1505ccdd,PZTB_1,de2d4e2d47ad48a387e3ff4030f366be,PZTB
最终ModelSet.cmodel,proj_482c6d87,driver_lift,ef619013553b4e359279c2b1a3ab643d,CAN_1,096e557887154df581dd2c83988ef3fd,CAN,MainController,ee5c479ed705431c8b89af690ca97134,CAN_2,9197ec7eb6fc47db90fc389682a92341,CAN
最终ModelSet.cmodel,proj_482c6d87,driver_lift,ef619013553b4e359279c2b1a3ab643d,DI_6,b21d209e9534456db6d909bc2ff1f23b,DI,proximitySensor_lift,d87e70b837a0492db14389747055e724,DO_1,24d78cb6872c45f1929591d4c52fbecb,DO
最终ModelSet.cmodel,proj_482c6d87,driver_lift,ef619013553b4e359279c2b1a3ab643d,ENCR_1,a0be98ac2f704c1eb1054ce076d130ef,ENCR,motor_lift,4751259ea1db482f968a5dda60dc07a2,ENCR_1,3679c4ff616d48b1906e3475019df044,ENCR
最终ModelSet.cmodel,proj_482c6d87,driver_lift,ef619013553b4e359279c2b1a3ab643d,LINE_1,5bbd3be4b6c94a25a6bca42815cd4788,LINE,motor_lift,4751259ea1db482f968a5dda60dc07a2,LINE_1,b1d5d6a939f14f53aefc2c855cc355a8,LINE
最终ModelSet.cmodel,proj_482c6d87,driver_rotate,ed273ff605ff4def9a6dfb24034e7a09,CAN_1,a2a3039da8bf4accba3282e91c8034fe,CAN,MainController,ee5c479ed705431c8b89af690ca97134,CAN_2,9197ec7eb6fc47db90fc389682a92341,CAN
最终ModelSet.cmodel,proj_482c6d87,driver_rotate,ed273ff605ff4def9a6dfb24034e7a09,DI_5,e6ceb3a0cf7c4d10bfdb335faee00895,DI,proximitySensor_rotate,c7ad6ca0e8fb44a78b751ca1b2fc0bc0,DO_1,86544deedd5f43c8a16555ee3c5b0a4e,DO
最终ModelSet.cmodel,proj_482c6d87,driver_rotate,ed273ff605ff4def9a6dfb24034e7a09,ENCR_1,6796c069112a4e69bd09071e8b25075e,ENCR,motor_rotate,cfd242aa77514fc59e22c3729833f694,ENCR_1,d1f41352a9c147b795e9452afb741f44,ENCR
最终ModelSet.cmodel,proj_482c6d87,driver_rotate,ed273ff605ff4def9a6dfb24034e7a09,LINE_1,bcff76f55e6d4ba9ac78d98b950b93c2,LINE,motor_rotate,cfd242aa77514fc59e22c3729833f694,LINE_1,3501240307aa4ef9b63cd9b233cc6e69,LINE
最终ModelSet.cmodel,proj_482c6d87,MainController,ee5c479ed705431c8b89af690ca97134,RS485_1,7e242519e7694eafab89dc7d142d0a78,RS485,battery,e0f2161e4692475c834564f62deadd22,RS485_1,c667c34de9814808ae3476496f9f5115,RS485
最终ModelSet.cmodel,proj_482c6d87,MainController,ee5c479ed705431c8b89af690ca97134,CAN_2,9197ec7eb6fc47db90fc389682a92341,CAN,driver_right,b7bb3b5db30c4dc082b0499efd46a16c,CAN_1,baddb8ef23c845d6b76134a190f1a87b,CAN
最终ModelSet.cmodel,proj_482c6d87,MainController,ee5c479ed705431c8b89af690ca97134,CAN_2,9197ec7eb6fc47db90fc389682a92341,CAN,driver_left,f61fccfa364b46fdaae3c54a6ff16b2a,CAN_1,974c0f46584043fe8646aee6273575f0,CAN
最终ModelSet.cmodel,proj_482c6d87,MainController,ee5c479ed705431c8b89af690ca97134,CAN_3,a55fa443da3a462498db7f73d044aaae,CAN,IO module,f59aba570ba3438b83e323f51beb6b03,CAN_1,11007aa267ee45a5a014cd2d0842b47e,CAN
最终ModelSet.cmodel,proj_482c6d87,MainController,ee5c479ed705431c8b89af690ca97134,CAN_3,a55fa443da3a462498db7f73d044aaae,CAN,IO module_2,efdf7949878f44a6ba37faae853b0412,CAN_1,02baec5a07674ba297ce8ff9c2e4245c,CAN
最终ModelSet.cmodel,proj_482c6d87,MainController,ee5c479ed705431c8b89af690ca97134,ETH_1,36bb49a95fc74d07ad678c733bd1b5e0,ETH,MainController,ee5c479ed705431c8b89af690ca97134,ETH_1,36bb49a95fc74d07ad678c733bd1b5e0,ETH
最终ModelSet.cmodel,proj_482c6d87,MainController,ee5c479ed705431c8b89af690ca97134,ETH_1,36bb49a95fc74d07ad678c733bd1b5e0,ETH,MainController,ee5c479ed705431c8b89af690ca97134,ETH_2,c6c82767002647a3b2c23b6b433b4b48,ETH
最终ModelSet.cmodel,proj_482c6d87,MainController,ee5c479ed705431c8b89af690ca97134,ETH_1,36bb49a95fc74d07ad678c733bd1b5e0,ETH,MainController,ee5c479ed705431c8b89af690ca97134,ETH_3,e4f62ea7123b4cfea3db47b49b8e40ce,ETH
最终ModelSet.cmodel,proj_482c6d87,MainController,ee5c479ed705431c8b89af690ca97134,HDMI_1,3a454b399cad44228fb437aac68af77e,HDMI,screen,e7ec9116a21e4f6c89db98c6a9895d87,HDMI_1,1d7b163e8806473688814a5c71c44106,HDMI
最终ModelSet.cmodel,proj_482c6d87,motor_right,2ee1c65aed7a4fc4b4be92d740e981f5,ENCR_1,4ab372732409400c9934e99de996fe9f,ENCR,driver_right,b7bb3b5db30c4dc082b0499efd46a16c,ENCR_1,475178a22ca24635b431ad54d4373bee,ENCR
最终ModelSet.cmodel,proj_482c6d87,motor_right,2ee1c65aed7a4fc4b4be92d740e981f5,LINE_1,56f61e1330284302bc13f13b5a2bb583,LINE,driver_right,b7bb3b5db30c4dc082b0499efd46a16c,LINE_1,fe0650a6bd0e4baa9b300101759742ee,LINE
最终ModelSet.cmodel,proj_482c6d87,motor_left,9155de5d36264924897238bf0d9d03d7,ENCR_1,7dcbced81681467abffc3f8c587ac180,ENCR,driver_left,f61fccfa364b46fdaae3c54a6ff16b2a,ENCR_1,c6af74fd837c4ef9abaf48c85ce7f325,ENCR
最终ModelSet.cmodel,proj_482c6d87,motor_left,9155de5d36264924897238bf0d9d03d7,LINE_1,ee245fb8348f4694a6b94129a6a8005f,LINE,driver_left,f61fccfa364b46fdaae3c54a6ff16b2a,LINE_1,fa8a1f0533294d568902619360cb309b,LINE
最终ModelSet.cmodel,proj_482c6d87,IO module,f59aba570ba3438b83e323f51beb6b03,DI_1,4427ebbe8e4f44d48443850f359e67ba,DI,PT_A1,cfd8ac5dcb6b460fa73d4d1e495040f2,DO_1,a2e28fd638564001864546c3c2cc58ce,DO
最终ModelSet.cmodel,proj_482c6d87,IO module,f59aba570ba3438b83e323f51beb6b03,DI_2,6c19b5c4cbe04422b9c7c399de20288a,DI,PT_A2,a1b7a9a4f77f453e84469e27dc54caee,DO_1,70329880c6574cdcbaead4dfa05c7505,DO
最终ModelSet.cmodel,proj_482c6d87,IO module,f59aba570ba3438b83e323f51beb6b03,DI_3,510a6af68a0b4e01a1faddd297c9f693,DI,PT_A3,39ba07fbee684915b51b66ef5251a23c,DO_1,ae00438c11bf458a8cc6eb3cd2f8472f,DO
最终ModelSet.cmodel,proj_482c6d87,IO module,f59aba570ba3438b83e323f51beb6b03,DI_4,9beb83d1f9a9432bb7d6745e71a6b5d8,DI,PT_A4,91091a8a10c74729b300d96cddfdb859,DO_1,e9fea5852de845bbb0bbdb0a75d32379,DO
最终ModelSet.cmodel,proj_482c6d87,IO module,f59aba570ba3438b83e323f51beb6b03,DI_5,f5bb3823024d4fa4b108a6114d450146,DI,PT_A5,e5ff21944e8847a08cc7a0a4574e92be,DO_1,d93f8fef80aa4950bc8a66517f377a70,DO
最终ModelSet.cmodel,proj_482c6d87,IO module,f59aba570ba3438b83e323f51beb6b03,DI_6,8b943bdc2fe34be29b107893e33d41ff,DI,PT_A6,e2401da9f87b4c5c98bc36dd393ffd3b,DO_1,3d3579702ab94280b1c26ed2bfe785e4,DO
最终ModelSet.cmodel,proj_482c6d87,IO module,f59aba570ba3438b83e323f51beb6b03,DI_7,2d4a4b10815441adb45371af036c1ae6,DI,collision1,04cc2043b8e54669b7dc0fa5073fd03f,DO_1,0752d5794efc49b99a472749850756c2,DO
最终ModelSet.cmodel,proj_482c6d87,IO module,f59aba570ba3438b83e323f51beb6b03,DO_1,559eddbc6ef34bcc898fe54c6fd7dc52,DO,Do_A1,9dea147fd9184e23a72e3a0c035d0b58,DI_1,78a440eb99a14111b881cc645ca8ff21,DI
最终ModelSet.cmodel,proj_482c6d87,IO module,f59aba570ba3438b83e323f51beb6b03,DO_2,e3184ff8a2064f7da9672100bce4edcf,DO,Do_A2,eaaa2c675a134402b83a08d904ac772a,DI_1,d3a71ea01a5844039689b8fa66d7b3ea,DI
最终ModelSet.cmodel,proj_482c6d87,IO module,f59aba570ba3438b83e323f51beb6b03,DO_3,1ab0c83477b04088a8fc5951b60999f7,DO,Do_A3,d83d339470974a58968e1339c1ab00d1,DI_1,f8e6e56efb82408d943f0106d777c169,DI
最终ModelSet.cmodel,proj_482c6d87,IO module_2,efdf7949878f44a6ba37faae853b0412,DI_1,99ef0d325f48446a9dd2e41e31557e48,DI,PT_B1,837b463fea8741c0b0ada961a0a1e0e7,DO_1,9d94ddf62e4e4dfd827f02755e6e0f29,DO
最终ModelSet.cmodel,proj_482c6d87,IO module_2,efdf7949878f44a6ba37faae853b0412,DI_2,0704687d503640f5bbb4b696c409424b,DI,PT_B2,1a9eee1eb08a4b249dd15e2a5767cdd6,DO_1,7cfe0a2c4907462f9c972eba1ff7605c,DO
最终ModelSet.cmodel,proj_482c6d87,IO module_2,efdf7949878f44a6ba37faae853b0412,DI_3,52864a9abd0f464e8d46d7d77a2c9da9,DI,PT_B3,cfe225ffc20945499528bf406653cff6,DO_1,bae572f40343468ab2fc7e4bfc30385a,DO
最终ModelSet.cmodel,proj_482c6d87,IO module_2,efdf7949878f44a6ba37faae853b0412,DI_4,03d964c29b5e4d2d81e9be554d4f473a,DI,PT_B4,1447343e750e4336bf6cf211c63a0a88,DO_1,7332b5ce15b845079ddeff5ba36888b4,DO
最终ModelSet.cmodel,proj_482c6d87,IO module_2,efdf7949878f44a6ba37faae853b0412,DI_5,afca5497646a4159986d6769d4b71e97,DI,PT_B5,2565f472408741769ec86d1fb79695df,DO_1,9790797242594d4a974a15770329c9b0,DO
最终ModelSet.cmodel,proj_482c6d87,IO module_2,efdf7949878f44a6ba37faae853b0412,DI_6,86cf41baba9f434e93b579ccd5ee75d0,DI,PT_B6,7ba1d309776a4006b5c669edec2b9f4e,DO_1,97bbe0d9cc014005bb4947fcf812cb13,DO
最终ModelSet.cmodel,proj_482c6d87,IO module_2,efdf7949878f44a6ba37faae853b0412,DO_1,c8c8fc84113c447ebeb85deb77d3b9b8,DO,Do_B1,fe134a4495bc4ccb8da4077fffbc113d,DI_1,0f493fda10ad44f59348e693932dfd8d,DI
最终ModelSet.cmodel,proj_482c6d87,IO module_2,efdf7949878f44a6ba37faae853b0412,DO_2,80a723a5317945d6b110efd5097e9319,DO,Do_B2,3fd7a3d96bb74846baf1b83de63dbb78,DI_1,288a38bdcc81476380890d6524f15f1e,DI
最终ModelSet.cmodel,proj_482c6d87,IO module_2,efdf7949878f44a6ba37faae853b0412,DO_3,658d57320b464456966f43d2e89dbe0a,DO,Do_B3,e8baf25aea6a478283c34d3e38a29477,DI_1,72cb0b1267f843738e29c1f4df2faf48,DI
最终ModelSet.cmodel,proj_482c6d87,IO module_2,efdf7949878f44a6ba37faae853b0412,DO_4,25a9d36d35954e379a86ad2720e1401f,DO,Do_B4,11352a539ff640ed9375dd79f55138dc,DI_1,16c48f2c0926400b95e82ed5dda9dd86,DI
最终ModelSet.cmodel,proj_482c6d87,IO module_2,efdf7949878f44a6ba37faae853b0412,DO_5,ad4cd2159b4d46fea3419d8e38bc8b09,DO,Do_B5,0c4ced171add4bf59413840411a8fdb2,DI_1,a15fce6b66dd4f70b4b4a3256657cafe,DI
最终ModelSet.cmodel,proj_482c6d87,IO module_2,efdf7949878f44a6ba37faae853b0412,DO_6,2c316dbbcc36483faf55f99134de4807,DO,Do_B6,47b18ca1e85c4e26bfae68a98f391d69,DI_1,5155809ba1f84186b1985f1da2d658c3,DI
ModelSet(5).cmodel,proj_becd64b6,motor-left-600kg,b07b5847cf8f41ccb360549f0e51c6ce,LINE_1,726cf41a7a3d472481820d668d3ab810,LINE,driver-left-600kg,41c6ea3d43324aba955edd7adfc154a6,LINE_1,d8b1ce5cf3724c7d83762a42391e8bde,LINE
ModelSet(5).cmodel,proj_becd64b6,motor-left-600kg,b07b5847cf8f41ccb360549f0e51c6ce,ENCR_1,618fab14e3384de7b4bae45009d8ad2c,ENCR,driver-left-600kg,41c6ea3d43324aba955edd7adfc154a6,ENCR_1,f41deaa6b6e94244a80815f102f8ba11,ENCR
ModelSet(5).cmodel,proj_becd64b6,motor-right-600kg,ed8b2a53d28f4a908885ac89debfc510,LINE_1,e3395c2c5e6d41eb9f16bf3b9cfc7670,LINE,driver-right-600kg,cfdf3d0f338c45c786d9a3a46295627c,LINE_1,84eff711834b4d7db77527a3857205f5,LINE
ModelSet(5).cmodel,proj_becd64b6,motor-right-600kg,ed8b2a53d28f4a908885ac89debfc510,ENCR_1,341ef2263c85440da6e1942acda767dd,ENCR,driver-right-600kg,cfdf3d0f338c45c786d9a3a46295627c,ENCR_1,8f635975d4ce4d88bad31f0dce71267c,ENCR
ModelSet(5).cmodel,proj_becd64b6,driver-left-600kg,41c6ea3d43324aba955edd7adfc154a6,CAN_1,0a9751c45e3849018ea503bab2d58341,CAN,MainController-600kg,e27b97efcbc744438c853c2132168d93,CAN_2,9e786f9e992c41d0a9cb9a7a86068fa0,CAN
ModelSet(5).cmodel,proj_becd64b6,driver-right-600kg,cfdf3d0f338c45c786d9a3a46295627c,CAN_1,c18200e82f644356ad387bd8b732e7ea,CAN,MainController-600kg,e27b97efcbc744438c853c2132168d93,CAN_2,9e786f9e992c41d0a9cb9a7a86068fa0,CAN
ModelSet(5).cmodel,proj_becd64b6,MainController-600kg,e27b97efcbc744438c853c2132168d93,RS485_1,2bb7f04e57724de395ba1dfe8846b0d5,RS485,battery-600kg-48V,15e1ce41dbd34d50a6508ccfba11ccd9,RS485_1,85a7f7b876be43359ace40e9c3ba4559,RS485
ModelSet(5).cmodel,proj_becd64b6,MainController-600kg,e27b97efcbc744438c853c2132168d93,CAN_3,a1d291e795d04b65be88bfbef61b37cb,CAN,IO module-600kg,43b0a4151abc448cbc38ffd81535e757,CAN_1,8287cce6f3104a149b9fdcec08ce4c89,CAN
ModelSet(5).cmodel,proj_becd64b6,MainController-600kg,e27b97efcbc744438c853c2132168d93,ETH_1,0fff7b0e213f4ef69a3e5eedd18d6838,ETH,MainController-600kg,e27b97efcbc744438c853c2132168d93,ETH_1,0fff7b0e213f4ef69a3e5eedd18d6838,ETH
ModelSet(5).cmodel,proj_becd64b6,MainController-600kg,e27b97efcbc744438c853c2132168d93,ETH_1,0fff7b0e213f4ef69a3e5eedd18d6838,ETH,MainController-600kg,e27b97efcbc744438c853c2132168d93,ETH_2,3a3de3b647f74d86abca7d03a54ff1c0,ETH
ModelSet(5).cmodel,proj_becd64b6,MainController-600kg,e27b97efcbc744438c853c2132168d93,ETH_1,0fff7b0e213f4ef69a3e5eedd18d6838,ETH,MainController-600kg,e27b97efcbc744438c853c2132168d93,ETH_3,28467d7b7d92445aaa0660b939678f29,ETH
ModelSet(5).cmodel,proj_becd64b6,MainController-600kg,e27b97efcbc744438c853c2132168d93,ETH_1,0fff7b0e213f4ef69a3e5eedd18d6838,ETH,laser-600kg,905e42fe45f14e8da0b22d7c5b62a101,ETH_1,e3a79062602241c0a8fb3c52dd2b300b,ETH
ModelSet(5).cmodel,proj_becd64b6,IO module-600kg,43b0a4151abc448cbc38ffd81535e757,DI_2,e014134097c84480b1435f719b078947,DI,button-600kg-Emergency,3599e89dbfb34f6fa87666b943441cd5,DO_1,cd8f26db48fa40df97ef8e52a9034d3e,DO
ModelSet(5).cmodel,proj_becd64b6,IO module-600kg,43b0a4151abc448cbc38ffd81535e757,DI_4,5eb8d2ca1f0b422ea9b5fe4caa80dd71,DI,button-qiehuan-qian,d85e82110e4d4a678d4e3bddfb147fbd,DO_1,a6248fdbb3504ea4ae34d7dcd9fc0f10,DO
ModelSet(5).cmodel,proj_becd64b6,IO module-600kg,43b0a4151abc448cbc38ffd81535e757,DI_7,e9e797c6f63142d9ac911440ab509a7c,DI,button-qianhuan-hou,891b88d1765446459ea3909433fc966d,DO_1,0f5412852ad64220bf336355548795ca,DO
ModelSet(5).cmodel,proj_becd64b6,IO module-600kg,43b0a4151abc448cbc38ffd81535e757,DI_8,5e3e8088770c470dbf62c39a8acc61cf,DI,button-under-Emergency,949c11d67e4040abbd2fd8c2f1a84b0e,DO_1,0900fa8def5f479eaede45a4057f39d8,DO
ModelSet(5).cmodel,proj_becd64b6,IO module-600kg,43b0a4151abc448cbc38ffd81535e757,DO_1,5d4f58e2cd204874a5a6c375f9108067,DO,warninglight-LED,87f4e4cf0e604aec9d1e9449ccab0dc9,DI_1,0b40b6fd37b2403ba9cecef2ed0723b9,DI
ModelSet(1).cmodel,proj_2f473547,walk-motor,c99f14197a1a4b96ba19e8ce014f02cd,LINE_1,b539e863807749828e4a477ffeded075,LINE,ZAPI DRIVER,7036167b73674c44a0c1051cc119de0e,LINE_1,e6aff16acf02436083667c9353f773b3,LINE
ModelSet(1).cmodel,proj_2f473547,steer-motor,18acf723445c4a67b4c275be56dae497,LINE_1,340d3306a38b49998b1329bcfa221c0a,LINE,kinco steer driver,ec8782d2d2034a79aef255ebe50dc646,LINE_1,c3575db5c1cd4827b664146330cd1684,LINE
ModelSet(1).cmodel,proj_2f473547,steer-motor,18acf723445c4a67b4c275be56dae497,ENCR_1,91725272012a43f2958c6d47bc133fdc,ENCR,kinco steer driver,ec8782d2d2034a79aef255ebe50dc646,ENCR_1,89f6aca03d5244ff9580a8e06edb769f,ENCR
ModelSet(1).cmodel,proj_2f473547,MainController,354410b3fb8d4f92b236c6934930e4df,CAN_2,b7706ac95d0d4aad9ca7b94680dfa652,CAN,kinco steer driver,ec8782d2d2034a79aef255ebe50dc646,CAN_1,c5c980329bc54be9ace336696b7c0c03,CAN
ModelSet(1).cmodel,proj_2f473547,MainController,354410b3fb8d4f92b236c6934930e4df,CAN_2,b7706ac95d0d4aad9ca7b94680dfa652,CAN,ZAPI DRIVER,7036167b73674c44a0c1051cc119de0e,CAN_1,1f9512d522584735b50956708e7a84e4,CAN
ModelSet(1).cmodel,proj_2f473547,MainController,354410b3fb8d4f92b236c6934930e4df,CAN_2,b7706ac95d0d4aad9ca7b94680dfa652,CAN,TofiEncoder,fc09180abcf64fd0a0ec5f7ab6837403,CAN_1,ce77da08d4fa4be887ec024abf5b1440,CAN
ModelSet(1).cmodel,proj_2f473547,MainController,354410b3fb8d4f92b236c6934930e4df,CAN_3,645cb8a270de4ec0963f1271d0579ad9,CAN,IO module,a7ae59e9a9634e9a8aff4b8fdf6de98b,CAN_1,87443755f6c34b6db04dc9a5242e93f8,CAN
ModelSet(1).cmodel,proj_2f473547,MainController,354410b3fb8d4f92b236c6934930e4df,ETH_1,70710dee4969400081dae10016c8f3bd,ETH,MainController,354410b3fb8d4f92b236c6934930e4df,ETH_1,70710dee4969400081dae10016c8f3bd,ETH
ModelSet(1).cmodel,proj_2f473547,MainController,354410b3fb8d4f92b236c6934930e4df,ETH_1,70710dee4969400081dae10016c8f3bd,ETH,MainController,354410b3fb8d4f92b236c6934930e4df,ETH_2,63988ca24e9e4693a00938942ab66505,ETH
ModelSet(1).cmodel,proj_2f473547,MainController,354410b3fb8d4f92b236c6934930e4df,ETH_1,70710dee4969400081dae10016c8f3bd,ETH,laser1,95a6634451094c84ac304d859d4378be,ETH_1,8bab7b24f3b94c87beb3b68d98f0d897,ETH
ModelSet(1).cmodel,proj_2f473547,MainController,354410b3fb8d4f92b236c6934930e4df,ETH_3,1cdbda5cd3ee46ebbc0643159177183c,ETH,laser,b3d1c692f20d4e44981f34fb990f490a,ETH_1,84fbb35ab69b4a819cbfad0c54b2d68b,ETH
ModelSet(1).cmodel,proj_2f473547,MainController,354410b3fb8d4f92b236c6934930e4df,ETH_3,1cdbda5cd3ee46ebbc0643159177183c,ETH,laser0,35167f88b00d4b08aa92bda9808e7efe,ETH_1,30eb9485d9ed4109a3f97bb4cdd66123,ETH
ModelSet(1).cmodel,proj_2f473547,IO module,a7ae59e9a9634e9a8aff4b8fdf6de98b,DI_1,d9703b6afb8d4c40805d083036e03f27,DI,button,c66a3fb788fa42c9a91e7d3580a98cdd,DO_1,a2dadc9cd3ba4610b95b52b28a6cb19e,DO
ModelSet(1).cmodel,proj_2f473547,ZAPI DRIVER,7036167b73674c44a0c1051cc119de0e,LINE_2,78aa2fcbe4634e619afc759e96a3dc0f,LINE,lift_motor_bdc,1b9255adcd09409bb21f6786fe4e3094,LINE_1,10c3dbd499e04d579bf6ca1b3b5b46fc,LINE
ModelSet39(1).cmodel,proj_d39f8944,driver-left,82bd967322c54e888ef9aaf9752aded0,CAN_1,98fc774977934e07901ec799b7bffdaa,CAN,MainController,30ce17ed495f40a6b90d85158c1d6f08,CAN_2,2ea0552b5a294d0e9945bec1137530ea,CAN
ModelSet39(1).cmodel,proj_d39f8944,driver-left,82bd967322c54e888ef9aaf9752aded0,LINE_1,8dd9d94bb87c4b578c653b4edc461c97,LINE,motor-left,13e6b0ff93bc49e2a89a214744cae88b,LINE_1,a04a03ca08d945cb8d01e2af8214e097,LINE
ModelSet39(1).cmodel,proj_d39f8944,driver-left,82bd967322c54e888ef9aaf9752aded0,ENCR_1,322245d559a54878a3dc6e305d4dfca7,ENCR,motor-left,13e6b0ff93bc49e2a89a214744cae88b,ENCR_1,1a181dc1be834800b49c0873ffe4c7a7,ENCR
ModelSet39(1).cmodel,proj_d39f8944,driver-right,c42343264c884ff2a0ca3fee8fc81997,CAN_1,1b34489764f14cb29d94b43d7157132a,CAN,MainController,30ce17ed495f40a6b90d85158c1d6f08,CAN_2,2ea0552b5a294d0e9945bec1137530ea,CAN
ModelSet39(1).cmodel,proj_d39f8944,driver-right,c42343264c884ff2a0ca3fee8fc81997,LINE_1,47c1cac505c9455ca8fb712c095798d0,LINE,motor-right,639dde0162a3442489651066aaf9cdc7,LINE_1,c8e329d1f55c4146952c13724d31dcb0,LINE
ModelSet39(1).cmodel,proj_d39f8944,driver-right,c42343264c884ff2a0ca3fee8fc81997,ENCR_1,1667de5c5b1e426db53afb3e419fb006,ENCR,motor-right,639dde0162a3442489651066aaf9cdc7,ENCR_1,464a96a51d25407a91f2c961b30d9412,ENCR
ModelSet39(1).cmodel,proj_d39f8944,driver-lift,baa1c9403ec24ad4924283322ff4af95,CAN_1,ca2f4db3796447d0ab8f0f620095bd77,CAN,MainController,30ce17ed495f40a6b90d85158c1d6f08,CAN_2,2ea0552b5a294d0e9945bec1137530ea,CAN
ModelSet39(1).cmodel,proj_d39f8944,driver-lift,baa1c9403ec24ad4924283322ff4af95,LINE_1,3b957ea46b27441c80e0112123e2bc36,LINE,motor-lift,2dce6a0eb00c48ad9e16b1ab111a5de1,LINE_1,404c201670604c8c91da332f683e4598,LINE
ModelSet39(1).cmodel,proj_d39f8944,driver-lift,baa1c9403ec24ad4924283322ff4af95,ENCR_1,71159e54ffe743fda65a868fca9ee1ca,ENCR,motor-lift,2dce6a0eb00c48ad9e16b1ab111a5de1,ENCR_1,6c4b0e925ddb4a2492a766f8dbc44ca0,ENCR
ModelSet39(1).cmodel,proj_d39f8944,button-emc,82c4bc5d93dd40bfafc57e81773a6173,DO_1,f916b38c40384d2f87e3d112f8b89364,DO,IO module,07719f03c3634193aed300c01012bff3,DI_1,96ae90e3139e49fcbd2e19f46077159f,DI
ModelSet39(1).cmodel,proj_d39f8944,up_sensor,8e3dc6a323dd4e8bbb77249ebf7d49cd,DO_1,31deea6872314737a9a8e1502d33dff7,DO,IO module,07719f03c3634193aed300c01012bff3,DI_2,3848b724a8b84ca9800a3256b3cc6a88,DI
ModelSet39(1).cmodel,proj_d39f8944,down_sensor,2417eb55bcaf4d1eab14d9517f3d27ad,DO_1,9ddeb1f7a0d74d42be115b85ff101445,DO,IO module,07719f03c3634193aed300c01012bff3,DI_3,619f6a413586418a8f4f92948449710b,DI
ModelSet39(1).cmodel,proj_d39f8944,lamp,d2001a74c8b14cc8a6d67c8c4dca15c3,DI_1,f1cb8e9d1b55441fbad461ea95c7addb,DI,IO module,07719f03c3634193aed300c01012bff3,DO_1,749fe2b61a9c412db8b9110c0b1565c8,DO
ModelSet39(1).cmodel,proj_d39f8944,lamp,d2001a74c8b14cc8a6d67c8c4dca15c3,DI_2,b249fb92ed564a96bd8bc3047cbb29e5,DI,IO module,07719f03c3634193aed300c01012bff3,DO_2,028817e7eb5848069b3b179c16c966c8,DO
ModelSet39(1).cmodel,proj_d39f8944,lamp,d2001a74c8b14cc8a6d67c8c4dca15c3,DI_3,3ecc311d62ef4d9d86492b837a28d392,DI,IO module,07719f03c3634193aed300c01012bff3,DO_3,e0b750687eed407f8f3a8410186b38de,DO
ModelSet39(1).cmodel,proj_d39f8944,charger,b55630cb09d44f65ad482e9202714f1b,DI_1,f1196b3c6b4a4f799178668e4c6bc536,DI,IO module,07719f03c3634193aed300c01012bff3,DO_4,567fb65b09a544e4a6064f8861ae6962,DO
ModelSet39(1).cmodel,proj_d39f8944,MainController,30ce17ed495f40a6b90d85158c1d6f08,CAN_3,1b899f8c4907479490c373180475bda3,CAN,IO module,07719f03c3634193aed300c01012bff3,CAN_1,643edc5a6bcd4ec693ca70c48303c0e6,CAN
ModelSet39(1).cmodel,proj_d39f8944,MainController,30ce17ed495f40a6b90d85158c1d6f08,ETH_1,1df5209ef25d410a913824a04fbf1c3d,ETH,MainController,30ce17ed495f40a6b90d85158c1d6f08,ETH_1,1df5209ef25d410a913824a04fbf1c3d,ETH
ModelSet39(1).cmodel,proj_d39f8944,MainController,30ce17ed495f40a6b90d85158c1d6f08,ETH_1,1df5209ef25d410a913824a04fbf1c3d,ETH,MainController,30ce17ed495f40a6b90d85158c1d6f08,ETH_2,5f05424e8d8c4a9a979a821d85e58248,ETH
ModelSet39(1).cmodel,proj_d39f8944,MainController,30ce17ed495f40a6b90d85158c1d6f08,ETH_1,1df5209ef25d410a913824a04fbf1c3d,ETH,MainController,30ce17ed495f40a6b90d85158c1d6f08,ETH_3,f8174a537b9843dabfd0619be5bd2f11,ETH
ModelSet39(1).cmodel,proj_d39f8944,MainController,30ce17ed495f40a6b90d85158c1d6f08,ETH_1,1df5209ef25d410a913824a04fbf1c3d,ETH,smart camera,349a2134e3494755a776854914f78c83,ETH_1,86b04af5fa9944819a700cfdcaa8aed9,ETH
ModelSet39(1).cmodel,proj_d39f8944,MainController,30ce17ed495f40a6b90d85158c1d6f08,ETH_1,1df5209ef25d410a913824a04fbf1c3d,ETH,smart camera0,5cd062a3b2df4938b1c1a06a61645f1f,ETH_1,e79146c5a1054196b4a9e877109a8367,ETH
ModelSet39(1).cmodel,proj_d39f8944,MainController,30ce17ed495f40a6b90d85158c1d6f08,ETH_1,1df5209ef25d410a913824a04fbf1c3d,ETH,laser-front,820decb04dd74f6480b7b9e6c8a2f7d8,ETH_1,28d197cffaff4f61b438bea3c487856d,ETH
ModelSet312.cmodel,proj_d74220c4,driver-left,82bd967322c54e888ef9aaf9752aded0,CAN_1,98fc774977934e07901ec799b7bffdaa,CAN,MainController,30ce17ed495f40a6b90d85158c1d6f08,CAN_2,2ea0552b5a294d0e9945bec1137530ea,CAN
ModelSet312.cmodel,proj_d74220c4,driver-left,82bd967322c54e888ef9aaf9752aded0,LINE_1,8dd9d94bb87c4b578c653b4edc461c97,LINE,motor-left,13e6b0ff93bc49e2a89a214744cae88b,LINE_1,a04a03ca08d945cb8d01e2af8214e097,LINE
ModelSet312.cmodel,proj_d74220c4,driver-left,82bd967322c54e888ef9aaf9752aded0,ENCR_1,322245d559a54878a3dc6e305d4dfca7,ENCR,motor-left,13e6b0ff93bc49e2a89a214744cae88b,ENCR_1,1a181dc1be834800b49c0873ffe4c7a7,ENCR
ModelSet312.cmodel,proj_d74220c4,driver-right,c42343264c884ff2a0ca3fee8fc81997,CAN_1,1b34489764f14cb29d94b43d7157132a,CAN,MainController,30ce17ed495f40a6b90d85158c1d6f08,CAN_2,2ea0552b5a294d0e9945bec1137530ea,CAN
ModelSet312.cmodel,proj_d74220c4,driver-right,c42343264c884ff2a0ca3fee8fc81997,LINE_1,47c1cac505c9455ca8fb712c095798d0,LINE,motor-right,639dde0162a3442489651066aaf9cdc7,LINE_1,c8e329d1f55c4146952c13724d31dcb0,LINE
ModelSet312.cmodel,proj_d74220c4,driver-right,c42343264c884ff2a0ca3fee8fc81997,ENCR_1,1667de5c5b1e426db53afb3e419fb006,ENCR,motor-right,639dde0162a3442489651066aaf9cdc7,ENCR_1,464a96a51d25407a91f2c961b30d9412,ENCR
ModelSet312.cmodel,proj_d74220c4,driver-lift,baa1c9403ec24ad4924283322ff4af95,CAN_1,ca2f4db3796447d0ab8f0f620095bd77,CAN,MainController,30ce17ed495f40a6b90d85158c1d6f08,CAN_2,2ea0552b5a294d0e9945bec1137530ea,CAN
ModelSet312.cmodel,proj_d74220c4,driver-lift,baa1c9403ec24ad4924283322ff4af95,LINE_1,3b957ea46b27441c80e0112123e2bc36,LINE,motor-lift,2dce6a0eb00c48ad9e16b1ab111a5de1,LINE_1,404c201670604c8c91da332f683e4598,LINE
ModelSet312.cmodel,proj_d74220c4,driver-lift,baa1c9403ec24ad4924283322ff4af95,ENCR_1,71159e54ffe743fda65a868fca9ee1ca,ENCR,motor-lift,2dce6a0eb00c48ad9e16b1ab111a5de1,ENCR_1,6c4b0e925ddb4a2492a766f8dbc44ca0,ENCR
ModelSet312.cmodel,proj_d74220c4,button-emc,82c4bc5d93dd40bfafc57e81773a6173,DO_1,f916b38c40384d2f87e3d112f8b89364,DO,IO module,07719f03c3634193aed300c01012bff3,DI_1,96ae90e3139e49fcbd2e19f46077159f,DI
ModelSet312.cmodel,proj_d74220c4,lamp,d2001a74c8b14cc8a6d67c8c4dca15c3,DI_1,f1cb8e9d1b55441fbad461ea95c7addb,DI,IO module,07719f03c3634193aed300c01012bff3,DO_1,749fe2b61a9c412db8b9110c0b1565c8,DO
ModelSet312.cmodel,proj_d74220c4,lamp,d2001a74c8b14cc8a6d67c8c4dca15c3,DI_2,b249fb92ed564a96bd8bc3047cbb29e5,DI,IO module,07719f03c3634193aed300c01012bff3,DO_2,028817e7eb5848069b3b179c16c966c8,DO
ModelSet312.cmodel,proj_d74220c4,lamp,d2001a74c8b14cc8a6d67c8c4dca15c3,DI_3,3ecc311d62ef4d9d86492b837a28d392,DI,IO module,07719f03c3634193aed300c01012bff3,DO_3,e0b750687eed407f8f3a8410186b38de,DO
ModelSet312.cmodel,proj_d74220c4,charger,b55630cb09d44f65ad482e9202714f1b,DI_1,f1196b3c6b4a4f799178668e4c6bc536,DI,IO module,07719f03c3634193aed300c01012bff3,DO_4,567fb65b09a544e4a6064f8861ae6962,DO
ModelSet312.cmodel,proj_d74220c4,MainController,30ce17ed495f40a6b90d85158c1d6f08,CAN_3,1b899f8c4907479490c373180475bda3,CAN,IO module,07719f03c3634193aed300c01012bff3,CAN_1,643edc5a6bcd4ec693ca70c48303c0e6,CAN
ModelSet312.cmodel,proj_d74220c4,MainController,30ce17ed495f40a6b90d85158c1d6f08,ETH_1,1df5209ef25d410a913824a04fbf1c3d,ETH,MainController,30ce17ed495f40a6b90d85158c1d6f08,ETH_1,1df5209ef25d410a913824a04fbf1c3d,ETH
ModelSet312.cmodel,proj_d74220c4,MainController,30ce17ed495f40a6b90d85158c1d6f08,ETH_1,1df5209ef25d410a913824a04fbf1c3d,ETH,MainController,30ce17ed495f40a6b90d85158c1d6f08,ETH_2,5f05424e8d8c4a9a979a821d85e58248,ETH
ModelSet312.cmodel,proj_d74220c4,MainController,30ce17ed495f40a6b90d85158c1d6f08,ETH_1,1df5209ef25d410a913824a04fbf1c3d,ETH,MainController,30ce17ed495f40a6b90d85158c1d6f08,ETH_3,f8174a537b9843dabfd0619be5bd2f11,ETH
ModelSet312.cmodel,proj_d74220c4,MainController,30ce17ed495f40a6b90d85158c1d6f08,ETH_1,1df5209ef25d410a913824a04fbf1c3d,ETH,smart camera,349a2134e3494755a776854914f78c83,ETH_1,86b04af5fa9944819a700cfdcaa8aed9,ETH
ModelSet312.cmodel,proj_d74220c4,MainController,30ce17ed495f40a6b90d85158c1d6f08,ETH_1,1df5209ef25d410a913824a04fbf1c3d,ETH,smart camera0,5cd062a3b2df4938b1c1a06a61645f1f,ETH_1,e79146c5a1054196b4a9e877109a8367,ETH
ModelSet312.cmodel,proj_d74220c4,MainController,30ce17ed495f40a6b90d85158c1d6f08,ETH_1,1df5209ef25d410a913824a04fbf1c3d,ETH,laser-front,820decb04dd74f6480b7b9e6c8a2f7d8,ETH_1,28d197cffaff4f61b438bea3c487856d,ETH
ModelSet312.cmodel,proj_d74220c4,IO module,07719f03c3634193aed300c01012bff3,DI_2,3848b724a8b84ca9800a3256b3cc6a88,DI,up_sensor,a72279a85df345aba809eed5c2369108,DO_1,35640c7f74ea4490810f9a39eb1bc14c,DO
ModelSet312.cmodel,proj_d74220c4,IO module,07719f03c3634193aed300c01012bff3,DI_3,619f6a413586418a8f4f92948449710b,DI,down_sensor,3cc65206187a4fb08c223ed77ddcf4c3,DO_1,cbf54ad302a94863bae83bcae4a49a5b,DO
ModelSet.cmodel,proj_0153cf51,driver-left,82bd967322c54e888ef9aaf9752aded0,CAN_1,98fc774977934e07901ec799b7bffdaa,CAN,MainController,30ce17ed495f40a6b90d85158c1d6f08,CAN_2,2ea0552b5a294d0e9945bec1137530ea,CAN
ModelSet.cmodel,proj_0153cf51,driver-left,82bd967322c54e888ef9aaf9752aded0,LINE_1,8dd9d94bb87c4b578c653b4edc461c97,LINE,motor-left,13e6b0ff93bc49e2a89a214744cae88b,LINE_1,a04a03ca08d945cb8d01e2af8214e097,LINE
ModelSet.cmodel,proj_0153cf51,driver-left,82bd967322c54e888ef9aaf9752aded0,ENCR_1,322245d559a54878a3dc6e305d4dfca7,ENCR,motor-left,13e6b0ff93bc49e2a89a214744cae88b,ENCR_1,1a181dc1be834800b49c0873ffe4c7a7,ENCR
ModelSet.cmodel,proj_0153cf51,driver-right,c42343264c884ff2a0ca3fee8fc81997,CAN_1,1b34489764f14cb29d94b43d7157132a,CAN,MainController,30ce17ed495f40a6b90d85158c1d6f08,CAN_2,2ea0552b5a294d0e9945bec1137530ea,CAN
ModelSet.cmodel,proj_0153cf51,driver-right,c42343264c884ff2a0ca3fee8fc81997,LINE_1,47c1cac505c9455ca8fb712c095798d0,LINE,motor-right,639dde0162a3442489651066aaf9cdc7,LINE_1,c8e329d1f55c4146952c13724d31dcb0,LINE
ModelSet.cmodel,proj_0153cf51,driver-right,c42343264c884ff2a0ca3fee8fc81997,ENCR_1,1667de5c5b1e426db53afb3e419fb006,ENCR,motor-right,639dde0162a3442489651066aaf9cdc7,ENCR_1,464a96a51d25407a91f2c961b30d9412,ENCR
ModelSet.cmodel,proj_0153cf51,driver-lift,baa1c9403ec24ad4924283322ff4af95,CAN_1,ca2f4db3796447d0ab8f0f620095bd77,CAN,MainController,30ce17ed495f40a6b90d85158c1d6f08,CAN_2,2ea0552b5a294d0e9945bec1137530ea,CAN
ModelSet.cmodel,proj_0153cf51,driver-lift,baa1c9403ec24ad4924283322ff4af95,LINE_1,3b957ea46b27441c80e0112123e2bc36,LINE,motor-lift,2dce6a0eb00c48ad9e16b1ab111a5de1,LINE_1,404c201670604c8c91da332f683e4598,LINE
ModelSet.cmodel,proj_0153cf51,driver-lift,baa1c9403ec24ad4924283322ff4af95,ENCR_1,71159e54ffe743fda65a868fca9ee1ca,ENCR,motor-lift,2dce6a0eb00c48ad9e16b1ab111a5de1,ENCR_1,6c4b0e925ddb4a2492a766f8dbc44ca0,ENCR
ModelSet.cmodel,proj_0153cf51,button-emc,82c4bc5d93dd40bfafc57e81773a6173,DO_1,f916b38c40384d2f87e3d112f8b89364,DO,IO module,07719f03c3634193aed300c01012bff3,DI_1,96ae90e3139e49fcbd2e19f46077159f,DI
ModelSet.cmodel,proj_0153cf51,up_sensor,8e3dc6a323dd4e8bbb77249ebf7d49cd,DO_1,31deea6872314737a9a8e1502d33dff7,DO,IO module,07719f03c3634193aed300c01012bff3,DI_2,3848b724a8b84ca9800a3256b3cc6a88,DI
ModelSet.cmodel,proj_0153cf51,down_sensor,2417eb55bcaf4d1eab14d9517f3d27ad,DO_1,9ddeb1f7a0d74d42be115b85ff101445,DO,IO module,07719f03c3634193aed300c01012bff3,DI_3,619f6a413586418a8f4f92948449710b,DI
ModelSet.cmodel,proj_0153cf51,lamp,d2001a74c8b14cc8a6d67c8c4dca15c3,DI_1,f1cb8e9d1b55441fbad461ea95c7addb,DI,IO module,07719f03c3634193aed300c01012bff3,DO_1,749fe2b61a9c412db8b9110c0b1565c8,DO
ModelSet.cmodel,proj_0153cf51,lamp,d2001a74c8b14cc8a6d67c8c4dca15c3,DI_2,b249fb92ed564a96bd8bc3047cbb29e5,DI,IO module,07719f03c3634193aed300c01012bff3,DO_2,028817e7eb5848069b3b179c16c966c8,DO
ModelSet.cmodel,proj_0153cf51,lamp,d2001a74c8b14cc8a6d67c8c4dca15c3,DI_3,3ecc311d62ef4d9d86492b837a28d392,DI,IO module,07719f03c3634193aed300c01012bff3,DO_3,e0b750687eed407f8f3a8410186b38de,DO
ModelSet.cmodel,proj_0153cf51,charger,b55630cb09d44f65ad482e9202714f1b,DI_1,f1196b3c6b4a4f799178668e4c6bc536,DI,IO module,07719f03c3634193aed300c01012bff3,DO_4,567fb65b09a544e4a6064f8861ae6962,DO
ModelSet.cmodel,proj_0153cf51,MainController,30ce17ed495f40a6b90d85158c1d6f08,CAN_3,1b899f8c4907479490c373180475bda3,CAN,IO module,07719f03c3634193aed300c01012bff3,CAN_1,643edc5a6bcd4ec693ca70c48303c0e6,CAN
ModelSet.cmodel,proj_0153cf51,MainController,30ce17ed495f40a6b90d85158c1d6f08,ETH_1,1df5209ef25d410a913824a04fbf1c3d,ETH,MainController,30ce17ed495f40a6b90d85158c1d6f08,ETH_1,1df5209ef25d410a913824a04fbf1c3d,ETH
ModelSet.cmodel,proj_0153cf51,MainController,30ce17ed495f40a6b90d85158c1d6f08,ETH_1,1df5209ef25d410a913824a04fbf1c3d,ETH,MainController,30ce17ed495f40a6b90d85158c1d6f08,ETH_2,5f05424e8d8c4a9a979a821d85e58248,ETH
ModelSet.cmodel,proj_0153cf51,MainController,30ce17ed495f40a6b90d85158c1d6f08,ETH_1,1df5209ef25d410a913824a04fbf1c3d,ETH,MainController,30ce17ed495f40a6b90d85158c1d6f08,ETH_3,f8174a537b9843dabfd0619be5bd2f11,ETH
ModelSet.cmodel,proj_0153cf51,MainController,30ce17ed495f40a6b90d85158c1d6f08,ETH_1,1df5209ef25d410a913824a04fbf1c3d,ETH,smart camera,349a2134e3494755a776854914f78c83,ETH_1,86b04af5fa9944819a700cfdcaa8aed9,ETH
ModelSet.cmodel,proj_0153cf51,MainController,30ce17ed495f40a6b90d85158c1d6f08,ETH_1,1df5209ef25d410a913824a04fbf1c3d,ETH,smart camera0,5cd062a3b2df4938b1c1a06a61645f1f,ETH_1,e79146c5a1054196b4a9e877109a8367,ETH
ModelSet.cmodel,proj_0153cf51,MainController,30ce17ed495f40a6b90d85158c1d6f08,ETH_1,1df5209ef25d410a913824a04fbf1c3d,ETH,laser-front,820decb04dd74f6480b7b9e6c8a2f7d8,ETH_1,28d197cffaff4f61b438bea3c487856d,ETH
20260612.cmodel,proj_b1112db8,motor_right,a54fff8109d04fd49caab37e90bb1ec1,ENCR_1,90afbd0725c4471796d55ee7933e1bb9,ENCR,driver_right,336a1c5f11e949fb89a10a3e9a6204f0,ENCR_1,e3d37746448644d99b53bf54c376692b,ENCR
20260612.cmodel,proj_b1112db8,motor_right,a54fff8109d04fd49caab37e90bb1ec1,LINE_1,d90e38639d3540638a7c19dde0e1254b,LINE,driver_right,336a1c5f11e949fb89a10a3e9a6204f0,LINE_1,0831b16d06ed4ada88466805ca019836,LINE
20260612.cmodel,proj_b1112db8,motor_left,0a90532b1b1f482989a407e42ca1d23f,ENCR_1,c0aa25b3d45643ba8574776751640e0c,ENCR,driver_left,8ad7ec90c48f4da6915c85e8ce608749,ENCR_1,827cce98979f4c6a911dbeb458dd5a4d,ENCR
20260612.cmodel,proj_b1112db8,motor_left,0a90532b1b1f482989a407e42ca1d23f,LINE_1,a951cb62c68f4d39b492bd49d67bd6ec,LINE,driver_left,8ad7ec90c48f4da6915c85e8ce608749,LINE_1,9debc11185204cb0a5c09d74477e175d,LINE
20260612.cmodel,proj_b1112db8,driver_right,336a1c5f11e949fb89a10a3e9a6204f0,CAN_1,6d37d1719cac4889a846ece591ee2f8e,CAN,MainController,394ce43d17e148b78050953b0f6b6b9c,CAN_2,7a62c260c067450086a389d6bdfab69b,CAN
20260612.cmodel,proj_b1112db8,driver_left,8ad7ec90c48f4da6915c85e8ce608749,CAN_1,e3ca674f4fec4518a1b2b184a541872c,CAN,MainController,394ce43d17e148b78050953b0f6b6b9c,CAN_2,7a62c260c067450086a389d6bdfab69b,CAN
20260612.cmodel,proj_b1112db8,MainController,394ce43d17e148b78050953b0f6b6b9c,RS485_1,6961512acb9447139acfb58ebb2846fe,RS485,battery,a5263c81db204a249ea2ff8f6da5f340,RS485_1,f9002d47275c4c8d9502a9ead8bf746c,RS485
20260612.cmodel,proj_b1112db8,MainController,394ce43d17e148b78050953b0f6b6b9c,CAN_2,7a62c260c067450086a389d6bdfab69b,CAN,liftdriver,544e43f387604d3c99f042a2961b45a9,CAN_1,0ae3a7f40b1f4317a5c200528ac2df0b,CAN
20260612.cmodel,proj_b1112db8,MainController,394ce43d17e148b78050953b0f6b6b9c,CAN_2,7a62c260c067450086a389d6bdfab69b,CAN,spindriver,aec512ec42f246ebbeb1a6ca3bd45b33,CAN_1,c614cdfb9a8d4a748c72ec3ad721ae84,CAN
20260612.cmodel,proj_b1112db8,MainController,394ce43d17e148b78050953b0f6b6b9c,CAN_3,57fb9f37ee0c4278bd17f85cb2e51475,CAN,IO module,17dd58bbac1a451785707c27b6627977,CAN_1,67cc8d8976fd493081504a1a851d9dd5,CAN
20260612.cmodel,proj_b1112db8,MainController,394ce43d17e148b78050953b0f6b6b9c,ETH_1,22c259d90cf44ad686af7d71b0b4cdab,ETH,MainController,394ce43d17e148b78050953b0f6b6b9c,ETH_1,22c259d90cf44ad686af7d71b0b4cdab,ETH
20260612.cmodel,proj_b1112db8,MainController,394ce43d17e148b78050953b0f6b6b9c,ETH_1,22c259d90cf44ad686af7d71b0b4cdab,ETH,MainController,394ce43d17e148b78050953b0f6b6b9c,ETH_2,074adbd205db4a0b803488406045b3a4,ETH
20260612.cmodel,proj_b1112db8,MainController,394ce43d17e148b78050953b0f6b6b9c,ETH_1,22c259d90cf44ad686af7d71b0b4cdab,ETH,MainController,394ce43d17e148b78050953b0f6b6b9c,ETH_3,cf340166bdca4391b908ab26cb7c04a5,ETH
20260612.cmodel,proj_b1112db8,MainController,394ce43d17e148b78050953b0f6b6b9c,ETH_1,22c259d90cf44ad686af7d71b0b4cdab,ETH,laser,03a44e079a114bf1958bd8771f39122a,ETH_1,f10220bfe66b4689b318e3e14a5a4031,ETH
20260612.cmodel,proj_b1112db8,MainController,394ce43d17e148b78050953b0f6b6b9c,ETH_1,22c259d90cf44ad686af7d71b0b4cdab,ETH,laser0,7aeead91473f4270bcd04e42fcdddeba,ETH_1,c8ef4ceb9b3a43b88dd3ae1c28396d77,ETH
20260612.cmodel,proj_b1112db8,MainController,394ce43d17e148b78050953b0f6b6b9c,ETH_1,22c259d90cf44ad686af7d71b0b4cdab,ETH,screen,853aaea264e94a58a696aa2e29c6280b,ETH_1,91ee998027b24d46a6d3e5a90204ca05,ETH
20260612.cmodel,proj_b1112db8,MainController,394ce43d17e148b78050953b0f6b6b9c,ETH_1,22c259d90cf44ad686af7d71b0b4cdab,ETH,smart_down_camera,8140753570014070855deb23de203cc2,ETH_1,827841498d2d43638a8628fcb16a6ae2,ETH
20260612.cmodel,proj_b1112db8,MainController,394ce43d17e148b78050953b0f6b6b9c,ETH_1,22c259d90cf44ad686af7d71b0b4cdab,ETH,smart_up_camera,5fe195d2cb784b09930c632bef9903e8,ETH_1,964c66a8f90046cb9d228c379d9216ae,ETH
20260612.cmodel,proj_b1112db8,MainController,394ce43d17e148b78050953b0f6b6b9c,SPK_1,cf393b63bc8e45bc972c91e8129d93a3,SPK,speaker,42eda440c850476689e2903926789c9d,SPK_1,925f19cb79774814adc70a53b01f10ac,SPK
20260612.cmodel,proj_b1112db8,IO module,17dd58bbac1a451785707c27b6627977,DI_1,c92f4bca86d143418d1ada3752a237ae,DI,button_L,4d2d3ec659cd4f158b5d900b8c348499,DO_1,e2b816e241604fe9ac0b18c3a9ea922b,DO
20260612.cmodel,proj_b1112db8,IO module,17dd58bbac1a451785707c27b6627977,DI_2,d8779a69890d4e23a85979ebaa6eb97c,DI,button,a5dae0000954490cb8953a059f725c19,DO_1,c6a24354fb5f4b5996034afea6ec78c1,DO
20260612.cmodel,proj_b1112db8,IO module,17dd58bbac1a451785707c27b6627977,DI_3,be7e214adcb14724a8eb2122acbca79f,DI,AMSwitch,dd187c5330d642129739f68ef587951e,DO_1,a76fcd4a2a984d878e7118ebe6f15550,DO
20260612.cmodel,proj_b1112db8,IO module,17dd58bbac1a451785707c27b6627977,DI_4,59388de266aa4a8a894e257d9d8b79b9,DI,collision_F,9c2c6a18b5ab46b690315043b3b31a88,DO_1,36e4d2fc16a64ccb814df503f7fb0e8c,DO
20260612.cmodel,proj_b1112db8,IO module,17dd58bbac1a451785707c27b6627977,DI_5,68c4c2c9b1a940b28f13f413eb27707c,DI,up-limit,c4a125c00643475b9e9490ae30922cc7,DO_1,598c8c0beefc4bb390cf851b51282712,DO
20260612.cmodel,proj_b1112db8,IO module,17dd58bbac1a451785707c27b6627977,DI_6,5c5b1abc149847bda90b5b3fb819c53f,DI,down-limit,76855e100aec4407beceabb2cc2c93e9,DO_1,62e52f00ef4f4a9f8ab102806406b6a9,DO
20260612.cmodel,proj_b1112db8,IO module,17dd58bbac1a451785707c27b6627977,DI_7,d545eef062f846f8a97b54be8238f617,DI,spin-limit,d0fb4d7f4805434f97170cc5f0de68b5,DO_1,b4137498e96443239858ccce2cb3e985,DO
20260612.cmodel,proj_b1112db8,IO module,17dd58bbac1a451785707c27b6627977,DO_8,78aa4bf641964650932f4e967ea3b481,DO,lamp,354644473c4a4fe9870e480b3ef26ce7,DI_3,373209ea02d145ea81eac6c157b2bdd3,DI
20260612.cmodel,proj_b1112db8,IO module,17dd58bbac1a451785707c27b6627977,DO_9,dd2a014f74af4aa0a81c03fff5de577a,DO,lamp,354644473c4a4fe9870e480b3ef26ce7,DI_1,1d375c704a934f8590af72fc46f77966,DI
20260612.cmodel,proj_b1112db8,IO module,17dd58bbac1a451785707c27b6627977,DO_10,8d1114f691d944668a2b7e197fe38cc9,DO,lamp,354644473c4a4fe9870e480b3ef26ce7,DI_2,a9dc5bdd529e4beeb2a3736136b08274,DI
20260612.cmodel,proj_b1112db8,liftdriver,544e43f387604d3c99f042a2961b45a9,LINE_1,2adfd1e7f0cc44efaaa5a5a7944a54dd,LINE,motor_lift,4e0d0d5e547c404b91d036038a752036,LINE_1,bba191a572f14a3eb0e5513e63d27f7a,LINE
20260612.cmodel,proj_b1112db8,liftdriver,544e43f387604d3c99f042a2961b45a9,ENCR_1,b1d6d673e45f4f17896bcb1437873012,ENCR,motor_lift,4e0d0d5e547c404b91d036038a752036,ENCR_1,0f705796c705449b9df06406f0e2d04a,ENCR
20260612.cmodel,proj_b1112db8,spindriver,aec512ec42f246ebbeb1a6ca3bd45b33,LINE_1,082cb69736564745aa59bece3d206972,LINE,motor_spin,405b47c6f350460b8fc6e512f747c10d,LINE_1,71dc28c974134fe49631daf30ff26e85,LINE
20260612.cmodel,proj_b1112db8,spindriver,aec512ec42f246ebbeb1a6ca3bd45b33,ENCR_1,c5d71662b53245d6b77b50b3f4c6338a,ENCR,motor_spin,405b47c6f350460b8fc6e512f747c10d,ENCR_1,e3b97b9941c941d0bc565742c08e98eb,ENCR
ModelSet.cmodel,proj_cecf0520,driver_BR_left,2578fcd3a0dc46f6bb9291e728046619,CAN_1,f6c23797169348b090bc701625f19ac6,CAN,MainController,1393d6e420b447efb2b74dec43fc8857,CAN_2,01bdbf7242a74f04a89cf96cfb49835d,CAN
ModelSet.cmodel,proj_cecf0520,driver_BR_left,2578fcd3a0dc46f6bb9291e728046619,LINE_1,115c01decf594001ba32434e272ea883,LINE,motor_BR_left,a6f20fb7a6044377b5560fae2c46fcae,LINE_1,946dc4dbd6e44457a0f61694846acf21,LINE
ModelSet.cmodel,proj_cecf0520,driver_BR_left,2578fcd3a0dc46f6bb9291e728046619,ENCR_1,1b37a0ebdb9d4872870501ef715c4c35,ENCR,motor_BR_left,a6f20fb7a6044377b5560fae2c46fcae,ENCR_1,f70d25185a6340a6b5e1f636fd0d776e,ENCR
ModelSet.cmodel,proj_cecf0520,driver_BR_right,50785cd68f6b46cbb0e1a4e138311b36,CAN_1,61261bfd8fee4912b2a44003e30e0d75,CAN,MainController,1393d6e420b447efb2b74dec43fc8857,CAN_2,01bdbf7242a74f04a89cf96cfb49835d,CAN
ModelSet.cmodel,proj_cecf0520,driver_BR_right,50785cd68f6b46cbb0e1a4e138311b36,LINE_1,8f75713e80484893b4fc471306b66c97,LINE,motor_BR_right,3ce4e55a955543b6a5309fc08cc8abea,LINE_1,562cd0f0a6bd47d196ebcf95e525e777,LINE
ModelSet.cmodel,proj_cecf0520,driver_BR_right,50785cd68f6b46cbb0e1a4e138311b36,ENCR_1,625fc926461a49f9b3a800efa5cb9932,ENCR,motor_BR_right,3ce4e55a955543b6a5309fc08cc8abea,ENCR_1,fc9e188da3444e7c87953a2ea1258e08,ENCR
ModelSet.cmodel,proj_cecf0520,driver_FL_right,25530f4dbb3343f287f0116b976e8bf8,CAN_1,9ee587a7abc84ccda58e6fd9f45025f5,CAN,MainController,1393d6e420b447efb2b74dec43fc8857,CAN_2,01bdbf7242a74f04a89cf96cfb49835d,CAN
ModelSet.cmodel,proj_cecf0520,driver_FL_right,25530f4dbb3343f287f0116b976e8bf8,LINE_1,45896b813dbb4d61be36f92b2e9141f9,LINE,motor_FL_right,7a7d3ff53be149e293f0eb03de13d5d0,LINE_1,625f8e28e91c4369b2a0e90da105fe05,LINE
ModelSet.cmodel,proj_cecf0520,driver_FL_right,25530f4dbb3343f287f0116b976e8bf8,ENCR_1,045021089b494fc5801c78ee5e257e01,ENCR,motor_FL_right,7a7d3ff53be149e293f0eb03de13d5d0,ENCR_1,acbbc9719d9c45e1bd29478217c5b23e,ENCR
ModelSet.cmodel,proj_cecf0520,driver_FL_left,806c17a8259846eab16878155559ec25,CAN_1,cff2f50a99de4b4aa8d710024b848dbe,CAN,MainController,1393d6e420b447efb2b74dec43fc8857,CAN_2,01bdbf7242a74f04a89cf96cfb49835d,CAN
ModelSet.cmodel,proj_cecf0520,driver_FL_left,806c17a8259846eab16878155559ec25,LINE_1,8bf5bf41571b42a3867938885c0a4812,LINE,motor_FL_left,a640fbe578e9421b9fb9574fca9a6efd,LINE_1,a0ab0e1bacd341a4915235eb29d4bcb2,LINE
ModelSet.cmodel,proj_cecf0520,driver_FL_left,806c17a8259846eab16878155559ec25,ENCR_1,4c60556056894cb385e0de14dc3b883c,ENCR,motor_FL_left,a640fbe578e9421b9fb9574fca9a6efd,ENCR_1,67a524a3bf894388a14c20747dc72b24,ENCR
ModelSet.cmodel,proj_cecf0520,MainController,1393d6e420b447efb2b74dec43fc8857,RS485_1,91bd53cb95b041ffa1faca92b5cd1f3c,RS485,screen,d56a970d235949ed9016f3e9006eae51,RS485_1,6699b297e7bc4e68a05efc7c215772f2,RS485
ModelSet.cmodel,proj_cecf0520,MainController,1393d6e420b447efb2b74dec43fc8857,RS485_2,b2ff46a2a2a748528d67ee25a0641009,RS485,battery,3c431c2de8db4669812332de9d4fbd40,RS485_1,9a3e228e9e704be6916ee8ec055c1415,RS485
ModelSet.cmodel,proj_cecf0520,MainController,1393d6e420b447efb2b74dec43fc8857,CAN_2,01bdbf7242a74f04a89cf96cfb49835d,CAN,driver_DoorFrame,b29206124e7949eabd2f002b850a25c4,CAN_1,3b7fd0188bb6428ca80ad33bd8248c74,CAN
ModelSet.cmodel,proj_cecf0520,MainController,1393d6e420b447efb2b74dec43fc8857,CAN_3,b188441d876a42608b0144ca77abf6ca,CAN,IO module,db0ce767a9c24eda874b8845e03ecfe1,CAN_1,5d6d855beb6146d590e197a6701c315b,CAN
ModelSet.cmodel,proj_cecf0520,MainController,1393d6e420b447efb2b74dec43fc8857,CAN_3,b188441d876a42608b0144ca77abf6ca,CAN,IO module0,4d96da68ce984898882901cf44903402,CAN_1,fdefdc77ead44a01aa54bc9a2e952b05,CAN
ModelSet.cmodel,proj_cecf0520,MainController,1393d6e420b447efb2b74dec43fc8857,CAN_3,b188441d876a42608b0144ca77abf6ca,CAN,FL_Encoder,5a21bb43a5524307ab59a5d4a62095d8,CAN_1,1f62fe6b74924967a78de2f22e474667,CAN
ModelSet.cmodel,proj_cecf0520,MainController,1393d6e420b447efb2b74dec43fc8857,CAN_3,b188441d876a42608b0144ca77abf6ca,CAN,BR_Encoder,4b5392e7b3f6478cbc9c9e661e709617,CAN_1,7c1539acf1264e2d8828085833d1f800,CAN
ModelSet.cmodel,proj_cecf0520,MainController,1393d6e420b447efb2b74dec43fc8857,CAN_3,b188441d876a42608b0144ca77abf6ca,CAN,DoorFrame_Encoder,909c99cb46734793bc14bcbf29450f02,CAN_1,aaeb70ee9b954158a0f6186d9449859f,CAN
ModelSet.cmodel,proj_cecf0520,MainController,1393d6e420b447efb2b74dec43fc8857,CAN_3,b188441d876a42608b0144ca77abf6ca,CAN,UpDown_Encoder,1954ffbafe1047d08679ae1a0f724b4d,CAN_1,e41996db4b3341bb8e60a72d7f1f59a8,CAN
ModelSet.cmodel,proj_cecf0520,MainController,1393d6e420b447efb2b74dec43fc8857,ETH_1,010700cc459f41eaa084ab46b4b5831a,ETH,MainController,1393d6e420b447efb2b74dec43fc8857,ETH_1,010700cc459f41eaa084ab46b4b5831a,ETH
ModelSet.cmodel,proj_cecf0520,MainController,1393d6e420b447efb2b74dec43fc8857,ETH_1,010700cc459f41eaa084ab46b4b5831a,ETH,MainController,1393d6e420b447efb2b74dec43fc8857,ETH_2,fd57f73288034f48a7b7f2f65defacfd,ETH
ModelSet.cmodel,proj_cecf0520,MainController,1393d6e420b447efb2b74dec43fc8857,ETH_1,010700cc459f41eaa084ab46b4b5831a,ETH,MainController,1393d6e420b447efb2b74dec43fc8857,ETH_3,33fd24e3026442d4b45467a68974011e,ETH
ModelSet.cmodel,proj_cecf0520,MainController,1393d6e420b447efb2b74dec43fc8857,ETH_1,010700cc459f41eaa084ab46b4b5831a,ETH,smart camera,3b2829d4c4654b61b784be5eb124139a,ETH_1,9f33e44a134e479596d018b80316c024,ETH
ModelSet.cmodel,proj_cecf0520,MainController,1393d6e420b447efb2b74dec43fc8857,ETH_1,010700cc459f41eaa084ab46b4b5831a,ETH,laser_350,b8642a986400458eadc1905f2d7a7abf,ETH_1,7c50c866873a4d0a8ec6de41d1f28ce6,ETH
ModelSet.cmodel,proj_cecf0520,MainController,1393d6e420b447efb2b74dec43fc8857,ETH_1,010700cc459f41eaa084ab46b4b5831a,ETH,laser_left,12ff35682f434010a2cd0088e4de35a0,ETH_1,d88b2e628f1846ed81013579e2b737fb,ETH
ModelSet.cmodel,proj_cecf0520,MainController,1393d6e420b447efb2b74dec43fc8857,ETH_1,010700cc459f41eaa084ab46b4b5831a,ETH,laser_right,9aaf117a373f40f6927c24003d541d6f,ETH_1,458e8e40f1ff430d8205b2f3fd19d166,ETH
ModelSet.cmodel,proj_cecf0520,MainController,1393d6e420b447efb2b74dec43fc8857,ETH_3,33fd24e3026442d4b45467a68974011e,ETH,laser,192fdfadc8d943d8a53b1ca1cb367093,ETH_1,48e3c4e373f84941b9bc398dea54f41b,ETH
ModelSet.cmodel,proj_cecf0520,MainController,1393d6e420b447efb2b74dec43fc8857,SPK_1,fd7b257484ae488dbcbc9b64601b3f7f,SPK,speaker,cf7be1a7cbe746908d9238eeffae0296,SPK_1,a901ee38263e467ea230431c132138e3,SPK
ModelSet.cmodel,proj_cecf0520,IO module,db0ce767a9c24eda874b8845e03ecfe1,DI_1,f6885cae09ab427ebf94dc0bb3d3b64f,DI,button,c3437b779106460f8cdc21a841413eee,DO_1,9d54fad2ec85428dba40e6b6f7c33165,DO
ModelSet.cmodel,proj_cecf0520,IO module,db0ce767a9c24eda874b8845e03ecfe1,DI_2,dc44fa366db94c54b79d0df8036981d6,DI,down_limit,a03612270bd345b49987f49764726142,DO_1,4475743a8cc44c1d8f8af7c51dda439d,DO
ModelSet.cmodel,proj_cecf0520,IO module,db0ce767a9c24eda874b8845e03ecfe1,DI_3,6d3e439d3d98464186b722053f17633c,DI,up_limit,9067b899088c4071952670666dccf6a1,DO_1,8b82e326ab714e8fb09ef2f914fc6365,DO
ModelSet.cmodel,proj_cecf0520,IO module,db0ce767a9c24eda874b8845e03ecfe1,DI_4,46aa36ab2b5044e3962133b5fe510a66,DI,CB_Back_in_pace,c560964776b747e3a9d07d0d55348495,DO_1,920a02cb2b654e18ad4b6dee8d9cf0ec,DO
ModelSet.cmodel,proj_cecf0520,IO module,db0ce767a9c24eda874b8845e03ecfe1,DI_5,239cdc72be174c0694c741043de9bd53,DI,CB_Front_in_pace,a71becc5ebca4e678678b394f073495d,DO_1,068659a9b5b54a4e986f2f0c899a87e0,DO
ModelSet.cmodel,proj_cecf0520,IO module,db0ce767a9c24eda874b8845e03ecfe1,DI_7,80848037b1684a0a81c0bb78e738a796,DI,CB_Front,63f0f3997af344c0ab40749f5d4a1c8e,DO_1,f2b68a133afc49b1b51fe789a44bf696,DO
ModelSet.cmodel,proj_cecf0520,IO module,db0ce767a9c24eda874b8845e03ecfe1,DI_8,2ff45ed9c05f43ae9ff33b296217919b,DI,collision,e2b4210f53b34510a3842252fcc811c6,DO_1,4f78b4b3814446f7b312a386fa8c6594,DO
ModelSet.cmodel,proj_cecf0520,IO module,db0ce767a9c24eda874b8845e03ecfe1,DO_1,ae811f7b75d6426188601cda6db4fad0,DO,Charging_relay,d80631bb245b4a74b17a976a64f71b06,DI_1,b79ca7f3266e4bc9a6950a571255185c,DI
ModelSet.cmodel,proj_cecf0520,IO module,db0ce767a9c24eda874b8845e03ecfe1,DO_2,55f9a9bef43949cbb99876edda2f5fa6,DO,Oil_pump_up,e6b2feec1c684a2b9998b2908c74951a,DI_1,211f2b0bbeda457095b6ebb35a639d8e,DI
ModelSet.cmodel,proj_cecf0520,IO module,db0ce767a9c24eda874b8845e03ecfe1,DO_3,9ee8f788095148d8ae6734a5199e1f09,DO,Oil_pump_down,d858276af9264e788002afe464b86a15,DI_1,564f81f04fc24ce5a70db5c38e99d9b8,DI
ModelSet.cmodel,proj_cecf0520,IO module,db0ce767a9c24eda874b8845e03ecfe1,DO_4,6d422185e9cb49bf9c7bec841b5c2159,DO,Oil_main_switch,14c890716d4f498a97e898417275abe3,DI_1,c2b86507d6b34d2c8f9d1a86d2c8d269,DI
ModelSet.cmodel,proj_cecf0520,IO module,db0ce767a9c24eda874b8845e03ecfe1,DO_5,26679d071c2f479090d8186d5075d633,DO,lamp,6953bad0e1024369a6a7c723125d600d,DI_1,0bf5f42798be480d9facc89081dcc542,DI
ModelSet.cmodel,proj_cecf0520,IO module,db0ce767a9c24eda874b8845e03ecfe1,DO_6,1d22e7022bea40568957912706d0b984,DO,lamp,6953bad0e1024369a6a7c723125d600d,DI_2,1ed76127acbe4d8aad52fb548f61f78f,DI
ModelSet.cmodel,proj_cecf0520,IO module,db0ce767a9c24eda874b8845e03ecfe1,DO_7,e0379d1f04f545c6a572da87260265d5,DO,lamp,6953bad0e1024369a6a7c723125d600d,DI_3,70f475f9900c4976b1f1b7adeae76092,DI
ModelSet.cmodel,proj_cecf0520,IO module,db0ce767a9c24eda874b8845e03ecfe1,DO_8,3cfc284305d6498696bee18294533082,DO,comDo,b4af4e756f0a4a7badae92baff7a7811,DI_1,571ea6d9178a4999acfdf9ddd67ffe13,DI
ModelSet.cmodel,proj_cecf0520,IO module0,4d96da68ce984898882901cf44903402,DI_1,b2ab28cb80874bc1a74df2d627eb0463,DI,DoorFrame_origin,44f8c92361904e94bef151cb0220170f,DO_1,dbc2bce123e84cf0adc8e4551353f1b8,DO
ModelSet.cmodel,proj_cecf0520,IO module0,4d96da68ce984898882901cf44903402,DI_2,11b209655f314d2c9591e04df62fc063,DI,DoorFrame_limit,ceea780c43ea4c07a6d3b6b94d04b0a3,DO_1,073a30ec174546669c5f99effeb51b1c,DO
ModelSet.cmodel,proj_cecf0520,IO module0,4d96da68ce984898882901cf44903402,DI_3,039581607e6745b3b6bf03f0d0efe9e6,DI,BR_left_limit,40f05dd4757b46de85d55cafa943c3d9,DO_1,a7de53718acb410fb7f51b636387a5ed,DO
ModelSet.cmodel,proj_cecf0520,IO module0,4d96da68ce984898882901cf44903402,DI_4,0cc7e18fc2024d5db2d6e9c20239eb7f,DI,BR_right_limit,6442697a82d94fc4a94e1e497e6fd3af,DO_1,b5950d38bee94e118a321f9080899dbc,DO
ModelSet.cmodel,proj_cecf0520,IO module0,4d96da68ce984898882901cf44903402,DI_8,87baa7d5b0a041d3b9bfa8d603907682,DI,CB_Back,062943f1b25b47a79a3e27d334301835,DO_1,2e102d3bf3354109ab55eb3eecc7ae22,DO
ModelSet.cmodel,proj_cecf0520,driver_DoorFrame,b29206124e7949eabd2f002b850a25c4,LINE_1,c37f05c243c041b6a5b92444b71671bd,LINE,motor_DoorFrame,bbe50c1b1f71431ea24cb69d19173b2c,LINE_1,e23b994052b346cdbbf857403c941500,LINE
ModelSet.cmodel,proj_cecf0520,driver_DoorFrame,b29206124e7949eabd2f002b850a25c4,ENCR_1,bec9ad4ea9f345de911ac75b87202ee9,ENCR,motor_DoorFrame,bbe50c1b1f71431ea24cb69d19173b2c,ENCR_1,1518206452f04708bb1309a8f80dfb40,ENCR
清畅3T（1.2版本）.cmodel,proj_012045fc,driver_FR_L,8d70e374f27c4642bdba24cb33d9e1f0,CAN_1,5df8a66b3f8143f182b8289bb9b0e0c4,CAN,MainController,8f82f90dda7c451d9b7c2abaf06c5028,CAN_2,cc866bdd6d694f5bbf727a59d3d1a751,CAN
清畅3T（1.2版本）.cmodel,proj_012045fc,driver_FR_L,8d70e374f27c4642bdba24cb33d9e1f0,LINE_1,c3f7d536fb554c5e8d2abc68759ec613,LINE,motor_FR_L,958e057a0399409c8d3bbdb42382bf3f,LINE_1,4950ca41b2484cf2b03997f1d8b18274,LINE
清畅3T（1.2版本）.cmodel,proj_012045fc,driver_FR_L,8d70e374f27c4642bdba24cb33d9e1f0,ENCR_1,c63001019483462396fb9517b7c49f4b,ENCR,motor_FR_L,958e057a0399409c8d3bbdb42382bf3f,ENCR_1,75372b1f341c47279af7539314ce0a4f,ENCR
清畅3T（1.2版本）.cmodel,proj_012045fc,driver_FR_R,c1f5e42d022b4af68c4d2512a2d0d394,CAN_1,751aa71b5c134b6d920051db861f0b4c,CAN,MainController,8f82f90dda7c451d9b7c2abaf06c5028,CAN_2,cc866bdd6d694f5bbf727a59d3d1a751,CAN
清畅3T（1.2版本）.cmodel,proj_012045fc,driver_FR_R,c1f5e42d022b4af68c4d2512a2d0d394,LINE_1,d01ff85b642d4a59a194e3bbed3ba222,LINE,motor_FR_R,a3dc5fbabac44946ae1ec13722c4e21a,LINE_1,782d1da331944d5baf7876fd90b0c492,LINE
清畅3T（1.2版本）.cmodel,proj_012045fc,driver_FR_R,c1f5e42d022b4af68c4d2512a2d0d394,ENCR_1,062e6ffed0f642229c8c7a482434f7ec,ENCR,motor_FR_R,a3dc5fbabac44946ae1ec13722c4e21a,ENCR_1,30818cb013924271a49e3cbaac0f7501,ENCR
清畅3T（1.2版本）.cmodel,proj_012045fc,driver_BL_L,7d45a3ed893c45078e77aab960961a64,CAN_1,3d55698b08064156a2c70150d3969ed8,CAN,MainController,8f82f90dda7c451d9b7c2abaf06c5028,CAN_2,cc866bdd6d694f5bbf727a59d3d1a751,CAN
清畅3T（1.2版本）.cmodel,proj_012045fc,driver_BL_L,7d45a3ed893c45078e77aab960961a64,LINE_1,e7f85d8db01542efa0bb777af13021ea,LINE,motor_BL_L,94f580e6f67e425382c74c13048fe1e9,LINE_1,5c4e5ee9c713471cbf8d7f067bf5826d,LINE
清畅3T（1.2版本）.cmodel,proj_012045fc,driver_BL_L,7d45a3ed893c45078e77aab960961a64,ENCR_1,fc75de3e78de411c9a1b53e39fd66e25,ENCR,motor_BL_L,94f580e6f67e425382c74c13048fe1e9,ENCR_1,e2f3171792f048509e3aed00bc0e8880,ENCR
清畅3T（1.2版本）.cmodel,proj_012045fc,driver_BL_R,4e4496040266452aade6f4bfac00198c,CAN_1,cc6954a647db46e0b9842dc4a8725e02,CAN,MainController,8f82f90dda7c451d9b7c2abaf06c5028,CAN_2,cc866bdd6d694f5bbf727a59d3d1a751,CAN
清畅3T（1.2版本）.cmodel,proj_012045fc,driver_BL_R,4e4496040266452aade6f4bfac00198c,LINE_1,088c86fd87834c6782ed40eacc4dee52,LINE,motor_BL_R,364b52e14a07402d9459d1cf11060bdd,LINE_1,e66bb1c808d64cda99ba02fb10fc14df,LINE
清畅3T（1.2版本）.cmodel,proj_012045fc,driver_BL_R,4e4496040266452aade6f4bfac00198c,ENCR_1,68d9f7b8103a4dd7a924e477f6b26fa0,ENCR,motor_BL_R,364b52e14a07402d9459d1cf11060bdd,ENCR_1,edea651307784389891e16ea4d3cbe04,ENCR
清畅3T（1.2版本）.cmodel,proj_012045fc,absEncoder_1,d98a7784690a4b089610c6bdcb4fe058,CAN_1,0f013ab1628a466f87880966cc6aa677,CAN,MainController,8f82f90dda7c451d9b7c2abaf06c5028,CAN_3,9c5524f9370c4a3697997605a6766141,CAN
清畅3T（1.2版本）.cmodel,proj_012045fc,absEncoder_2,af07f4f5f4c94e8686a11e717e26fcb2,CAN_1,4353ce1cdfc84d1dbcea4f51eee7f45e,CAN,MainController,8f82f90dda7c451d9b7c2abaf06c5028,CAN_3,9c5524f9370c4a3697997605a6766141,CAN
清畅3T（1.2版本）.cmodel,proj_012045fc,lamp,c5587e68c1d74dff9bbdafd74ec32c49,DI_1,d2ee22a1495441c4b2ff5156710c96bd,DI,IO module_110,4c27f652135341d3a10a2a651b0d93e5,DO_1,88ccf76d279e426c9fbfb41f81bf7f74,DO
清畅3T（1.2版本）.cmodel,proj_012045fc,lamp,c5587e68c1d74dff9bbdafd74ec32c49,DI_2,65f67098fc57498aa360c62428d10aad,DI,IO module_110,4c27f652135341d3a10a2a651b0d93e5,DO_2,71d2478e66054e1da0af63a9683e3d12,DO
清畅3T（1.2版本）.cmodel,proj_012045fc,lamp,c5587e68c1d74dff9bbdafd74ec32c49,DI_3,8e69374106e940e8a0078a1174fd1949,DI,IO module_110,4c27f652135341d3a10a2a651b0d93e5,DO_3,e9a72c92cb044d1dbbfa007fa8c50279,DO
清畅3T（1.2版本）.cmodel,proj_012045fc,EMC,8de1655e9f254bb6b0d326a7ddde8f5f,DO_1,e4e946d4c08e49fe9b74a606611228f6,DO,IO module_110,4c27f652135341d3a10a2a651b0d93e5,DI_2,9ae4f7a2886644caa01d2a114ff0819d,DI
清畅3T（1.2版本）.cmodel,proj_012045fc,screen,24930c259b4e47388eed12bef937d090,RS485_1,b4b1605a42264f6ea14c59fa6b70b198,RS485,MainController,8f82f90dda7c451d9b7c2abaf06c5028,RS485_2,2e89491465014111b1dfe344449d4c81,RS485
清畅3T（1.2版本）.cmodel,proj_012045fc,MainController,8f82f90dda7c451d9b7c2abaf06c5028,RS485_1,8f1af9646b294ab99a4e89f1d17fc501,RS485,battery,dd594a11e553488daa435f0f5eb3e904,RS485_1,6cd5c4c4464841b1b9a17657315911d1,RS485
清畅3T（1.2版本）.cmodel,proj_012045fc,MainController,8f82f90dda7c451d9b7c2abaf06c5028,CAN_3,9c5524f9370c4a3697997605a6766141,CAN,IO module_110,4c27f652135341d3a10a2a651b0d93e5,CAN_1,19541f8377cf4fbca90f290771e9ebdb,CAN
清畅3T（1.2版本）.cmodel,proj_012045fc,MainController,8f82f90dda7c451d9b7c2abaf06c5028,CAN_3,9c5524f9370c4a3697997605a6766141,CAN,IO module_111,5c14459291d2449db9702f67892d5611,CAN_1,c14b2bb746c1461bbcaa2745d3dd137e,CAN
清畅3T（1.2版本）.cmodel,proj_012045fc,MainController,8f82f90dda7c451d9b7c2abaf06c5028,ETH_1,b399f4e993d04251b12ca6dd31325f51,ETH,MainController,8f82f90dda7c451d9b7c2abaf06c5028,ETH_1,b399f4e993d04251b12ca6dd31325f51,ETH
清畅3T（1.2版本）.cmodel,proj_012045fc,MainController,8f82f90dda7c451d9b7c2abaf06c5028,ETH_1,b399f4e993d04251b12ca6dd31325f51,ETH,MainController,8f82f90dda7c451d9b7c2abaf06c5028,ETH_2,1591f603d44543b99614d241b919073c,ETH
清畅3T（1.2版本）.cmodel,proj_012045fc,MainController,8f82f90dda7c451d9b7c2abaf06c5028,ETH_3,8034cd4857bc407c981afdeeef4c3fb9,ETH,laser,2d5d8f4a03f14d56ba6456f15862102f,ETH_1,0c64fc308d97451ca85df57d441fd0f1,ETH
清畅3T（1.2版本）.cmodel,proj_012045fc,MainController,8f82f90dda7c451d9b7c2abaf06c5028,ETH_3,8034cd4857bc407c981afdeeef4c3fb9,ETH,smart camera,d8fc2927e6a643f08b2c8fdbf83a6b8a,ETH_1,0b902d5f654f4741900d3719e6998c6f,ETH
清畅3T（1.2版本）.cmodel,proj_012045fc,MainController,8f82f90dda7c451d9b7c2abaf06c5028,SPK_1,aa7da938544a4f9f90977fe6ca0a8243,SPK,speaker,0c4a3d481ba64eaead4daffc615009fa,SPK_1,8e1d520cf23940ac881a427227080eb0,SPK
清畅3T（1.2版本）.cmodel,proj_012045fc,RST,6dfca2f36b234c3db3edcf874c86ed6c,DO_1,0769682eab684d81a472aa0958ced10b,DO,IO module_110,4c27f652135341d3a10a2a651b0d93e5,DI_3,340144666eb2400bae37d08c4acedbbf,DI
清畅3T（1.2版本）.cmodel,proj_012045fc,select,cb3743dac2da47128dddea26a1666da2,DO_1,f85a13de40b04d1a9bb64ff138e4b354,DO,IO module_110,4c27f652135341d3a10a2a651b0d93e5,DI_4,c59bcde6d94c4486a5e05358555e7745,DI
清畅3T（1.2版本）.cmodel,proj_012045fc,collision,8dbadc21398b4b5d856fdcc947ab4dae,DO_1,71960c2f46764861a42b8b67d0653abc,DO,IO module_110,4c27f652135341d3a10a2a651b0d93e5,DI_1,0155633e336c4575a7f717341b06b93e,DI
清畅3T（1.2版本）.cmodel,proj_012045fc,charger,97085b83064b45338495283f4824d854,DI_1,4be9ee749e7a46f3b07aa62932a491c2,DI,IO module_110,4c27f652135341d3a10a2a651b0d93e5,DO_4,52ea22f3e6804bfabc99c14cb60b6da1,DO
清畅3T（1.2版本）.cmodel,proj_012045fc,lifter_pump,851628ab190d47ad8483d2812b2d3490,DI_1,b1bfc8f658e248c48d2a3efb6a18a6d7,DI,IO module_110,4c27f652135341d3a10a2a651b0d93e5,DO_5,0c8066cd060148bf94f6d4192cc44745,DO
清畅3T（1.2版本）.cmodel,proj_012045fc,lifter_UP,29ed357a2bd843ac92b9e5c32d88c245,DI_1,675f33325f2c47cab26214a6def544ee,DI,IO module_110,4c27f652135341d3a10a2a651b0d93e5,DO_6,09db6dd478ad4b7d870f96a67c7c6f9a,DO
清畅3T（1.2版本）.cmodel,proj_012045fc,lifter_Down,463a7c597d45497ba6301825510ef750,DI_1,fd8a140508dc468d8a4cdaa03903e4bf,DI,IO module_110,4c27f652135341d3a10a2a651b0d93e5,DO_7,039c671338bf4c5eaa62b8f217041a9d,DO
清畅3T（1.2版本）.cmodel,proj_012045fc,IO module_110,4c27f652135341d3a10a2a651b0d93e5,DI_5,04aaaa0f58a8484fa3b0e1bf886d861e,DI,UP_limit,7011389a448d43078b7bab510d71f4e6,DO_1,5a9906dd3ede476392252965f27a1008,DO
清畅3T（1.2版本）.cmodel,proj_012045fc,IO module_110,4c27f652135341d3a10a2a651b0d93e5,DI_6,cd6055196059409db3cc8d1162d37c9d,DI,Lower_limit,2538812740294b93b5ba93bbed519976,DO_1,83dfda63561e4f6e80dbdcf4b9a46be1,DO
ModelSet39_reconstructed.cmodel,proj_150bb98b,driver-left,82bd967322c54e888ef9aaf9752aded0,CAN_1,98fc774977934e07901ec799b7bffdaa,CAN,MainController,30ce17ed495f40a6b90d85158c1d6f08,CAN_2,2ea0552b5a294d0e9945bec1137530ea,CAN
ModelSet39_reconstructed.cmodel,proj_150bb98b,driver-left,82bd967322c54e888ef9aaf9752aded0,LINE_1,8dd9d94bb87c4b578c653b4edc461c97,LINE,motor-left,13e6b0ff93bc49e2a89a214744cae88b,LINE_1,a04a03ca08d945cb8d01e2af8214e097,LINE
ModelSet39_reconstructed.cmodel,proj_150bb98b,driver-left,82bd967322c54e888ef9aaf9752aded0,ENCR_1,322245d559a54878a3dc6e305d4dfca7,ENCR,motor-left,13e6b0ff93bc49e2a89a214744cae88b,ENCR_1,1a181dc1be834800b49c0873ffe4c7a7,ENCR
ModelSet39_reconstructed.cmodel,proj_150bb98b,driver-right,c42343264c884ff2a0ca3fee8fc81997,CAN_1,1b34489764f14cb29d94b43d7157132a,CAN,MainController,30ce17ed495f40a6b90d85158c1d6f08,CAN_2,2ea0552b5a294d0e9945bec1137530ea,CAN
ModelSet39_reconstructed.cmodel,proj_150bb98b,driver-right,c42343264c884ff2a0ca3fee8fc81997,LINE_1,47c1cac505c9455ca8fb712c095798d0,LINE,motor-right,639dde0162a3442489651066aaf9cdc7,LINE_1,c8e329d1f55c4146952c13724d31dcb0,LINE
ModelSet39_reconstructed.cmodel,proj_150bb98b,driver-right,c42343264c884ff2a0ca3fee8fc81997,ENCR_1,1667de5c5b1e426db53afb3e419fb006,ENCR,motor-right,639dde0162a3442489651066aaf9cdc7,ENCR_1,464a96a51d25407a91f2c961b30d9412,ENCR
ModelSet39_reconstructed.cmodel,proj_150bb98b,driver-lift,baa1c9403ec24ad4924283322ff4af95,CAN_1,ca2f4db3796447d0ab8f0f620095bd77,CAN,MainController,30ce17ed495f40a6b90d85158c1d6f08,CAN_2,2ea0552b5a294d0e9945bec1137530ea,CAN
ModelSet39_reconstructed.cmodel,proj_150bb98b,driver-lift,baa1c9403ec24ad4924283322ff4af95,LINE_1,3b957ea46b27441c80e0112123e2bc36,LINE,motor-lift,2dce6a0eb00c48ad9e16b1ab111a5de1,LINE_1,404c201670604c8c91da332f683e4598,LINE
ModelSet39_reconstructed.cmodel,proj_150bb98b,driver-lift,baa1c9403ec24ad4924283322ff4af95,ENCR_1,71159e54ffe743fda65a868fca9ee1ca,ENCR,motor-lift,2dce6a0eb00c48ad9e16b1ab111a5de1,ENCR_1,6c4b0e925ddb4a2492a766f8dbc44ca0,ENCR
ModelSet39_reconstructed.cmodel,proj_150bb98b,button-emc,82c4bc5d93dd40bfafc57e81773a6173,DO_1,f916b38c40384d2f87e3d112f8b89364,DO,IO module,07719f03c3634193aed300c01012bff3,DI_1,96ae90e3139e49fcbd2e19f46077159f,DI
ModelSet39_reconstructed.cmodel,proj_150bb98b,up_sensor,8e3dc6a323dd4e8bbb77249ebf7d49cd,DO_1,31deea6872314737a9a8e1502d33dff7,DO,IO module,07719f03c3634193aed300c01012bff3,DI_2,3848b724a8b84ca9800a3256b3cc6a88,DI
ModelSet39_reconstructed.cmodel,proj_150bb98b,down_sensor,2417eb55bcaf4d1eab14d9517f3d27ad,DO_1,9ddeb1f7a0d74d42be115b85ff101445,DO,IO module,07719f03c3634193aed300c01012bff3,DI_3,619f6a413586418a8f4f92948449710b,DI
ModelSet39_reconstructed.cmodel,proj_150bb98b,lamp,d2001a74c8b14cc8a6d67c8c4dca15c3,DI_1,f1cb8e9d1b55441fbad461ea95c7addb,DI,IO module,07719f03c3634193aed300c01012bff3,DO_1,749fe2b61a9c412db8b9110c0b1565c8,DO
ModelSet39_reconstructed.cmodel,proj_150bb98b,lamp,d2001a74c8b14cc8a6d67c8c4dca15c3,DI_2,b249fb92ed564a96bd8bc3047cbb29e5,DI,IO module,07719f03c3634193aed300c01012bff3,DO_2,028817e7eb5848069b3b179c16c966c8,DO
ModelSet39_reconstructed.cmodel,proj_150bb98b,lamp,d2001a74c8b14cc8a6d67c8c4dca15c3,DI_3,3ecc311d62ef4d9d86492b837a28d392,DI,IO module,07719f03c3634193aed300c01012bff3,DO_3,e0b750687eed407f8f3a8410186b38de,DO
ModelSet39_reconstructed.cmodel,proj_150bb98b,charger,b55630cb09d44f65ad482e9202714f1b,DI_1,f1196b3c6b4a4f799178668e4c6bc536,DI,IO module,07719f03c3634193aed300c01012bff3,DO_4,567fb65b09a544e4a6064f8861ae6962,DO
ModelSet39_reconstructed.cmodel,proj_150bb98b,MainController,30ce17ed495f40a6b90d85158c1d6f08,CAN_3,1b899f8c4907479490c373180475bda3,CAN,IO module,07719f03c3634193aed300c01012bff3,CAN_1,643edc5a6bcd4ec693ca70c48303c0e6,CAN
ModelSet39_reconstructed.cmodel,proj_150bb98b,MainController,30ce17ed495f40a6b90d85158c1d6f08,ETH_1,1df5209ef25d410a913824a04fbf1c3d,ETH,MainController,30ce17ed495f40a6b90d85158c1d6f08,ETH_1,1df5209ef25d410a913824a04fbf1c3d,ETH
ModelSet39_reconstructed.cmodel,proj_150bb98b,MainController,30ce17ed495f40a6b90d85158c1d6f08,ETH_1,1df5209ef25d410a913824a04fbf1c3d,ETH,MainController,30ce17ed495f40a6b90d85158c1d6f08,ETH_2,5f05424e8d8c4a9a979a821d85e58248,ETH
ModelSet39_reconstructed.cmodel,proj_150bb98b,MainController,30ce17ed495f40a6b90d85158c1d6f08,ETH_1,1df5209ef25d410a913824a04fbf1c3d,ETH,MainController,30ce17ed495f40a6b90d85158c1d6f08,ETH_3,f8174a537b9843dabfd0619be5bd2f11,ETH
ModelSet39_reconstructed.cmodel,proj_150bb98b,MainController,30ce17ed495f40a6b90d85158c1d6f08,ETH_1,1df5209ef25d410a913824a04fbf1c3d,ETH,smart camera,349a2134e3494755a776854914f78c83,ETH_1,86b04af5fa9944819a700cfdcaa8aed9,ETH
ModelSet39_reconstructed.cmodel,proj_150bb98b,MainController,30ce17ed495f40a6b90d85158c1d6f08,ETH_1,1df5209ef25d410a913824a04fbf1c3d,ETH,smart camera0,5cd062a3b2df4938b1c1a06a61645f1f,ETH_1,e79146c5a1054196b4a9e877109a8367,ETH
ModelSet39_reconstructed.cmodel,proj_150bb98b,MainController,30ce17ed495f40a6b90d85158c1d6f08,ETH_1,1df5209ef25d410a913824a04fbf1c3d,ETH,laser-front,820decb04dd74f6480b7b9e6c8a2f7d8,ETH_1,28d197cffaff4f61b438bea3c487856d,ETH
proj_6a41f0b3_packed.cmodel,proj_51e51f61,motor_right,a54fff8109d04fd49caab37e90bb1ec1,ENCR_1,90afbd0725c4471796d55ee7933e1bb9,ENCR,driver_right,336a1c5f11e949fb89a10a3e9a6204f0,ENCR_1,e3d37746448644d99b53bf54c376692b,ENCR
proj_6a41f0b3_packed.cmodel,proj_51e51f61,motor_right,a54fff8109d04fd49caab37e90bb1ec1,LINE_1,d90e38639d3540638a7c19dde0e1254b,LINE,driver_right,336a1c5f11e949fb89a10a3e9a6204f0,LINE_1,0831b16d06ed4ada88466805ca019836,LINE
proj_6a41f0b3_packed.cmodel,proj_51e51f61,motor_left,0a90532b1b1f482989a407e42ca1d23f,ENCR_1,c0aa25b3d45643ba8574776751640e0c,ENCR,driver_left,8ad7ec90c48f4da6915c85e8ce608749,ENCR_1,827cce98979f4c6a911dbeb458dd5a4d,ENCR
proj_6a41f0b3_packed.cmodel,proj_51e51f61,motor_left,0a90532b1b1f482989a407e42ca1d23f,LINE_1,a951cb62c68f4d39b492bd49d67bd6ec,LINE,driver_left,8ad7ec90c48f4da6915c85e8ce608749,LINE_1,9debc11185204cb0a5c09d74477e175d,LINE
proj_6a41f0b3_packed.cmodel,proj_51e51f61,driver_right,336a1c5f11e949fb89a10a3e9a6204f0,CAN_1,6d37d1719cac4889a846ece591ee2f8e,CAN,MainController,394ce43d17e148b78050953b0f6b6b9c,CAN_2,7a62c260c067450086a389d6bdfab69b,CAN
proj_6a41f0b3_packed.cmodel,proj_51e51f61,driver_left,8ad7ec90c48f4da6915c85e8ce608749,CAN_1,e3ca674f4fec4518a1b2b184a541872c,CAN,MainController,394ce43d17e148b78050953b0f6b6b9c,CAN_2,7a62c260c067450086a389d6bdfab69b,CAN
proj_6a41f0b3_packed.cmodel,proj_51e51f61,MainController,394ce43d17e148b78050953b0f6b6b9c,RS485_1,6961512acb9447139acfb58ebb2846fe,RS485,battery,a5263c81db204a249ea2ff8f6da5f340,RS485_1,f9002d47275c4c8d9502a9ead8bf746c,RS485
proj_6a41f0b3_packed.cmodel,proj_51e51f61,MainController,394ce43d17e148b78050953b0f6b6b9c,CAN_2,7a62c260c067450086a389d6bdfab69b,CAN,liftdriver,544e43f387604d3c99f042a2961b45a9,CAN_1,0ae3a7f40b1f4317a5c200528ac2df0b,CAN
proj_6a41f0b3_packed.cmodel,proj_51e51f61,MainController,394ce43d17e148b78050953b0f6b6b9c,CAN_2,7a62c260c067450086a389d6bdfab69b,CAN,spindriver,aec512ec42f246ebbeb1a6ca3bd45b33,CAN_1,c614cdfb9a8d4a748c72ec3ad721ae84,CAN
proj_6a41f0b3_packed.cmodel,proj_51e51f61,MainController,394ce43d17e148b78050953b0f6b6b9c,CAN_3,57fb9f37ee0c4278bd17f85cb2e51475,CAN,IO module,17dd58bbac1a451785707c27b6627977,CAN_1,67cc8d8976fd493081504a1a851d9dd5,CAN
proj_6a41f0b3_packed.cmodel,proj_51e51f61,MainController,394ce43d17e148b78050953b0f6b6b9c,ETH_1,22c259d90cf44ad686af7d71b0b4cdab,ETH,MainController,394ce43d17e148b78050953b0f6b6b9c,ETH_1,22c259d90cf44ad686af7d71b0b4cdab,ETH
proj_6a41f0b3_packed.cmodel,proj_51e51f61,MainController,394ce43d17e148b78050953b0f6b6b9c,ETH_1,22c259d90cf44ad686af7d71b0b4cdab,ETH,MainController,394ce43d17e148b78050953b0f6b6b9c,ETH_2,074adbd205db4a0b803488406045b3a4,ETH
proj_6a41f0b3_packed.cmodel,proj_51e51f61,MainController,394ce43d17e148b78050953b0f6b6b9c,ETH_1,22c259d90cf44ad686af7d71b0b4cdab,ETH,MainController,394ce43d17e148b78050953b0f6b6b9c,ETH_3,cf340166bdca4391b908ab26cb7c04a5,ETH
proj_6a41f0b3_packed.cmodel,proj_51e51f61,MainController,394ce43d17e148b78050953b0f6b6b9c,ETH_1,22c259d90cf44ad686af7d71b0b4cdab,ETH,laser,03a44e079a114bf1958bd8771f39122a,ETH_1,f10220bfe66b4689b318e3e14a5a4031,ETH
proj_6a41f0b3_packed.cmodel,proj_51e51f61,MainController,394ce43d17e148b78050953b0f6b6b9c,ETH_1,22c259d90cf44ad686af7d71b0b4cdab,ETH,laser0,7aeead91473f4270bcd04e42fcdddeba,ETH_1,c8ef4ceb9b3a43b88dd3ae1c28396d77,ETH
proj_6a41f0b3_packed.cmodel,proj_51e51f61,MainController,394ce43d17e148b78050953b0f6b6b9c,ETH_1,22c259d90cf44ad686af7d71b0b4cdab,ETH,screen,853aaea264e94a58a696aa2e29c6280b,ETH_1,91ee998027b24d46a6d3e5a90204ca05,ETH
proj_6a41f0b3_packed.cmodel,proj_51e51f61,MainController,394ce43d17e148b78050953b0f6b6b9c,ETH_1,22c259d90cf44ad686af7d71b0b4cdab,ETH,smart_down_camera,8140753570014070855deb23de203cc2,ETH_1,827841498d2d43638a8628fcb16a6ae2,ETH
proj_6a41f0b3_packed.cmodel,proj_51e51f61,MainController,394ce43d17e148b78050953b0f6b6b9c,ETH_1,22c259d90cf44ad686af7d71b0b4cdab,ETH,smart_up_camera,5fe195d2cb784b09930c632bef9903e8,ETH_1,964c66a8f90046cb9d228c379d9216ae,ETH
proj_6a41f0b3_packed.cmodel,proj_51e51f61,MainController,394ce43d17e148b78050953b0f6b6b9c,SPK_1,cf393b63bc8e45bc972c91e8129d93a3,SPK,speaker,42eda440c850476689e2903926789c9d,SPK_1,925f19cb79774814adc70a53b01f10ac,SPK
proj_6a41f0b3_packed.cmodel,proj_51e51f61,IO module,17dd58bbac1a451785707c27b6627977,DI_1,c92f4bca86d143418d1ada3752a237ae,DI,button_L,4d2d3ec659cd4f158b5d900b8c348499,DO_1,e2b816e241604fe9ac0b18c3a9ea922b,DO
proj_6a41f0b3_packed.cmodel,proj_51e51f61,IO module,17dd58bbac1a451785707c27b6627977,DI_2,d8779a69890d4e23a85979ebaa6eb97c,DI,button,a5dae0000954490cb8953a059f725c19,DO_1,c6a24354fb5f4b5996034afea6ec78c1,DO
proj_6a41f0b3_packed.cmodel,proj_51e51f61,IO module,17dd58bbac1a451785707c27b6627977,DI_3,be7e214adcb14724a8eb2122acbca79f,DI,AMSwitch,dd187c5330d642129739f68ef587951e,DO_1,a76fcd4a2a984d878e7118ebe6f15550,DO
proj_6a41f0b3_packed.cmodel,proj_51e51f61,IO module,17dd58bbac1a451785707c27b6627977,DI_4,59388de266aa4a8a894e257d9d8b79b9,DI,collision_F,9c2c6a18b5ab46b690315043b3b31a88,DO_1,36e4d2fc16a64ccb814df503f7fb0e8c,DO
proj_6a41f0b3_packed.cmodel,proj_51e51f61,IO module,17dd58bbac1a451785707c27b6627977,DI_5,68c4c2c9b1a940b28f13f413eb27707c,DI,up-limit,c4a125c00643475b9e9490ae30922cc7,DO_1,598c8c0beefc4bb390cf851b51282712,DO
proj_6a41f0b3_packed.cmodel,proj_51e51f61,IO module,17dd58bbac1a451785707c27b6627977,DI_6,5c5b1abc149847bda90b5b3fb819c53f,DI,down-limit,76855e100aec4407beceabb2cc2c93e9,DO_1,62e52f00ef4f4a9f8ab102806406b6a9,DO
proj_6a41f0b3_packed.cmodel,proj_51e51f61,IO module,17dd58bbac1a451785707c27b6627977,DI_7,d545eef062f846f8a97b54be8238f617,DI,spin-limit,d0fb4d7f4805434f97170cc5f0de68b5,DO_1,b4137498e96443239858ccce2cb3e985,DO
proj_6a41f0b3_packed.cmodel,proj_51e51f61,IO module,17dd58bbac1a451785707c27b6627977,DO_8,78aa4bf641964650932f4e967ea3b481,DO,lamp,354644473c4a4fe9870e480b3ef26ce7,DI_3,373209ea02d145ea81eac6c157b2bdd3,DI
proj_6a41f0b3_packed.cmodel,proj_51e51f61,IO module,17dd58bbac1a451785707c27b6627977,DO_9,dd2a014f74af4aa0a81c03fff5de577a,DO,lamp,354644473c4a4fe9870e480b3ef26ce7,DI_1,1d375c704a934f8590af72fc46f77966,DI
proj_6a41f0b3_packed.cmodel,proj_51e51f61,IO module,17dd58bbac1a451785707c27b6627977,DO_10,8d1114f691d944668a2b7e197fe38cc9,DO,lamp,354644473c4a4fe9870e480b3ef26ce7,DI_2,a9dc5bdd529e4beeb2a3736136b08274,DI
proj_6a41f0b3_packed.cmodel,proj_51e51f61,liftdriver,544e43f387604d3c99f042a2961b45a9,LINE_1,2adfd1e7f0cc44efaaa5a5a7944a54dd,LINE,motor_lift,4e0d0d5e547c404b91d036038a752036,LINE_1,bba191a572f14a3eb0e5513e63d27f7a,LINE
proj_6a41f0b3_packed.cmodel,proj_51e51f61,liftdriver,544e43f387604d3c99f042a2961b45a9,ENCR_1,b1d6d673e45f4f17896bcb1437873012,ENCR,motor_lift,4e0d0d5e547c404b91d036038a752036,ENCR_1,0f705796c705449b9df06406f0e2d04a,ENCR
proj_6a41f0b3_packed.cmodel,proj_51e51f61,spindriver,aec512ec42f246ebbeb1a6ca3bd45b33,LINE_1,082cb69736564745aa59bece3d206972,LINE,motor_spin,405b47c6f350460b8fc6e512f747c10d,LINE_1,71dc28c974134fe49631daf30ff26e85,LINE
proj_6a41f0b3_packed.cmodel,proj_51e51f61,spindriver,aec512ec42f246ebbeb1a6ca3bd45b33,ENCR_1,c5d71662b53245d6b77b50b3f4c6338a,ENCR,motor_spin,405b47c6f350460b8fc6e512f747c10d,ENCR_1,e3b97b9941c941d0bc565742c08e98eb,ENCR
MQ-Q3-600LE-D(T).cmodel,proj_18261c0f,motor_L,11383b9195ef420e8acb1c0788fa3a2d,ENCR_1,b8b11858aaf448c9a6ebf55be7949022,ENCR,servo_driver_L,321a37412e024df2bb9338afff2bf63a,ENCR_1,507cfd99b3ca449c9a5c281359ab8ebd,ENCR
MQ-Q3-600LE-D(T).cmodel,proj_18261c0f,motor_L,11383b9195ef420e8acb1c0788fa3a2d,LINE_1,c0d3794c947f422bb01afd914a070da1,LINE,servo_driver_L,321a37412e024df2bb9338afff2bf63a,LINE_1,09aa0b6ed4c94ee1945e9a2429d034d1,LINE
MQ-Q3-600LE-D(T).cmodel,proj_18261c0f,motor_R,075ffedd1f704725b84fedbea8ee4606,ENCR_1,eef4f2b7240b45bcb54eeef2eeb1a18f,ENCR,servo_driver_R,7eddff6c350f414da2f98f39e3f62e6a,ENCR_1,47fa9ff3d36745e38c2adb6ee61a6e64,ENCR
MQ-Q3-600LE-D(T).cmodel,proj_18261c0f,motor_R,075ffedd1f704725b84fedbea8ee4606,LINE_1,7f4562b884ed4fdab58a40d03701a343,LINE,servo_driver_R,7eddff6c350f414da2f98f39e3f62e6a,LINE_1,e78879c1511a4c06ab883084bc5423de,LINE
MQ-Q3-600LE-D(T).cmodel,proj_18261c0f,servo_driver_L,321a37412e024df2bb9338afff2bf63a,CAN_1,0e834bd1c4504ed08c344a0a86211881,CAN,MainController,7e0ad562ffd94379856315ea7e4f5aa6,CAN_2,d63c0c4cb4fb40f29d6e784bbc566056,CAN
MQ-Q3-600LE-D(T).cmodel,proj_18261c0f,servo_driver_R,7eddff6c350f414da2f98f39e3f62e6a,CAN_1,9e6b1d3901fe4b15a8ff0273fd2ef6bb,CAN,MainController,7e0ad562ffd94379856315ea7e4f5aa6,CAN_2,d63c0c4cb4fb40f29d6e784bbc566056,CAN
MQ-Q3-600LE-D(T).cmodel,proj_18261c0f,slaveController,1a974e28d37a4743b0e5ea2f80456d43,CAN_1,c30d1195b2c84896b514a4fc2336d838,CAN,MainController,7e0ad562ffd94379856315ea7e4f5aa6,CAN_3,bd19390e19bb4a459e01b8da79fd6ad8,CAN
MQ-Q3-600LE-D(T).cmodel,proj_18261c0f,slaveController,1a974e28d37a4743b0e5ea2f80456d43,PZTB_1,a39700b5dc7a401c90341b72a8936210,PZTB,collision-front,f10ec56a405e4998ab7c2e6ec6170fd8,PZTB_1,f8f6efadcf934e43b364f1c9e6e21407,PZTB
MQ-Q3-600LE-D(T).cmodel,proj_18261c0f,safety_slaveController,2815e78c102e4f74987576ab8ddf2fee,CAN_1,99c229d4d8ef472a96b80ea24b4e4140,CAN,MainController,7e0ad562ffd94379856315ea7e4f5aa6,CAN_3,bd19390e19bb4a459e01b8da79fd6ad8,CAN
MQ-Q3-600LE-D(T).cmodel,proj_18261c0f,safety_slaveController,2815e78c102e4f74987576ab8ddf2fee,DO_1,0368e3f934f0465cba7ab40e1571831d,DO,lamp_start,91957a01ee7d44589e8d06b17ad2db18,DI_1,1b534563328b44aa98a1c62ae3a02279,DI
MQ-Q3-600LE-D(T).cmodel,proj_18261c0f,safety_slaveController,2815e78c102e4f74987576ab8ddf2fee,DO_2,df3596cae2074606871bd7e517b36381,DO,lamp_mode,71692e759923430aaaf2da9bb6759ee5,DI_1,de79663156f14390ad484d2a24a4a446,DI
MQ-Q3-600LE-D(T).cmodel,proj_18261c0f,safety_slaveController,2815e78c102e4f74987576ab8ddf2fee,DO_3,53a858e499b049ec938ac119efe5b7ff,DO,lamp-left,234dfe29f8454cd18924f478099660e6,DI_2,37f674764a1e4159b2f1cffcb58cc5c3,DI
MQ-Q3-600LE-D(T).cmodel,proj_18261c0f,safety_slaveController,2815e78c102e4f74987576ab8ddf2fee,DO_4,f730c9f71f554c5a9d5092523725f609,DO,lamp-left,234dfe29f8454cd18924f478099660e6,DI_1,6e8a91cb6da3463ba4fb46253dd77a4c,DI
MQ-Q3-600LE-D(T).cmodel,proj_18261c0f,safety_slaveController,2815e78c102e4f74987576ab8ddf2fee,DO_5,c7952fbc309646e4bf1b407ee54c665f,DO,lamp-left,234dfe29f8454cd18924f478099660e6,DI_3,d0a0f3e5f8224a2fa16c1da3fda61592,DI
MQ-Q3-600LE-D(T).cmodel,proj_18261c0f,safety_slaveController,2815e78c102e4f74987576ab8ddf2fee,DO_6,fb71a319bcc6424799cc0b07e22d6353,DO,lamp-right,903c90f6ab3f4c058677cff9df25cd8c,DI_2,3ce1539c1a40442a92795c647e21cd7c,DI
MQ-Q3-600LE-D(T).cmodel,proj_18261c0f,safety_slaveController,2815e78c102e4f74987576ab8ddf2fee,DO_7,e0d26efb298e4826b7f5a5b7b21b59a4,DO,lamp-right,903c90f6ab3f4c058677cff9df25cd8c,DI_1,a140b7aa79c44654a141f372bf6dff31,DI
MQ-Q3-600LE-D(T).cmodel,proj_18261c0f,safety_slaveController,2815e78c102e4f74987576ab8ddf2fee,DO_8,fa119e0800214ba9883667d026ff79e4,DO,lamp-right,903c90f6ab3f4c058677cff9df25cd8c,DI_3,90c953c1fe2a4994a0ae238984283c34,DI
MQ-Q3-600LE-D(T).cmodel,proj_18261c0f,safety_slaveController,2815e78c102e4f74987576ab8ddf2fee,DO_9,d4686046034b475c93daa938ddce3352,DO,warninglight,0af970c6ef194a88b30e286adec0701e,DI_1,f78ad35f79d549a79734b57a92f64a2b,DI
MQ-Q3-600LE-D(T).cmodel,proj_18261c0f,safety_slaveController,2815e78c102e4f74987576ab8ddf2fee,DI_11,63d0bebecf1d47d683a88cf180a27a05,DI,button_start,6b8220bddfe243a5919368eb79d4eff2,DO_1,25ed50d0d669479cbcca8f43fea87026,DO
MQ-Q3-600LE-D(T).cmodel,proj_18261c0f,safety_slaveController,2815e78c102e4f74987576ab8ddf2fee,DI_3,c2b68619b8fa41219778610b1f5ba8e4,DI,button_mode,90386430ad1048a988f05f2ce8b80370,DO_1,5d3df76188bd4affb4a87e65a9fa99fd,DO
MQ-Q3-600LE-D(T).cmodel,proj_18261c0f,safety_slaveController,2815e78c102e4f74987576ab8ddf2fee,DI_5,7788b6ce17644dedb10e71b5ca4f1d60,DI,button-emc-front,2d4637ff62424f2d92654cde031e1afd,DO_1,73430fafb3224b20805df962a7155f01,DO
MQ-Q3-600LE-D(T).cmodel,proj_18261c0f,safety_slaveController,2815e78c102e4f74987576ab8ddf2fee,DI_7,c6759b92bd82407ebd119787bc798a05,DI,button-emc-back,2e69d236becd4e029a258feebbb2c0c3,DO_1,30a474a9ee5341ceb8d8314c716c06e6,DO
MQ-Q3-600LE-D(T).cmodel,proj_18261c0f,safety_slaveController,2815e78c102e4f74987576ab8ddf2fee,DI_9,de35d56dad494c9494e0baf1365216aa,DI,button_reset,a6428b87be34494c930b765796cdd9b8,DO_1,77ab8fbdb3f145b4acfb8afb134a7469,DO
MQ-Q3-600LE-D(T).cmodel,proj_18261c0f,safety_slaveController,2815e78c102e4f74987576ab8ddf2fee,PZTB_1,6c35aeade477462caf4a46e87dee4b83,PZTB,collision-back,9dac0ec93d1f4de2b8d74e52917078f0,PZTB_1,06f90b0d72fc48e7904dbec0ecf035ad,PZTB
MQ-Q3-600LE-D(T).cmodel,proj_18261c0f,gyro,5dcb63bb2a28441e8cb6d0ae10dd93ad,CAN_1,a7ecec5917d34ad593aa1003e1504db8,CAN,MainController,7e0ad562ffd94379856315ea7e4f5aa6,CAN_1,a645a6f8fd0845f4ac1cacebd2e59bed,CAN
MQ-Q3-600LE-D(T).cmodel,proj_18261c0f,laser-Back,2189ec4cda254e50bb448307e070a478,ETH_1,0cdfb747cd2b444fa6310bfa18386cec,ETH,MainController,7e0ad562ffd94379856315ea7e4f5aa6,ETH_2,8f5dc9fa9a5e443c93cf9d3d0e80dd55,ETH
MQ-Q3-600LE-D(T).cmodel,proj_18261c0f,laser-Front,19896c078b964dc1bdb986a33033369a,ETH_1,c8bdd97726184c6c81191f8cf4bbc6f3,ETH,MainController,7e0ad562ffd94379856315ea7e4f5aa6,ETH_1,af3bfe970ab54a9780d0f1c925d118a0,ETH
MQ-Q3-600LE-D(T).cmodel,proj_18261c0f,stereo camera,74e561ecde0e4fdc84e5a57b1909b06f,USB_1,96c57dce4927486e97ab8dc40e0ea3b3,USB,MainController,7e0ad562ffd94379856315ea7e4f5aa6,USB_1,b89d447ecd9946249ca0e390bc67bda1,USB
MQ-Q3-600LE-D(T).cmodel,proj_18261c0f,battery,d1268cbb7cb44a34adf1b600e2eaa4d6,RS485_1,f5b5309ccc8f403f92e32a067aa1e3e8,RS485,powerController,971879de01c44185878432f1311187ce,RS485_1,047c0762785b4a888048fdcb12af0b84,RS485
MQ-Q3-600LE-D(T).cmodel,proj_18261c0f,screen,b51aff74017445d9b8249c42e47c22c8,RS485_1,9c9bcfccf42b49009eac4050a12d1da1,RS485,MainController,7e0ad562ffd94379856315ea7e4f5aa6,RS485_1,b09ead081d174b4fadd20bd88a020ce0,RS485
MQ-Q3-600LE-D(T).cmodel,proj_18261c0f,speaker,26e69a07311a422f9cad1c1ce252f273,SPK_1,561a04d1ef574591b24039ddbaeac353,SPK,MainController,7e0ad562ffd94379856315ea7e4f5aa6,SPK_1,bafd218473824ad1be82de773869e000,SPK
MQ-Q3-600LE-D(T).cmodel,proj_18261c0f,powerController,971879de01c44185878432f1311187ce,CAN_1,aba1ab9f074748e79ff0f3d70e812098,CAN,MainController,7e0ad562ffd94379856315ea7e4f5aa6,CAN_1,a645a6f8fd0845f4ac1cacebd2e59bed,CAN
MQ-Q3-600LE-D(T).cmodel,proj_18261c0f,MainController,7e0ad562ffd94379856315ea7e4f5aa6,ETH_1,af3bfe970ab54a9780d0f1c925d118a0,ETH,MainController,7e0ad562ffd94379856315ea7e4f5aa6,ETH_3,98331bbe4b5241f08cd4038089ac2b8c,ETH
MR-HL8-2000LH-C1(M).cmodel,proj_0f905515,driver_FR_L,8d70e374f27c4642bdba24cb33d9e1f0,CAN_1,5df8a66b3f8143f182b8289bb9b0e0c4,CAN,MainController,2c8b90a76596416d8576aa6b02d1bc5c,CAN_2,1050fc3f0e2542c1883e93428759d526,CAN
MR-HL8-2000LH-C1(M).cmodel,proj_0f905515,driver_FR_L,8d70e374f27c4642bdba24cb33d9e1f0,LINE_1,c3f7d536fb554c5e8d2abc68759ec613,LINE,motor_FR_L,958e057a0399409c8d3bbdb42382bf3f,LINE_1,4950ca41b2484cf2b03997f1d8b18274,LINE
MR-HL8-2000LH-C1(M).cmodel,proj_0f905515,driver_FR_R,c1f5e42d022b4af68c4d2512a2d0d394,CAN_1,751aa71b5c134b6d920051db861f0b4c,CAN,MainController,2c8b90a76596416d8576aa6b02d1bc5c,CAN_2,1050fc3f0e2542c1883e93428759d526,CAN
MR-HL8-2000LH-C1(M).cmodel,proj_0f905515,driver_FR_R,c1f5e42d022b4af68c4d2512a2d0d394,LINE_1,d01ff85b642d4a59a194e3bbed3ba222,LINE,motor_FR_R,a3dc5fbabac44946ae1ec13722c4e21a,LINE_1,782d1da331944d5baf7876fd90b0c492,LINE
MR-HL8-2000LH-C1(M).cmodel,proj_0f905515,driver_BL_L,7d45a3ed893c45078e77aab960961a64,CAN_1,3d55698b08064156a2c70150d3969ed8,CAN,MainController,2c8b90a76596416d8576aa6b02d1bc5c,CAN_2,1050fc3f0e2542c1883e93428759d526,CAN
MR-HL8-2000LH-C1(M).cmodel,proj_0f905515,driver_BL_L,7d45a3ed893c45078e77aab960961a64,LINE_1,e7f85d8db01542efa0bb777af13021ea,LINE,motor_BL_L,94f580e6f67e425382c74c13048fe1e9,LINE_1,5c4e5ee9c713471cbf8d7f067bf5826d,LINE
MR-HL8-2000LH-C1(M).cmodel,proj_0f905515,driver_BL_R,4e4496040266452aade6f4bfac00198c,CAN_1,cc6954a647db46e0b9842dc4a8725e02,CAN,MainController,2c8b90a76596416d8576aa6b02d1bc5c,CAN_2,1050fc3f0e2542c1883e93428759d526,CAN
MR-HL8-2000LH-C1(M).cmodel,proj_0f905515,driver_BL_R,4e4496040266452aade6f4bfac00198c,LINE_1,088c86fd87834c6782ed40eacc4dee52,LINE,motor_BL_R,364b52e14a07402d9459d1cf11060bdd,LINE_1,e66bb1c808d64cda99ba02fb10fc14df,LINE
MR-HL8-2000LH-C1(M).cmodel,proj_0f905515,MainController,2c8b90a76596416d8576aa6b02d1bc5c,RS485_1,efe0593cd14844dba094137d236a2d38,RS485,screen,24930c259b4e47388eed12bef937d090,RS485_1,b4b1605a42264f6ea14c59fa6b70b198,RS485
MR-HL8-2000LH-C1(M).cmodel,proj_0f905515,MainController,2c8b90a76596416d8576aa6b02d1bc5c,CAN_1,4774ee5dd43e469984a973b2bd89a2f3,CAN,gyro,357aa48dfdbc475598b5ca27b6b1f420,CAN_1,a3e58e4002e9446db7debcb4944a7314,CAN
MR-HL8-2000LH-C1(M).cmodel,proj_0f905515,MainController,2c8b90a76596416d8576aa6b02d1bc5c,CAN_1,4774ee5dd43e469984a973b2bd89a2f3,CAN,powerController,bfbb3b56f4744559957f4477aa35011e,CAN_1,0cc7a848ebb842fd986b864ebbbe63bc,CAN
MR-HL8-2000LH-C1(M).cmodel,proj_0f905515,MainController,2c8b90a76596416d8576aa6b02d1bc5c,CAN_2,1050fc3f0e2542c1883e93428759d526,CAN,absEncoder_FR,d98a7784690a4b089610c6bdcb4fe058,CAN_1,0f013ab1628a466f87880966cc6aa677,CAN
MR-HL8-2000LH-C1(M).cmodel,proj_0f905515,MainController,2c8b90a76596416d8576aa6b02d1bc5c,CAN_2,1050fc3f0e2542c1883e93428759d526,CAN,absEncoder_BL,af07f4f5f4c94e8686a11e717e26fcb2,CAN_1,4353ce1cdfc84d1dbcea4f51eee7f45e,CAN
MR-HL8-2000LH-C1(M).cmodel,proj_0f905515,MainController,2c8b90a76596416d8576aa6b02d1bc5c,CAN_3,d41bb3e35064488988a2b58045839064,CAN,HYD_driver,6f03c79c0eca402da3288c29b42fb23c,CAN_1,9ad1461a6a0540d3b94f4277eb0009c3,CAN
MR-HL8-2000LH-C1(M).cmodel,proj_0f905515,MainController,2c8b90a76596416d8576aa6b02d1bc5c,CAN_3,d41bb3e35064488988a2b58045839064,CAN,safety_slaveController,2666c7aa12af4d20bbcfea4813dfda45,CAN_1,083bfca6544f409bb68b8efa114e1b90,CAN
MR-HL8-2000LH-C1(M).cmodel,proj_0f905515,MainController,2c8b90a76596416d8576aa6b02d1bc5c,CAN_3,d41bb3e35064488988a2b58045839064,CAN,sensor_Controller,adce2dd6f50b4405871ff716233ac31f,CAN_1,11243b9622e043b3861d8c8b9dbf6b93,CAN
MR-HL8-2000LH-C1(M).cmodel,proj_0f905515,MainController,2c8b90a76596416d8576aa6b02d1bc5c,ETH_1,ca6c29ca42414a75bd38c2948f7bc020,ETH,MainController,2c8b90a76596416d8576aa6b02d1bc5c,ETH_1,ca6c29ca42414a75bd38c2948f7bc020,ETH
MR-HL8-2000LH-C1(M).cmodel,proj_0f905515,MainController,2c8b90a76596416d8576aa6b02d1bc5c,ETH_1,ca6c29ca42414a75bd38c2948f7bc020,ETH,MainController,2c8b90a76596416d8576aa6b02d1bc5c,ETH_2,71c9279a92814acdb87512fbd6fdcf04,ETH
MR-HL8-2000LH-C1(M).cmodel,proj_0f905515,MainController,2c8b90a76596416d8576aa6b02d1bc5c,ETH_1,ca6c29ca42414a75bd38c2948f7bc020,ETH,MainController,2c8b90a76596416d8576aa6b02d1bc5c,ETH_3,8b56c003f5124790a469e197145ccd8b,ETH
MR-HL8-2000LH-C1(M).cmodel,proj_0f905515,MainController,2c8b90a76596416d8576aa6b02d1bc5c,ETH_4,87b2ba0ec3ad452a81478309c549ac6a,ETH,up_smart_camera,f88ff845630845be8ee00fc36c6cf53a,ETH_1,cdc274033b214b2c8a55ea15f10fa1a2,ETH
MR-HL8-2000LH-C1(M).cmodel,proj_0f905515,MainController,2c8b90a76596416d8576aa6b02d1bc5c,ETH_4,87b2ba0ec3ad452a81478309c549ac6a,ETH,laser_VANJEE716Mini,89fb3f2c162c482a8c39f4c863841fc4,ETH_1,7e6c7879cc6e4ef2916dd566329275fb,ETH
MR-HL8-2000LH-C1(M).cmodel,proj_0f905515,MainController,2c8b90a76596416d8576aa6b02d1bc5c,ETH_4,87b2ba0ec3ad452a81478309c549ac6a,ETH,laser_1533,7e2c5f785a474e06827a4eb696570a76,ETH_1,ee7b5377d5064762b9beb3a302475907,ETH
MR-HL8-2000LH-C1(M).cmodel,proj_0f905515,battery,f7cb61157f0b46f2b2243367840c9eb6,RS485_1,a6aec4090a4c4d74ad28515f1bce2e2d,RS485,powerController,bfbb3b56f4744559957f4477aa35011e,RS485_1,d58f9e899205411585ed45de8712faac,RS485
MR-HL8-2000LH-C1(M).cmodel,proj_0f905515,HYD_driver,6f03c79c0eca402da3288c29b42fb23c,AI_1,3b7857c676584c8ca8776e9e42d9141e,AI,HYD_ai_distance_0,07c045172a7e4a74b86666bfe6dce36d,AO_1,1ce40d277e1e4a6fa00f8e94c54d15fd,AO
MR-HL8-2000LH-C1(M).cmodel,proj_0f905515,HYD_driver,6f03c79c0eca402da3288c29b42fb23c,LINE_1,0ed76b15428c4333a5fe0d0f598e9d81,LINE,HYD_motor,d4db289c7f5f41b0b76a1f774b4ab83c,LINE_1,09ab8edb545542c9b74123ca6efe2d5c,LINE
MR-HL8-2000LH-C1(M).cmodel,proj_0f905515,HYD_driver,6f03c79c0eca402da3288c29b42fb23c,PWM_1,be0d91fddf3d4ae998428ebe49fa1711,PWM,HYD_VALVE,5ce5f215a264488a918d8fd0d5444c7d,PWM_1,cd109c2f97b042fd9d12f10c14c3d79c,PWM
MR-HL8-2000LH-C1(M).cmodel,proj_0f905515,safety_slaveController,2666c7aa12af4d20bbcfea4813dfda45,DI_2,73f4cfef4e6343589c27334c81190503,DI,EMC,8de1655e9f254bb6b0d326a7ddde8f5f,DO_1,e4e946d4c08e49fe9b74a606611228f6,DO
MR-HL8-2000LH-C1(M).cmodel,proj_0f905515,safety_slaveController,2666c7aa12af4d20bbcfea4813dfda45,DI_4,67cc6cd61d92489397be53e48a22ae3d,DI,EMC2,4006b48ba95a40d18ba65f247cca3bd9,DO_1,b9cd7a7bb55645dfbf3976cb0bc657ab,DO
MR-HL8-2000LH-C1(M).cmodel,proj_0f905515,safety_slaveController,2666c7aa12af4d20bbcfea4813dfda45,DO_3,a02f22410d3547aab356351ac35cee06,DO,lamp_F,c5587e68c1d74dff9bbdafd74ec32c49,DI_2,65f67098fc57498aa360c62428d10aad,DI
MR-HL8-2000LH-C1(M).cmodel,proj_0f905515,safety_slaveController,2666c7aa12af4d20bbcfea4813dfda45,DO_4,9b81518dee42480a8ed88aa58ce36207,DO,lamp_F,c5587e68c1d74dff9bbdafd74ec32c49,DI_1,d2ee22a1495441c4b2ff5156710c96bd,DI
MR-HL8-2000LH-C1(M).cmodel,proj_0f905515,safety_slaveController,2666c7aa12af4d20bbcfea4813dfda45,DO_5,6925675b96fd4a23b4694498ca722cea,DO,lamp_F,c5587e68c1d74dff9bbdafd74ec32c49,DI_3,8e69374106e940e8a0078a1174fd1949,DI
MR-HL8-2000LH-C1(M).cmodel,proj_0f905515,safety_slaveController,2666c7aa12af4d20bbcfea4813dfda45,PZTB_1,306e1732fff1434da4e949d01f47ad78,PZTB,PZTB_F,14a73f1d74df497785191c8e7a6b4b69,PZTB_1,9f86395df1594a259dca9f15fdb949b4,PZTB
MR-HL8-2000LH-C1(M).cmodel,proj_0f905515,safety_slaveController,2666c7aa12af4d20bbcfea4813dfda45,PZTB_2,1980e87f78bb41d69f86604a6d3d499c,PZTB,PZTB_F2,cd8e051e2f84445aaa3a8f871b5187e3,PZTB_1,4c397bd414d349b7a4f4ce9bbfe6d32b,PZTB
MR-HL8-2000LH-C1(M).cmodel,proj_0f905515,sensor_Controller,adce2dd6f50b4405871ff716233ac31f,DO_1,d85b9e6ee3514e2ab5032db5edf191de,DO,lamp_B,9acc0f2db54341d49896a7cd69c740fe,DI_2,1d9b253edb344b298833591d2312747f,DI
MR-HL8-2000LH-C1(M).cmodel,proj_0f905515,sensor_Controller,adce2dd6f50b4405871ff716233ac31f,DO_2,c7ac993020c54a33859afe52df7e38dc,DO,lamp_B,9acc0f2db54341d49896a7cd69c740fe,DI_1,ebffa082ce6f40b09c2e32e4b80a38ac,DI
MR-HL8-2000LH-C1(M).cmodel,proj_0f905515,sensor_Controller,adce2dd6f50b4405871ff716233ac31f,DO_3,e7dbee790c2140858b1cd0c6a32e9964,DO,lamp_B,9acc0f2db54341d49896a7cd69c740fe,DI_3,d0106f1706c9497db163f3a9bf48bb59,DI
MR-HL8-2000LH-C1(M).cmodel,proj_0f905515,sensor_Controller,adce2dd6f50b4405871ff716233ac31f,PZTB_1,5d22e5a0802b435e85267b9cecfe9d82,PZTB,PZTB_B,c3a695c13a7244848ad26c20b34e790c,PZTB_1,356db1d47735479bad8f71c8370826cf,PZTB
MR-HL8-2000LH-C1(M).cmodel,proj_0f905515,sensor_Controller,adce2dd6f50b4405871ff716233ac31f,PZTB_2,2f934108bd9048d396fdd30475956197,PZTB,PZTB_B2,8b6c45e0f8e74abdaa641b9774328f57,PZTB_1,a6cbf76758a84d87aa848d55d810f540,PZTB
MR-HL8-2000LH-C1(M).cmodel,proj_0f905515,sensor_Controller,adce2dd6f50b4405871ff716233ac31f,PWM_1,5afa7ed919d24822aa2cf225c5886abc,PWM,charger,0db1a7a2a9ab40af80955ae229eca9b3,PWM_1,4c7ea08b98af44beb97187fe00f48299,PWM
同毅立式舵轮_对角双舵轮车.cmodel,proj_4be39ac9,servo_driver_FL_RUN,f8d774e1932f4bbeb692ffcaa386d2ec,CAN_1,6855a145992b4493a55181daa68e6ede,CAN,MainController,c7c981a04cfd4e9abeea8a439e7b3429,CAN_2,712c8873639f4910a525383cc3671786,CAN
同毅立式舵轮_对角双舵轮车.cmodel,proj_4be39ac9,servo_driver_FL_RUN,f8d774e1932f4bbeb692ffcaa386d2ec,LINE_1,b3f36449bfb746f3968dc96a5a3685e9,LINE,motor_FL_RUN,50ecf5f7ab064cd38834101891e161e3,LINE_1,4c8818d75b944c1b99632521ff307d16,LINE
同毅立式舵轮_对角双舵轮车.cmodel,proj_4be39ac9,servo_driver_FL_RUN,f8d774e1932f4bbeb692ffcaa386d2ec,ENCR_1,7ba893199e42422c82e48c63e8753146,ENCR,motor_FL_RUN,50ecf5f7ab064cd38834101891e161e3,ENCR_1,ff7ac4e76b9347e0819fd9e790e76b24,ENCR
同毅立式舵轮_对角双舵轮车.cmodel,proj_4be39ac9,servo_driver_BR_RUN,e94f0eccaa3140e29dfc02d8c247360f,CAN_1,62ece87ae65d4df6868c3ad12e7c4b2a,CAN,MainController,c7c981a04cfd4e9abeea8a439e7b3429,CAN_2,712c8873639f4910a525383cc3671786,CAN
同毅立式舵轮_对角双舵轮车.cmodel,proj_4be39ac9,servo_driver_BR_RUN,e94f0eccaa3140e29dfc02d8c247360f,LINE_1,696e44b3961d437189798725b56b143b,LINE,motor_BR_RUN,5cd82433a78349ad9c4d99a1009af8d0,LINE_1,abd6da18d3264a90a5043da541411f3b,LINE
同毅立式舵轮_对角双舵轮车.cmodel,proj_4be39ac9,servo_driver_BR_RUN,e94f0eccaa3140e29dfc02d8c247360f,ENCR_1,4df8ee85f7884aa0958acffd0113d048,ENCR,motor_BR_RUN,5cd82433a78349ad9c4d99a1009af8d0,ENCR_1,9b4feddfe19940bf8d68f9b31c4b7aa5,ENCR
同毅立式舵轮_对角双舵轮车.cmodel,proj_4be39ac9,servo_driver_FL_Rotate,61bc6f7baf1143498c566d169e87ab90,CAN_1,f65572b717ec4393b0472a9666cb1728,CAN,MainController,c7c981a04cfd4e9abeea8a439e7b3429,CAN_2,712c8873639f4910a525383cc3671786,CAN
同毅立式舵轮_对角双舵轮车.cmodel,proj_4be39ac9,servo_driver_FL_Rotate,61bc6f7baf1143498c566d169e87ab90,LINE_1,4e8b7eb93d2e4ba28076c0d845ea82c8,LINE,motor_FL_Rotate,be2a5da1284c419682c12406066da82f,LINE_1,067bfe6c01284460ac1f8e7c9d89eb8e,LINE
同毅立式舵轮_对角双舵轮车.cmodel,proj_4be39ac9,servo_driver_FL_Rotate,61bc6f7baf1143498c566d169e87ab90,ENCR_1,e97c90c977964ea7ac798717711dc6d5,ENCR,motor_FL_Rotate,be2a5da1284c419682c12406066da82f,ENCR_1,1e4d97480d3340028b76bd94ee3b0267,ENCR
同毅立式舵轮_对角双舵轮车.cmodel,proj_4be39ac9,servo_driver_BR_Rotate,d28804b851ca436a8cf9c9ad43b1c5c5,CAN_1,4757c372ad90486984ee68ea94d02a2c,CAN,MainController,c7c981a04cfd4e9abeea8a439e7b3429,CAN_2,712c8873639f4910a525383cc3671786,CAN
同毅立式舵轮_对角双舵轮车.cmodel,proj_4be39ac9,servo_driver_BR_Rotate,d28804b851ca436a8cf9c9ad43b1c5c5,LINE_1,0c9f0567269f474caf778dcd3dda38ab,LINE,motor_BR_Rotate,670c8001920146648d0fe107812a7fcc,LINE_1,11f8cef008694b49b9c668e2d09a1cf8,LINE
同毅立式舵轮_对角双舵轮车.cmodel,proj_4be39ac9,servo_driver_BR_Rotate,d28804b851ca436a8cf9c9ad43b1c5c5,ENCR_1,3f0c9edc38fb4e778abe6201f5c90312,ENCR,motor_BR_Rotate,670c8001920146648d0fe107812a7fcc,ENCR_1,8c85a5aaad5648db97ec0ceca0757d09,ENCR
同毅立式舵轮_对角双舵轮车.cmodel,proj_4be39ac9,IO module,d52db9938f554b1b9a4d67b33dbca7d0,CAN_1,5dcefaa2288d43c882fb12eef25d837c,CAN,MainController,c7c981a04cfd4e9abeea8a439e7b3429,CAN_3,28acb8c714454353a43d3d1f0d2b6483,CAN
同毅立式舵轮_对角双舵轮车.cmodel,proj_4be39ac9,IO module,d52db9938f554b1b9a4d67b33dbca7d0,DI_8,e2b4007c5818440084d44679d282b49e,DI,button,1fa550cf254349f99133f100ee2179ab,DO_1,dadbdea3cd4a478d9046d74c50e6f0e5,DO
同毅立式舵轮_对角双舵轮车.cmodel,proj_4be39ac9,screen,9ce57119919240e6bcb468e06a7c9782,RS485_1,715c4ee5dc2845fe8b97abae86cbf411,RS485,MainController,c7c981a04cfd4e9abeea8a439e7b3429,RS485_1,4943e8641cbd4082b95be6ea92119c87,RS485
同毅立式舵轮_对角双舵轮车.cmodel,proj_4be39ac9,battery,7dc931107efb4f43af8a2666c3cf0914,RS485_1,5e8d8a5ff4ce4e349c0d3d1df1566ec7,RS485,MainController,c7c981a04cfd4e9abeea8a439e7b3429,RS485_2,c276ad63d51344e29b6d3891e5d7efa0,RS485
同毅立式舵轮_对角双舵轮车.cmodel,proj_4be39ac9,laser,1da29d909cc44d5fb6a0f4c8cc4bfd5b,ETH_1,5f2ef857709e4be1afed02aee0395ab2,ETH,MainController,c7c981a04cfd4e9abeea8a439e7b3429,ETH_1,c4c37a8924414480afa917e6a9db9f32,ETH
同毅立式舵轮_对角双舵轮车.cmodel,proj_4be39ac9,MainController,c7c981a04cfd4e9abeea8a439e7b3429,ETH_1,c4c37a8924414480afa917e6a9db9f32,ETH,MainController,c7c981a04cfd4e9abeea8a439e7b3429,ETH_2,33f6ee2d37f94a329447923cab5cfecf,ETH
同毅立式舵轮_对角双舵轮车.cmodel,proj_4be39ac9,MainController,c7c981a04cfd4e9abeea8a439e7b3429,ETH_1,c4c37a8924414480afa917e6a9db9f32,ETH,MainController,c7c981a04cfd4e9abeea8a439e7b3429,ETH_3,a580c01ba8f14b0281a08cb827165e3e,ETH
MQ-Q3-600LE-D(T)-ACTUATOR.cmodel,proj_41510032,motor_L,11383b9195ef420e8acb1c0788fa3a2d,ENCR_1,b8b11858aaf448c9a6ebf55be7949022,ENCR,servo_driver_L,321a37412e024df2bb9338afff2bf63a,ENCR_1,507cfd99b3ca449c9a5c281359ab8ebd,ENCR
MQ-Q3-600LE-D(T)-ACTUATOR.cmodel,proj_41510032,motor_L,11383b9195ef420e8acb1c0788fa3a2d,LINE_1,c0d3794c947f422bb01afd914a070da1,LINE,servo_driver_L,321a37412e024df2bb9338afff2bf63a,LINE_1,09aa0b6ed4c94ee1945e9a2429d034d1,LINE
MQ-Q3-600LE-D(T)-ACTUATOR.cmodel,proj_41510032,motor_R,075ffedd1f704725b84fedbea8ee4606,ENCR_1,eef4f2b7240b45bcb54eeef2eeb1a18f,ENCR,servo_driver_R,7eddff6c350f414da2f98f39e3f62e6a,ENCR_1,47fa9ff3d36745e38c2adb6ee61a6e64,ENCR
MQ-Q3-600LE-D(T)-ACTUATOR.cmodel,proj_41510032,motor_R,075ffedd1f704725b84fedbea8ee4606,LINE_1,7f4562b884ed4fdab58a40d03701a343,LINE,servo_driver_R,7eddff6c350f414da2f98f39e3f62e6a,LINE_1,e78879c1511a4c06ab883084bc5423de,LINE
MQ-Q3-600LE-D(T)-ACTUATOR.cmodel,proj_41510032,servo_driver_L,321a37412e024df2bb9338afff2bf63a,CAN_1,0e834bd1c4504ed08c344a0a86211881,CAN,MainController,e5515de7015e42769c57ad2700298dfb,CAN_2,b448c871044549e89210afd1224b9fbc,CAN
MQ-Q3-600LE-D(T)-ACTUATOR.cmodel,proj_41510032,servo_driver_R,7eddff6c350f414da2f98f39e3f62e6a,CAN_1,9e6b1d3901fe4b15a8ff0273fd2ef6bb,CAN,MainController,e5515de7015e42769c57ad2700298dfb,CAN_2,b448c871044549e89210afd1224b9fbc,CAN
MQ-Q3-600LE-D(T)-ACTUATOR.cmodel,proj_41510032,slaveController,1a974e28d37a4743b0e5ea2f80456d43,CAN_1,c30d1195b2c84896b514a4fc2336d838,CAN,MainController,e5515de7015e42769c57ad2700298dfb,CAN_3,82bd01ab452d4c9a9d2f70b69ccaef1e,CAN
MQ-Q3-600LE-D(T)-ACTUATOR.cmodel,proj_41510032,slaveController,1a974e28d37a4743b0e5ea2f80456d43,PZTB_1,a39700b5dc7a401c90341b72a8936210,PZTB,collision-front,f10ec56a405e4998ab7c2e6ec6170fd8,PZTB_1,f8f6efadcf934e43b364f1c9e6e21407,PZTB
MQ-Q3-600LE-D(T)-ACTUATOR.cmodel,proj_41510032,safety_slaveController,2815e78c102e4f74987576ab8ddf2fee,CAN_1,99c229d4d8ef472a96b80ea24b4e4140,CAN,MainController,e5515de7015e42769c57ad2700298dfb,CAN_3,82bd01ab452d4c9a9d2f70b69ccaef1e,CAN
MQ-Q3-600LE-D(T)-ACTUATOR.cmodel,proj_41510032,safety_slaveController,2815e78c102e4f74987576ab8ddf2fee,DO_1,0368e3f934f0465cba7ab40e1571831d,DO,lamp_start,91957a01ee7d44589e8d06b17ad2db18,DI_1,1b534563328b44aa98a1c62ae3a02279,DI
MQ-Q3-600LE-D(T)-ACTUATOR.cmodel,proj_41510032,safety_slaveController,2815e78c102e4f74987576ab8ddf2fee,DO_2,df3596cae2074606871bd7e517b36381,DO,lamp_mode,71692e759923430aaaf2da9bb6759ee5,DI_1,de79663156f14390ad484d2a24a4a446,DI
MQ-Q3-600LE-D(T)-ACTUATOR.cmodel,proj_41510032,safety_slaveController,2815e78c102e4f74987576ab8ddf2fee,DO_3,53a858e499b049ec938ac119efe5b7ff,DO,lamp-left,234dfe29f8454cd18924f478099660e6,DI_2,37f674764a1e4159b2f1cffcb58cc5c3,DI
MQ-Q3-600LE-D(T)-ACTUATOR.cmodel,proj_41510032,safety_slaveController,2815e78c102e4f74987576ab8ddf2fee,DO_4,f730c9f71f554c5a9d5092523725f609,DO,lamp-left,234dfe29f8454cd18924f478099660e6,DI_1,6e8a91cb6da3463ba4fb46253dd77a4c,DI
MQ-Q3-600LE-D(T)-ACTUATOR.cmodel,proj_41510032,safety_slaveController,2815e78c102e4f74987576ab8ddf2fee,DO_5,c7952fbc309646e4bf1b407ee54c665f,DO,lamp-left,234dfe29f8454cd18924f478099660e6,DI_3,d0a0f3e5f8224a2fa16c1da3fda61592,DI
MQ-Q3-600LE-D(T)-ACTUATOR.cmodel,proj_41510032,safety_slaveController,2815e78c102e4f74987576ab8ddf2fee,DO_6,fb71a319bcc6424799cc0b07e22d6353,DO,lamp-right,903c90f6ab3f4c058677cff9df25cd8c,DI_2,3ce1539c1a40442a92795c647e21cd7c,DI
MQ-Q3-600LE-D(T)-ACTUATOR.cmodel,proj_41510032,safety_slaveController,2815e78c102e4f74987576ab8ddf2fee,DO_7,e0d26efb298e4826b7f5a5b7b21b59a4,DO,lamp-right,903c90f6ab3f4c058677cff9df25cd8c,DI_1,a140b7aa79c44654a141f372bf6dff31,DI
MQ-Q3-600LE-D(T)-ACTUATOR.cmodel,proj_41510032,safety_slaveController,2815e78c102e4f74987576ab8ddf2fee,DO_8,fa119e0800214ba9883667d026ff79e4,DO,lamp-right,903c90f6ab3f4c058677cff9df25cd8c,DI_3,90c953c1fe2a4994a0ae238984283c34,DI
MQ-Q3-600LE-D(T)-ACTUATOR.cmodel,proj_41510032,safety_slaveController,2815e78c102e4f74987576ab8ddf2fee,DO_9,d4686046034b475c93daa938ddce3352,DO,warninglight,0af970c6ef194a88b30e286adec0701e,DI_1,f78ad35f79d549a79734b57a92f64a2b,DI
MQ-Q3-600LE-D(T)-ACTUATOR.cmodel,proj_41510032,safety_slaveController,2815e78c102e4f74987576ab8ddf2fee,DI_11,63d0bebecf1d47d683a88cf180a27a05,DI,button_start,6b8220bddfe243a5919368eb79d4eff2,DO_1,25ed50d0d669479cbcca8f43fea87026,DO
MQ-Q3-600LE-D(T)-ACTUATOR.cmodel,proj_41510032,safety_slaveController,2815e78c102e4f74987576ab8ddf2fee,DI_3,c2b68619b8fa41219778610b1f5ba8e4,DI,button_mode,90386430ad1048a988f05f2ce8b80370,DO_1,5d3df76188bd4affb4a87e65a9fa99fd,DO
MQ-Q3-600LE-D(T)-ACTUATOR.cmodel,proj_41510032,safety_slaveController,2815e78c102e4f74987576ab8ddf2fee,DI_5,7788b6ce17644dedb10e71b5ca4f1d60,DI,button-emc-front,2d4637ff62424f2d92654cde031e1afd,DO_1,73430fafb3224b20805df962a7155f01,DO
MQ-Q3-600LE-D(T)-ACTUATOR.cmodel,proj_41510032,safety_slaveController,2815e78c102e4f74987576ab8ddf2fee,DI_7,c6759b92bd82407ebd119787bc798a05,DI,button-emc-back,2e69d236becd4e029a258feebbb2c0c3,DO_1,30a474a9ee5341ceb8d8314c716c06e6,DO
MQ-Q3-600LE-D(T)-ACTUATOR.cmodel,proj_41510032,safety_slaveController,2815e78c102e4f74987576ab8ddf2fee,DI_9,de35d56dad494c9494e0baf1365216aa,DI,button_reset,a6428b87be34494c930b765796cdd9b8,DO_1,77ab8fbdb3f145b4acfb8afb134a7469,DO
MQ-Q3-600LE-D(T)-ACTUATOR.cmodel,proj_41510032,safety_slaveController,2815e78c102e4f74987576ab8ddf2fee,PZTB_1,6c35aeade477462caf4a46e87dee4b83,PZTB,collision-back,9dac0ec93d1f4de2b8d74e52917078f0,PZTB_1,06f90b0d72fc48e7904dbec0ecf035ad,PZTB
MQ-Q3-600LE-D(T)-ACTUATOR.cmodel,proj_41510032,laser-Back,2189ec4cda254e50bb448307e070a478,ETH_1,0cdfb747cd2b444fa6310bfa18386cec,ETH,MainController,e5515de7015e42769c57ad2700298dfb,ETH_3,238982bd5a654c5cb1828bdea929f92e,ETH
MQ-Q3-600LE-D(T)-ACTUATOR.cmodel,proj_41510032,laser-Front,19896c078b964dc1bdb986a33033369a,ETH_1,c8bdd97726184c6c81191f8cf4bbc6f3,ETH,MainController,e5515de7015e42769c57ad2700298dfb,ETH_3,238982bd5a654c5cb1828bdea929f92e,ETH
MQ-Q3-600LE-D(T)-ACTUATOR.cmodel,proj_41510032,stereo camera,74e561ecde0e4fdc84e5a57b1909b06f,USB_1,96c57dce4927486e97ab8dc40e0ea3b3,USB,MainController,e5515de7015e42769c57ad2700298dfb,USB_1,6606ce9afc214b29bfdde46c6c4d293d,USB
MQ-Q3-600LE-D(T)-ACTUATOR.cmodel,proj_41510032,battery,d1268cbb7cb44a34adf1b600e2eaa4d6,RS485_1,f5b5309ccc8f403f92e32a067aa1e3e8,RS485,powerController,971879de01c44185878432f1311187ce,RS485_1,047c0762785b4a888048fdcb12af0b84,RS485
MQ-Q3-600LE-D(T)-ACTUATOR.cmodel,proj_41510032,screen,b51aff74017445d9b8249c42e47c22c8,RS485_1,9c9bcfccf42b49009eac4050a12d1da1,RS485,MainController,e5515de7015e42769c57ad2700298dfb,RS485_1,8e2b042d49a343ec9544c17721eb9891,RS485
MQ-Q3-600LE-D(T)-ACTUATOR.cmodel,proj_41510032,speaker,26e69a07311a422f9cad1c1ce252f273,SPK_1,561a04d1ef574591b24039ddbaeac353,SPK,MainController,e5515de7015e42769c57ad2700298dfb,SPK_1,d5c1162d843c4f84be870d46d9632fe7,SPK
MQ-Q3-600LE-D(T)-ACTUATOR.cmodel,proj_41510032,powerController,971879de01c44185878432f1311187ce,CAN_1,aba1ab9f074748e79ff0f3d70e812098,CAN,MainController,e5515de7015e42769c57ad2700298dfb,CAN_1,9b90094d1b874ab68f290c2ba688515c,CAN
MQ-Q3-600LE-D(T)-ACTUATOR.cmodel,proj_41510032,driver_lift,9b819cf0a8d64d509959ffe4d7aa498f,CAN_1,921d153919104385a2adf2e51049f5f2,CAN,MainController,e5515de7015e42769c57ad2700298dfb,CAN_2,b448c871044549e89210afd1224b9fbc,CAN
MQ-Q3-600LE-D(T)-ACTUATOR.cmodel,proj_41510032,driver_lift,9b819cf0a8d64d509959ffe4d7aa498f,DO_1,01e531f3494b401db04890b162754896,DO,motor_lift,c3a784e950ac4a8993c1c60cb85b874a,DI_1,03c23dc97f1a4ec197718589645d1dce,DI
MQ-Q3-600LE-D(T)-ACTUATOR.cmodel,proj_41510032,driver_lift,9b819cf0a8d64d509959ffe4d7aa498f,DI_6,df0079eedb2d439ab3f2e035e7e493d9,DI,proximitySensor_lift,e026c9ba9bb047faba8677f4d9df6fa1,DO_1,e4201c5facc543ff8e4d69021797fd39,DO
MQ-Q3-600LE-D(T)-ACTUATOR.cmodel,proj_41510032,driver_lift,9b819cf0a8d64d509959ffe4d7aa498f,LINE_1,02f4d68d82a441c185bb89a04f50fe71,LINE,motor_lift,c3a784e950ac4a8993c1c60cb85b874a,LINE_1,f174adc279d046c987268afd003ebfd3,LINE
MQ-Q3-600LE-D(T)-ACTUATOR.cmodel,proj_41510032,driver_lift,9b819cf0a8d64d509959ffe4d7aa498f,ENCR_1,f5669a2f80cb417294b850521117feef,ENCR,motor_lift,c3a784e950ac4a8993c1c60cb85b874a,ENCR_1,4a0c5b29b1ef4366ae43116ef8d0805d,ENCR
MQ-Q3-600LE-D(T)-ACTUATOR.cmodel,proj_41510032,driver_rotate,63530b44418546a09178e543390f0796,CAN_1,9647d962f8d048839b763487c0f4b26a,CAN,MainController,e5515de7015e42769c57ad2700298dfb,CAN_2,b448c871044549e89210afd1224b9fbc,CAN
MQ-Q3-600LE-D(T)-ACTUATOR.cmodel,proj_41510032,driver_rotate,63530b44418546a09178e543390f0796,DI_5,fa7b63330464450ba53bdf1b893528b5,DI,proximitySensor_rotate,ce9aff286706474d9eb6275f482372df,DO_1,0852dc08c5ca48f7814d897a71b43161,DO
MQ-Q3-600LE-D(T)-ACTUATOR.cmodel,proj_41510032,driver_rotate,63530b44418546a09178e543390f0796,LINE_1,6c12809c201846b392ab1d1ed12cf03e,LINE,motor_rotate,357078ecd0a04bf6a9c28a3a0ab1bc4f,LINE_1,e83c740e481e4d0188a9c5981acc4249,LINE
MQ-Q3-600LE-D(T)-ACTUATOR.cmodel,proj_41510032,driver_rotate,63530b44418546a09178e543390f0796,ENCR_1,0fff2a8c15254efd85345b0e26da59a9,ENCR,motor_rotate,357078ecd0a04bf6a9c28a3a0ab1bc4f,ENCR_1,1728f5bd49bf4182a30f7859e9223b0e,ENCR
MQ-Q3-600LE-D(T)-ACTUATOR.cmodel,proj_41510032,MainController,e5515de7015e42769c57ad2700298dfb,ETH_1,117d2c1992eb44b8bd6950c5f32d0aae,ETH,MainController,e5515de7015e42769c57ad2700298dfb,ETH_1,117d2c1992eb44b8bd6950c5f32d0aae,ETH
MQ-Q3-600LE-D(T)-ACTUATOR.cmodel,proj_41510032,MainController,e5515de7015e42769c57ad2700298dfb,ETH_1,117d2c1992eb44b8bd6950c5f32d0aae,ETH,MainController,e5515de7015e42769c57ad2700298dfb,ETH_2,de6e83a8718449fe969de4c35e1c67b4,ETH
四舵轮.cmodel,proj_c5150b22,servo_driver_FL_RUN,f8d774e1932f4bbeb692ffcaa386d2ec,CAN_1,6855a145992b4493a55181daa68e6ede,CAN,MainController,e33ff5ac43444ba7987e49469576122e,CAN_2,f0a4f8e584f94848a9086bcdc930e18a,CAN
四舵轮.cmodel,proj_c5150b22,servo_driver_FL_RUN,f8d774e1932f4bbeb692ffcaa386d2ec,LINE_1,b3f36449bfb746f3968dc96a5a3685e9,LINE,motor_FL_RUN,50ecf5f7ab064cd38834101891e161e3,LINE_1,4c8818d75b944c1b99632521ff307d16,LINE
四舵轮.cmodel,proj_c5150b22,servo_driver_FL_RUN,f8d774e1932f4bbeb692ffcaa386d2ec,ENCR_1,7ba893199e42422c82e48c63e8753146,ENCR,motor_FL_RUN,50ecf5f7ab064cd38834101891e161e3,ENCR_1,ff7ac4e76b9347e0819fd9e790e76b24,ENCR
四舵轮.cmodel,proj_c5150b22,servo_driver_BR_RUN,e94f0eccaa3140e29dfc02d8c247360f,CAN_1,62ece87ae65d4df6868c3ad12e7c4b2a,CAN,MainController,e33ff5ac43444ba7987e49469576122e,CAN_2,f0a4f8e584f94848a9086bcdc930e18a,CAN
四舵轮.cmodel,proj_c5150b22,servo_driver_BR_RUN,e94f0eccaa3140e29dfc02d8c247360f,LINE_1,696e44b3961d437189798725b56b143b,LINE,motor_BR_RUN,5cd82433a78349ad9c4d99a1009af8d0,LINE_1,abd6da18d3264a90a5043da541411f3b,LINE
四舵轮.cmodel,proj_c5150b22,servo_driver_BR_RUN,e94f0eccaa3140e29dfc02d8c247360f,ENCR_1,4df8ee85f7884aa0958acffd0113d048,ENCR,motor_BR_RUN,5cd82433a78349ad9c4d99a1009af8d0,ENCR_1,9b4feddfe19940bf8d68f9b31c4b7aa5,ENCR
四舵轮.cmodel,proj_c5150b22,servo_driver_FL_Rotate,61bc6f7baf1143498c566d169e87ab90,CAN_1,f65572b717ec4393b0472a9666cb1728,CAN,MainController,e33ff5ac43444ba7987e49469576122e,CAN_2,f0a4f8e584f94848a9086bcdc930e18a,CAN
四舵轮.cmodel,proj_c5150b22,servo_driver_FL_Rotate,61bc6f7baf1143498c566d169e87ab90,LINE_1,4e8b7eb93d2e4ba28076c0d845ea82c8,LINE,motor_FL_Rotate,be2a5da1284c419682c12406066da82f,LINE_1,067bfe6c01284460ac1f8e7c9d89eb8e,LINE
四舵轮.cmodel,proj_c5150b22,servo_driver_FL_Rotate,61bc6f7baf1143498c566d169e87ab90,ENCR_1,e97c90c977964ea7ac798717711dc6d5,ENCR,motor_FL_Rotate,be2a5da1284c419682c12406066da82f,ENCR_1,1e4d97480d3340028b76bd94ee3b0267,ENCR
四舵轮.cmodel,proj_c5150b22,servo_driver_BR_Rotate,d28804b851ca436a8cf9c9ad43b1c5c5,CAN_1,4757c372ad90486984ee68ea94d02a2c,CAN,MainController,e33ff5ac43444ba7987e49469576122e,CAN_2,f0a4f8e584f94848a9086bcdc930e18a,CAN
四舵轮.cmodel,proj_c5150b22,servo_driver_BR_Rotate,d28804b851ca436a8cf9c9ad43b1c5c5,LINE_1,0c9f0567269f474caf778dcd3dda38ab,LINE,motor_BR_Rotate,670c8001920146648d0fe107812a7fcc,LINE_1,11f8cef008694b49b9c668e2d09a1cf8,LINE
四舵轮.cmodel,proj_c5150b22,servo_driver_BR_Rotate,d28804b851ca436a8cf9c9ad43b1c5c5,ENCR_1,3f0c9edc38fb4e778abe6201f5c90312,ENCR,motor_BR_Rotate,670c8001920146648d0fe107812a7fcc,ENCR_1,8c85a5aaad5648db97ec0ceca0757d09,ENCR
四舵轮.cmodel,proj_c5150b22,IO module,d52db9938f554b1b9a4d67b33dbca7d0,CAN_1,5dcefaa2288d43c882fb12eef25d837c,CAN,MainController,e33ff5ac43444ba7987e49469576122e,CAN_3,6359a9b95c2d412bbb9f53891ed7c357,CAN
四舵轮.cmodel,proj_c5150b22,IO module,d52db9938f554b1b9a4d67b33dbca7d0,DI_1,b259c8ab924a4535a5b0533853bdb4a1,DI,button_Mode,e710846fe8e34472b9f3c832acd3b6dc,DO_1,c7e9ae0be5f24220976e737b04444878,DO
四舵轮.cmodel,proj_c5150b22,IO module,d52db9938f554b1b9a4d67b33dbca7d0,DI_2,e87c18af503c4381819d8baa220957b6,DI,proximitySensor,84125f5345124058b94c55b52ed797c3,DO_1,a40c877a835b452fa6c6c0786747d4fe,DO
四舵轮.cmodel,proj_c5150b22,IO module,d52db9938f554b1b9a4d67b33dbca7d0,DI_3,19a8a6befa764723b87977329489877b,DI,proximitySensor_0,bcf61f12996a479a9ed29d92b562d74a,DO_1,09f1e6220b124f798099f38c89b1c766,DO
四舵轮.cmodel,proj_c5150b22,button,1fa550cf254349f99133f100ee2179ab,DO_1,dadbdea3cd4a478d9046d74c50e6f0e5,DO,IO module 4in4out,628aa884f21c4b238a8e3e118ffde1d6,DI_1,644a6619c3de47ccb0d3faf8125ea998,DI
四舵轮.cmodel,proj_c5150b22,screen,9ce57119919240e6bcb468e06a7c9782,RS485_1,715c4ee5dc2845fe8b97abae86cbf411,RS485,MainController,e33ff5ac43444ba7987e49469576122e,RS485_1,dc56bb6d0dc44efba15273c418f89350,RS485
四舵轮.cmodel,proj_c5150b22,battery,7dc931107efb4f43af8a2666c3cf0914,RS485_1,5e8d8a5ff4ce4e349c0d3d1df1566ec7,RS485,powerController,5733242461aa462486156210255ebe82,RS485_1,ae684fe6cca443c48ea90ed669484f64,RS485
四舵轮.cmodel,proj_c5150b22,laser,1da29d909cc44d5fb6a0f4c8cc4bfd5b,ETH_0,94b353e0f2c7493a9af30bceb722700a,ETH,MainController,e33ff5ac43444ba7987e49469576122e,ETH_3,17ac106ea16449458ecc71327d15116e,ETH
四舵轮.cmodel,proj_c5150b22,servo_driver_FR_RUN,031c1cdda05b46fdacaad721b51d91ca,CAN_1,f60d22583b0a4e0caeeb1bcbcaf0ddbe,CAN,MainController,e33ff5ac43444ba7987e49469576122e,CAN_2,f0a4f8e584f94848a9086bcdc930e18a,CAN
四舵轮.cmodel,proj_c5150b22,servo_driver_FR_RUN,031c1cdda05b46fdacaad721b51d91ca,LINE_1,2525f76316ff43c6bd1991b1422649f9,LINE,motor_FR_RUN,fad9f0f189204754824122afc06ba817,LINE_1,e5e82de20e184753b6c5060ac6b8e4cb,LINE
四舵轮.cmodel,proj_c5150b22,servo_driver_FR_RUN,031c1cdda05b46fdacaad721b51d91ca,ENCR_1,50838d0cb3af4863ab37eb86f9e24e15,ENCR,motor_FR_RUN,fad9f0f189204754824122afc06ba817,ENCR_1,f074366c909a4e4b9ecfafddbd231225,ENCR
四舵轮.cmodel,proj_c5150b22,servo_driver_BL_RUN,f47b89551c954ad79e8a8f1fb4a8efcf,CAN_1,e13a7dfa25274d0fa76132e19a277648,CAN,MainController,e33ff5ac43444ba7987e49469576122e,CAN_2,f0a4f8e584f94848a9086bcdc930e18a,CAN
四舵轮.cmodel,proj_c5150b22,servo_driver_BL_RUN,f47b89551c954ad79e8a8f1fb4a8efcf,LINE_1,0e4f69031ae148c392c24f63fb95e175,LINE,motor_BL_RUN,287d3da29d4842af915d4f12b5390e27,LINE_1,e4886f6783574654a3084e6e515ecf72,LINE
四舵轮.cmodel,proj_c5150b22,servo_driver_BL_RUN,f47b89551c954ad79e8a8f1fb4a8efcf,ENCR_1,a7094b90649947d9ad87280462d82c52,ENCR,motor_BL_RUN,287d3da29d4842af915d4f12b5390e27,ENCR_1,1a39066f27dd407a8ade4ff2bb383df7,ENCR
四舵轮.cmodel,proj_c5150b22,servo_driver_FR_Rotate,05d217049c374a5bae61a6ef00325ae4,CAN_1,9834bc98e1344e108f4b0fa36689b9ab,CAN,MainController,e33ff5ac43444ba7987e49469576122e,CAN_2,f0a4f8e584f94848a9086bcdc930e18a,CAN
四舵轮.cmodel,proj_c5150b22,servo_driver_FR_Rotate,05d217049c374a5bae61a6ef00325ae4,LINE_1,d0f726dbbdf64b2a97e1e723b9e13bcf,LINE,motor_FR_Rotate,ef8e464d0ba447b79ceec8590be4fd81,LINE_1,80c97a8837d4466c83f0b94aed800d33,LINE
四舵轮.cmodel,proj_c5150b22,servo_driver_FR_Rotate,05d217049c374a5bae61a6ef00325ae4,ENCR_1,326a9acece884d81be91cbcaea3b2687,ENCR,motor_FR_Rotate,ef8e464d0ba447b79ceec8590be4fd81,ENCR_1,e97ab3d21f9447ddb900098807ebecea,ENCR
四舵轮.cmodel,proj_c5150b22,servo_driver_FR_Rotate,05d217049c374a5bae61a6ef00325ae4,DI_2,5b0d421114424030b2bbf4de5d4ba92e,DI,wheel_FR_limit_left,4dd23317d41648aaaaa2bfc270ff4a5d,DO_1,8dc0f610ec8d45fe9d2120bdd6b1d79e,DO
四舵轮.cmodel,proj_c5150b22,servo_driver_FR_Rotate,05d217049c374a5bae61a6ef00325ae4,DI_4,4d85335c48764bbfaca28dba6513a90a,DI,wheel_FR_limit_right,5a9f4b07697a40dbab876af2e546cfc9,DO_1,084dab4ec78045adaa0d874a0e68383f,DO
四舵轮.cmodel,proj_c5150b22,servo_driver_BL_Rotate,0fd06181435f4bb2af9c46fcc2a1bea7,CAN_1,5237a68677ca46a1a3c4497802995602,CAN,MainController,e33ff5ac43444ba7987e49469576122e,CAN_2,f0a4f8e584f94848a9086bcdc930e18a,CAN
四舵轮.cmodel,proj_c5150b22,servo_driver_BL_Rotate,0fd06181435f4bb2af9c46fcc2a1bea7,LINE_1,6fe4f531759d45a9b7ae31acfb1c93cb,LINE,motor_BL_Rotate,549c44c7cd7849eeadb4a670b1c0d00e,LINE_1,9779264cceb7446091f63d082f0f78d5,LINE
四舵轮.cmodel,proj_c5150b22,servo_driver_BL_Rotate,0fd06181435f4bb2af9c46fcc2a1bea7,ENCR_1,eaf76f3c8f4b489ab2b52e326f845198,ENCR,motor_BL_Rotate,549c44c7cd7849eeadb4a670b1c0d00e,ENCR_1,1d120e0e369940b0a35e66c1ffd5b455,ENCR
四舵轮.cmodel,proj_c5150b22,servo_driver_BL_Rotate,0fd06181435f4bb2af9c46fcc2a1bea7,DI_2,b64067492df8442f9ad9665608e1e45f,DI,wheel_BL_limit_left,5bdeae567ebc4a88992a1eafdb1ebfa2,DO_1,0875007e6b194b9a83d2b3dd815893e6,DO
四舵轮.cmodel,proj_c5150b22,servo_driver_BL_Rotate,0fd06181435f4bb2af9c46fcc2a1bea7,DI_4,6a0ca544ae394416905a7055c1de6181,DI,wheel_BL_limit_right,9d0765219450441b9b3d6a2b717ce2ab,DO_1,26d06c7863414f008a7a5005a52367f8,DO
四舵轮.cmodel,proj_c5150b22,IO module 4in4out,628aa884f21c4b238a8e3e118ffde1d6,CAN_1,745cf8ab48364727901497abd1f9a0ab,CAN,MainController,e33ff5ac43444ba7987e49469576122e,CAN_3,6359a9b95c2d412bbb9f53891ed7c357,CAN
四舵轮.cmodel,proj_c5150b22,IO module 4in4out,628aa884f21c4b238a8e3e118ffde1d6,DI_2,3442ccc15f02496aa523df40fa5b8a4e,DI,proximitySensor0,58e04fa901bd4b9f90cbfd96965c7287,DO_1,17e5beba89fc493285b865101e7e4d76,DO
四舵轮.cmodel,proj_c5150b22,MainController,e33ff5ac43444ba7987e49469576122e,CAN_1,27a8a909f9d74984bbb22e3fb2b08807,CAN,powerController,5733242461aa462486156210255ebe82,CAN_1,c694766a06cb459e8a3b1092fe42ceab,CAN
四舵轮.cmodel,proj_c5150b22,MainController,e33ff5ac43444ba7987e49469576122e,CAN_3,6359a9b95c2d412bbb9f53891ed7c357,CAN,absEncoder,2dff3ddc6c574e46a1cc87ef7664320a,CAN_1,2c1f7b4ec04d40faa3edbdc029220bf0,CAN
四舵轮.cmodel,proj_c5150b22,MainController,e33ff5ac43444ba7987e49469576122e,ETH_1,995afbba640542bbb8b9e5c1fb4effb1,ETH,MainController,e33ff5ac43444ba7987e49469576122e,ETH_1,995afbba640542bbb8b9e5c1fb4effb1,ETH
四舵轮.cmodel,proj_c5150b22,MainController,e33ff5ac43444ba7987e49469576122e,ETH_1,995afbba640542bbb8b9e5c1fb4effb1,ETH,MainController,e33ff5ac43444ba7987e49469576122e,ETH_2,b79b281871ba45bdb681fa7324abf0fc,ETH
